[SYS] 2026/10/02 - 14:43:06 | initializing token encoders 
[SYS] 2026/10/02 - 14:43:06 | token encoders initialized 
[SYS] 2026/10/02 - 14:43:06 | using MySQL as database 

2026/10/02 14:43:08 [32mgithub.com/QuantumNous/new-api/model/main.go:815 [33mSLOW SQL >= 200ms
[0m[31;1m[230.808ms] [33m[rows:41][35m SELECT TABLE_NAME, TABLE_COLLATION FROM information_schema.TABLES WHERE TABLE_SCHEMA = DATABASE() AND TABLE_TYPE = 'BASE TABLE'[0m

2026/10/02 14:43:08 [32mgithub.com/QuantumNous/new-api/model/main.go:270 [33mSLOW SQL >= 200ms
[0m[31;1m[373.915ms] [33m[rows:-][35m SELECT DATABASE()[0m

2026/10/02 14:43:09 [32mgithub.com/QuantumNous/new-api/model/main.go:270 [33mSLOW SQL >= 200ms
[0m[31;1m[650.098ms] [33m[rows:1][35m SELECT SCHEMA_NAME from Information_schema.SCHEMATA where SCHEMA_NAME LIKE 'aiapi_hudongdian%' ORDER BY SCHEMA_NAME='aiapi_hudongdian' DESC,SCHEMA_NAME limit 1[0m

2026/10/02 14:43:10 [32mgithub.com/QuantumNous/new-api/model/main.go:270 [33mSLOW SQL >= 200ms
[0m[31;1m[1269.494ms] [33m[rows:-][35m SELECT count(*) FROM information_schema.tables WHERE table_schema = ? AND table_name = ? AND table_type = ?[0m

2026/10/02 14:43:11 [32mgithub.com/QuantumNous/new-api/model/main.go:273 [33mSLOW SQL >= 200ms
[0m[31;1m[604.351ms] [33m[rows:-][35m SELECT DATABASE()[0m

2026/10/02 14:43:12 [32mgithub.com/QuantumNous/new-api/model/main.go:273 [33mSLOW SQL >= 200ms
[0m[31;1m[1200.565ms] [33m[rows:-][35m SELECT * FROM `users` LIMIT 1[0m

2026/10/02 14:43:13 [32mgithub.com/QuantumNous/new-api/model/main.go:273 [33mSLOW SQL >= 200ms
[0m[31;1m[1373.483ms] [33m[rows:-][35m SELECT column_name, column_default, is_nullable = 'YES', data_type, character_maximum_length, column_type, column_key, extra, column_comment, numeric_precision, numeric_scale , datetime_precision FROM information_schema.columns WHERE table_schema = ? AND table_name = ? ORDER BY ORDINAL_POSITION[0m
[SYS] 2026/10/02 - 14:43:13 | database migration started 

2026/10/02 14:43:15 [32mgithub.com/QuantumNous/new-api/model/main.go:646 [33mSLOW SQL >= 200ms
[0m[31;1m[284.476ms] [33m[rows:1][35m SELECT SCHEMA_NAME from Information_schema.SCHEMATA where SCHEMA_NAME LIKE 'aiapi_hudongdian%' ORDER BY SCHEMA_NAME='aiapi_hudongdian' DESC,SCHEMA_NAME limit 1[0m

2026/10/02 14:43:16 [32mgithub.com/QuantumNous/new-api/model/main.go:347 [33mSLOW SQL >= 200ms
[0m[31;1m[266.920ms] [33m[rows:-][35m SELECT count(*) FROM information_schema.tables WHERE table_schema = ? AND table_name = ? AND table_type = ?[0m

2026/10/02 14:43:16 [32mgithub.com/QuantumNous/new-api/model/main.go:347 [33mSLOW SQL >= 200ms
[0m[31;1m[425.486ms] [33m[rows:-][35m SELECT * FROM `channels` LIMIT 1[0m

2026/10/02 14:43:17 [32mgithub.com/QuantumNous/new-api/model/main.go:347 [33mSLOW SQL >= 200ms
[0m[31;1m[400.082ms] [33m[rows:-][35m SELECT count(*) FROM information_schema.statistics WHERE table_schema = ? AND table_name = ? AND index_name = ?[0m

2026/10/02 14:43:18 [32mgithub.com/QuantumNous/new-api/model/main.go:347 [33mSLOW SQL >= 200ms
[0m[31;1m[349.577ms] [33m[rows:-][35m SELECT count(*) FROM information_schema.tables WHERE table_schema = ? AND table_name = ? AND table_type = ?[0m

2026/10/02 14:43:18 [32mgithub.com/QuantumNous/new-api/model/main.go:347 [33mSLOW SQL >= 200ms
[0m[31;1m[337.543ms] [33m[rows:-][35m SELECT * FROM `tokens` LIMIT 1[0m

2026/10/02 14:43:19 [32mgithub.com/QuantumNous/new-api/model/main.go:347 [33mSLOW SQL >= 200ms
[0m[31;1m[329.091ms] [33m[rows:-][35m SELECT column_name, column_default, is_nullable = 'YES', data_type, character_maximum_length, column_type, column_key, extra, column_comment, numeric_precision, numeric_scale , datetime_precision FROM information_schema.columns WHERE table_schema = ? AND table_name = ? ORDER BY ORDINAL_POSITION[0m

2026/10/02 14:43:19 [32mgithub.com/QuantumNous/new-api/model/main.go:347 [33mSLOW SQL >= 200ms
[0m[31;1m[331.808ms] [33m[rows:-][35m SELECT DATABASE()[0m

2026/10/02 14:43:20 [32mgithub.com/QuantumNous/new-api/model/main.go:347 [33mSLOW SQL >= 200ms
[0m[31;1m[727.109ms] [33m[rows:1][35m SELECT SCHEMA_NAME from Information_schema.SCHEMATA where SCHEMA_NAME LIKE 'aiapi_hudongdian%' ORDER BY SCHEMA_NAME='aiapi_hudongdian' DESC,SCHEMA_NAME limit 1[0m

2026/10/02 14:43:20 [32mgithub.com/QuantumNous/new-api/model/main.go:347 [33mSLOW SQL >= 200ms
[0m[31;1m[426.639ms] [33m[rows:-][35m SELECT count(*) FROM information_schema.statistics WHERE table_schema = ? AND table_name = ? AND index_name = ?[0m

2026/10/02 14:43:21 [32mgithub.com/QuantumNous/new-api/model/main.go:347 [33mSLOW SQL >= 200ms
[0m[31;1m[527.854ms] [33m[rows:-][35m SELECT DATABASE()[0m

2026/10/02 14:43:22 [32mgithub.com/QuantumNous/new-api/model/main.go:347 [33mSLOW SQL >= 200ms
[0m[31;1m[468.290ms] [33m[rows:-][35m SELECT count(*) FROM information_schema.statistics WHERE table_schema = ? AND table_name = ? AND index_name = ?[0m

2026/10/02 14:43:23 [32mgithub.com/QuantumNous/new-api/model/main.go:347 [33mSLOW SQL >= 200ms
[0m[31;1m[559.189ms] [33m[rows:-][35m SELECT * FROM `users` LIMIT 1[0m

2026/10/02 14:43:23 [32mgithub.com/QuantumNous/new-api/model/main.go:347 [33mSLOW SQL >= 200ms
[0m[31;1m[205.388ms] [33m[rows:-][35m SELECT column_name, column_default, is_nullable = 'YES', data_type, character_maximum_length, column_type, column_key, extra, column_comment, numeric_precision, numeric_scale , datetime_precision FROM information_schema.columns WHERE table_schema = ? AND table_name = ? ORDER BY ORDINAL_POSITION[0m

2026/10/02 14:43:23 [32mgithub.com/QuantumNous/new-api/model/main.go:347 [33mSLOW SQL >= 200ms
[0m[31;1m[412.569ms] [33m[rows:-][35m SELECT DATABASE()[0m

2026/10/02 14:43:24 [32mgithub.com/QuantumNous/new-api/model/main.go:347 [33mSLOW SQL >= 200ms
[0m[31;1m[418.416ms] [33m[rows:-][35m SELECT count(*) FROM information_schema.statistics WHERE table_schema = ? AND table_name = ? AND index_name = ?[0m

2026/10/02 14:43:25 [32mgithub.com/QuantumNous/new-api/model/main.go:347 [33mSLOW SQL >= 200ms
[0m[31;1m[356.114ms] [33m[rows:-][35m SELECT DATABASE()[0m

2026/10/02 14:43:25 [32mgithub.com/QuantumNous/new-api/model/main.go:347 [33mSLOW SQL >= 200ms
[0m[31;1m[296.893ms] [33m[rows:1][35m SELECT SCHEMA_NAME from Information_schema.SCHEMATA where SCHEMA_NAME LIKE 'aiapi_hudongdian%' ORDER BY SCHEMA_NAME='aiapi_hudongdian' DESC,SCHEMA_NAME limit 1[0m

2026/10/02 14:43:26 [32mgithub.com/QuantumNous/new-api/model/main.go:347 [33mSLOW SQL >= 200ms
[0m[31;1m[381.946ms] [33m[rows:-][35m SELECT DATABASE()[0m

2026/10/02 14:43:27 [32mgithub.com/QuantumNous/new-api/model/main.go:347 [33mSLOW SQL >= 200ms
[0m[31;1m[300.899ms] [33m[rows:-][35m SELECT count(*) FROM information_schema.statistics WHERE table_schema = ? AND table_name = ? AND index_name = ?[0m

2026/10/02 14:43:27 [32mgithub.com/QuantumNous/new-api/model/main.go:347 [33mSLOW SQL >= 200ms
[0m[31;1m[403.105ms] [33m[rows:-][35m SELECT DATABASE()[0m

2026/10/02 14:43:28 [32mgithub.com/QuantumNous/new-api/model/main.go:347 [33mSLOW SQL >= 200ms
[0m[31;1m[707.248ms] [33m[rows:1][35m SELECT SCHEMA_NAME from Information_schema.SCHEMATA where SCHEMA_NAME LIKE 'aiapi_hudongdian%' ORDER BY SCHEMA_NAME='aiapi_hudongdian' DESC,SCHEMA_NAME limit 1[0m

2026/10/02 14:43:28 [32mgithub.com/QuantumNous/new-api/model/main.go:347 [33mSLOW SQL >= 200ms
[0m[31;1m[436.941ms] [33m[rows:-][35m SELECT count(*) FROM information_schema.statistics WHERE table_schema = ? AND table_name = ? AND index_name = ?[0m

2026/10/02 14:43:29 [32mgithub.com/QuantumNous/new-api/model/main.go:347 [33mSLOW SQL >= 200ms
[0m[31;1m[508.281ms] [33m[rows:-][35m SELECT DATABASE()[0m

2026/10/02 14:43:29 [32mgithub.com/QuantumNous/new-api/model/main.go:347 [33mSLOW SQL >= 200ms
[0m[31;1m[400.787ms] [33m[rows:1][35m SELECT SCHEMA_NAME from Information_schema.SCHEMATA where SCHEMA_NAME LIKE 'aiapi_hudongdian%' ORDER BY SCHEMA_NAME='aiapi_hudongdian' DESC,SCHEMA_NAME limit 1[0m

2026/10/02 14:43:30 [32mgithub.com/QuantumNous/new-api/model/main.go:347 [33mSLOW SQL >= 200ms
[0m[31;1m[536.866ms] [33m[rows:-][35m SELECT DATABASE()[0m

2026/10/02 14:43:30 [32mgithub.com/QuantumNous/new-api/model/main.go:347 [33mSLOW SQL >= 200ms
[0m[31;1m[269.543ms] [33m[rows:-][35m SELECT count(*) FROM information_schema.statistics WHERE table_schema = ? AND table_name = ? AND index_name = ?[0m

2026/10/02 14:43:31 [32mgithub.com/QuantumNous/new-api/model/main.go:347 [33mSLOW SQL >= 200ms
[0m[31;1m[377.569ms] [33m[rows:1][35m SELECT SCHEMA_NAME from Information_schema.SCHEMATA where SCHEMA_NAME LIKE 'aiapi_hudongdian%' ORDER BY SCHEMA_NAME='aiapi_hudongdian' DESC,SCHEMA_NAME limit 1[0m

2026/10/02 14:43:31 [32mgithub.com/QuantumNous/new-api/model/main.go:347 [33mSLOW SQL >= 200ms
[0m[31;1m[219.337ms] [33m[rows:-][35m SELECT count(*) FROM information_schema.statistics WHERE table_schema = ? AND table_name = ? AND index_name = ?[0m

2026/10/02 14:43:32 [32mgithub.com/QuantumNous/new-api/model/main.go:347 [33mSLOW SQL >= 200ms
[0m[31;1m[606.408ms] [33m[rows:-][35m SELECT count(*) FROM information_schema.statistics WHERE table_schema = ? AND table_name = ? AND index_name = ?[0m

2026/10/02 14:43:32 [32mgithub.com/QuantumNous/new-api/model/main.go:347 [33mSLOW SQL >= 200ms
[0m[31;1m[453.500ms] [33m[rows:-][35m SELECT DATABASE()[0m

2026/10/02 14:43:33 [32mgithub.com/QuantumNous/new-api/model/main.go:347 [33mSLOW SQL >= 200ms
[0m[31;1m[511.502ms] [33m[rows:1][35m SELECT SCHEMA_NAME from Information_schema.SCHEMATA where SCHEMA_NAME LIKE 'aiapi_hudongdian%' ORDER BY SCHEMA_NAME='aiapi_hudongdian' DESC,SCHEMA_NAME limit 1[0m

2026/10/02 14:43:34 [32mgithub.com/QuantumNous/new-api/model/main.go:347 [33mSLOW SQL >= 200ms
[0m[31;1m[578.254ms] [33m[rows:-][35m SELECT DATABASE()[0m

2026/10/02 14:43:34 [32mgithub.com/QuantumNous/new-api/model/main.go:347 [33mSLOW SQL >= 200ms
[0m[31;1m[415.205ms] [33m[rows:-][35m SELECT * FROM `user_sessions` LIMIT 1[0m

2026/10/02 14:43:35 [32mgithub.com/QuantumNous/new-api/model/main.go:347 [33mSLOW SQL >= 200ms
[0m[31;1m[213.840ms] [33m[rows:-][35m SELECT DATABASE()[0m

2026/10/02 14:43:35 [32mgithub.com/QuantumNous/new-api/model/main.go:347 [33mSLOW SQL >= 200ms
[0m[31;1m[358.540ms] [33m[rows:1][35m SELECT SCHEMA_NAME from Information_schema.SCHEMATA where SCHEMA_NAME LIKE 'aiapi_hudongdian%' ORDER BY SCHEMA_NAME='aiapi_hudongdian' DESC,SCHEMA_NAME limit 1[0m

2026/10/02 14:43:35 [32mgithub.com/QuantumNous/new-api/model/main.go:347 [33mSLOW SQL >= 200ms
[0m[31;1m[341.830ms] [33m[rows:-][35m SELECT DATABASE()[0m

2026/10/02 14:43:36 [32mgithub.com/QuantumNous/new-api/model/main.go:347 [33mSLOW SQL >= 200ms
[0m[31;1m[417.114ms] [33m[rows:1][35m SELECT SCHEMA_NAME from Information_schema.SCHEMATA where SCHEMA_NAME LIKE 'aiapi_hudongdian%' ORDER BY SCHEMA_NAME='aiapi_hudongdian' DESC,SCHEMA_NAME limit 1[0m

2026/10/02 14:43:37 [32mgithub.com/QuantumNous/new-api/model/main.go:347 [33mSLOW SQL >= 200ms
[0m[31;1m[754.119ms] [33m[rows:-][35m SELECT DATABASE()[0m

2026/10/02 14:43:37 [32mgithub.com/QuantumNous/new-api/model/main.go:347 [33mSLOW SQL >= 200ms
[0m[31;1m[285.490ms] [33m[rows:1][35m SELECT SCHEMA_NAME from Information_schema.SCHEMATA where SCHEMA_NAME LIKE 'aiapi_hudongdian%' ORDER BY SCHEMA_NAME='aiapi_hudongdian' DESC,SCHEMA_NAME limit 1[0m

2026/10/02 14:43:38 [32mgithub.com/QuantumNous/new-api/model/main.go:347 [33mSLOW SQL >= 200ms
[0m[31;1m[201.406ms] [33m[rows:1][35m SELECT SCHEMA_NAME from Information_schema.SCHEMATA where SCHEMA_NAME LIKE 'aiapi_hudongdian%' ORDER BY SCHEMA_NAME='aiapi_hudongdian' DESC,SCHEMA_NAME limit 1[0m

2026/10/02 14:43:38 [32mgithub.com/QuantumNous/new-api/model/main.go:347 [33mSLOW SQL >= 200ms
[0m[31;1m[329.055ms] [33m[rows:-][35m SELECT count(*) FROM information_schema.tables WHERE table_schema = ? AND table_name = ? AND table_type = ?[0m

2026/10/02 14:43:38 [32mgithub.com/QuantumNous/new-api/model/main.go:347 [33mSLOW SQL >= 200ms
[0m[31;1m[366.995ms] [33m[rows:1][35m SELECT SCHEMA_NAME from Information_schema.SCHEMATA where SCHEMA_NAME LIKE 'aiapi_hudongdian%' ORDER BY SCHEMA_NAME='aiapi_hudongdian' DESC,SCHEMA_NAME limit 1[0m

2026/10/02 14:43:39 [32mgithub.com/QuantumNous/new-api/model/main.go:347 [33mSLOW SQL >= 200ms
[0m[31;1m[341.493ms] [33m[rows:-][35m SELECT DATABASE()[0m

2026/10/02 14:43:40 [32mgithub.com/QuantumNous/new-api/model/main.go:347 [33mSLOW SQL >= 200ms
[0m[31;1m[580.942ms] [33m[rows:1][35m SELECT SCHEMA_NAME from Information_schema.SCHEMATA where SCHEMA_NAME LIKE 'aiapi_hudongdian%' ORDER BY SCHEMA_NAME='aiapi_hudongdian' DESC,SCHEMA_NAME limit 1[0m

2026/10/02 14:43:40 [32mgithub.com/QuantumNous/new-api/model/main.go:347 [33mSLOW SQL >= 200ms
[0m[31;1m[345.664ms] [33m[rows:-][35m SELECT count(*) FROM information_schema.statistics WHERE table_schema = ? AND table_name = ? AND index_name = ?[0m

2026/10/02 14:43:42 [32mgithub.com/QuantumNous/new-api/model/main.go:347 [33mSLOW SQL >= 200ms
[0m[31;1m[224.353ms] [33m[rows:1][35m SELECT SCHEMA_NAME from Information_schema.SCHEMATA where SCHEMA_NAME LIKE 'aiapi_hudongdian%' ORDER BY SCHEMA_NAME='aiapi_hudongdian' DESC,SCHEMA_NAME limit 1[0m

2026/10/02 14:43:42 [32mgithub.com/QuantumNous/new-api/model/main.go:347 [33mSLOW SQL >= 200ms
[0m[31;1m[249.154ms] [33m[rows:-][35m SELECT count(*) FROM information_schema.tables WHERE table_schema = ? AND table_name = ? AND table_type = ?[0m

2026/10/02 14:43:42 [32mgithub.com/QuantumNous/new-api/model/main.go:347 [33mSLOW SQL >= 200ms
[0m[31;1m[221.322ms] [33m[rows:1][35m SELECT SCHEMA_NAME from Information_schema.SCHEMATA where SCHEMA_NAME LIKE 'aiapi_hudongdian%' ORDER BY SCHEMA_NAME='aiapi_hudongdian' DESC,SCHEMA_NAME limit 1[0m

2026/10/02 14:43:43 [32mgithub.com/QuantumNous/new-api/model/main.go:347 [33mSLOW SQL >= 200ms
[0m[31;1m[435.856ms] [33m[rows:-][35m SELECT * FROM `external_identity_claims` LIMIT 1[0m

2026/10/02 14:43:43 [32mgithub.com/QuantumNous/new-api/model/main.go:347 [33mSLOW SQL >= 200ms
[0m[31;1m[310.025ms] [33m[rows:-][35m SELECT column_name, column_default, is_nullable = 'YES', data_type, character_maximum_length, column_type, column_key, extra, column_comment, numeric_precision, numeric_scale , datetime_precision FROM information_schema.columns WHERE table_schema = ? AND table_name = ? ORDER BY ORDINAL_POSITION[0m

2026/10/02 14:43:43 [32mgithub.com/QuantumNous/new-api/model/main.go:347 [33mSLOW SQL >= 200ms
[0m[31;1m[215.106ms] [33m[rows:-][35m SELECT DATABASE()[0m

2026/10/02 14:43:43 [32mgithub.com/QuantumNous/new-api/model/main.go:347 [33mSLOW SQL >= 200ms
[0m[31;1m[253.167ms] [33m[rows:1][35m SELECT SCHEMA_NAME from Information_schema.SCHEMATA where SCHEMA_NAME LIKE 'aiapi_hudongdian%' ORDER BY SCHEMA_NAME='aiapi_hudongdian' DESC,SCHEMA_NAME limit 1[0m

2026/10/02 14:43:44 [32mgithub.com/QuantumNous/new-api/model/main.go:347 [33mSLOW SQL >= 200ms
[0m[31;1m[636.630ms] [33m[rows:-][35m SELECT DATABASE()[0m

2026/10/02 14:43:45 [32mgithub.com/QuantumNous/new-api/model/main.go:347 [33mSLOW SQL >= 200ms
[0m[31;1m[219.736ms] [33m[rows:-][35m SELECT count(*) FROM information_schema.statistics WHERE table_schema = ? AND table_name = ? AND index_name = ?[0m

2026/10/02 14:43:46 [32mgithub.com/QuantumNous/new-api/model/main.go:347 [33mSLOW SQL >= 200ms
[0m[31;1m[650.963ms] [33m[rows:1][35m SELECT SCHEMA_NAME from Information_schema.SCHEMATA where SCHEMA_NAME LIKE 'aiapi_hudongdian%' ORDER BY SCHEMA_NAME='aiapi_hudongdian' DESC,SCHEMA_NAME limit 1[0m

2026/10/02 14:43:46 [32mgithub.com/QuantumNous/new-api/model/main.go:347 [33mSLOW SQL >= 200ms
[0m[31;1m[302.884ms] [33m[rows:-][35m SELECT * FROM `passkey_credentials` LIMIT 1[0m

2026/10/02 14:43:47 [32mgithub.com/QuantumNous/new-api/model/main.go:347 [33mSLOW SQL >= 200ms
[0m[31;1m[272.055ms] [33m[rows:-][35m SELECT DATABASE()[0m

2026/10/02 14:43:47 [32mgithub.com/QuantumNous/new-api/model/main.go:347 [33mSLOW SQL >= 200ms
[0m[31;1m[277.878ms] [33m[rows:1][35m SELECT SCHEMA_NAME from Information_schema.SCHEMATA where SCHEMA_NAME LIKE 'aiapi_hudongdian%' ORDER BY SCHEMA_NAME='aiapi_hudongdian' DESC,SCHEMA_NAME limit 1[0m

2026/10/02 14:43:48 [32mgithub.com/QuantumNous/new-api/model/main.go:347 [33mSLOW SQL >= 200ms
[0m[31;1m[311.997ms] [33m[rows:1][35m SELECT SCHEMA_NAME from Information_schema.SCHEMATA where SCHEMA_NAME LIKE 'aiapi_hudongdian%' ORDER BY SCHEMA_NAME='aiapi_hudongdian' DESC,SCHEMA_NAME limit 1[0m

2026/10/02 14:43:49 [32mgithub.com/QuantumNous/new-api/model/main.go:347 [33mSLOW SQL >= 200ms
[0m[31;1m[1242.063ms] [33m[rows:-][35m SELECT count(*) FROM information_schema.tables WHERE table_schema = ? AND table_name = ? AND table_type = ?[0m

2026/10/02 14:43:50 [32mgithub.com/QuantumNous/new-api/model/main.go:347 [33mSLOW SQL >= 200ms
[0m[31;1m[507.911ms] [33m[rows:-][35m SELECT DATABASE()[0m

2026/10/02 14:43:50 [32mgithub.com/QuantumNous/new-api/model/main.go:347 [33mSLOW SQL >= 200ms
[0m[31;1m[387.640ms] [33m[rows:1][35m SELECT SCHEMA_NAME from Information_schema.SCHEMATA where SCHEMA_NAME LIKE 'aiapi_hudongdian%' ORDER BY SCHEMA_NAME='aiapi_hudongdian' DESC,SCHEMA_NAME limit 1[0m

2026/10/02 14:43:51 [32mgithub.com/QuantumNous/new-api/model/main.go:347 [33mSLOW SQL >= 200ms
[0m[31;1m[435.755ms] [33m[rows:-][35m SELECT * FROM `options` LIMIT 1[0m

2026/10/02 14:43:52 [32mgithub.com/QuantumNous/new-api/model/main.go:347 [33mSLOW SQL >= 200ms
[0m[31;1m[347.588ms] [33m[rows:-][35m SELECT DATABASE()[0m

2026/10/02 14:43:52 [32mgithub.com/QuantumNous/new-api/model/main.go:347 [33mSLOW SQL >= 200ms
[0m[31;1m[384.035ms] [33m[rows:1][35m SELECT SCHEMA_NAME from Information_schema.SCHEMATA where SCHEMA_NAME LIKE 'aiapi_hudongdian%' ORDER BY SCHEMA_NAME='aiapi_hudongdian' DESC,SCHEMA_NAME limit 1[0m

2026/10/02 14:43:52 [32mgithub.com/QuantumNous/new-api/model/main.go:347 [33mSLOW SQL >= 200ms
[0m[31;1m[220.239ms] [33m[rows:-][35m SELECT * FROM `redemptions` LIMIT 1[0m

2026/10/02 14:43:53 [32mgithub.com/QuantumNous/new-api/model/main.go:347 [33mSLOW SQL >= 200ms
[0m[31;1m[262.279ms] [33m[rows:-][35m SELECT DATABASE()[0m

2026/10/02 14:43:53 [32mgithub.com/QuantumNous/new-api/model/main.go:347 [33mSLOW SQL >= 200ms
[0m[31;1m[209.154ms] [33m[rows:-][35m SELECT count(*) FROM information_schema.statistics WHERE table_schema = ? AND table_name = ? AND index_name = ?[0m

2026/10/02 14:43:54 [32mgithub.com/QuantumNous/new-api/model/main.go:347 [33mSLOW SQL >= 200ms
[0m[31;1m[277.288ms] [33m[rows:-][35m SELECT DATABASE()[0m

2026/10/02 14:43:54 [32mgithub.com/QuantumNous/new-api/model/main.go:347 [33mSLOW SQL >= 200ms
[0m[31;1m[220.954ms] [33m[rows:1][35m SELECT SCHEMA_NAME from Information_schema.SCHEMATA where SCHEMA_NAME LIKE 'aiapi_hudongdian%' ORDER BY SCHEMA_NAME='aiapi_hudongdian' DESC,SCHEMA_NAME limit 1[0m

2026/10/02 14:43:54 [32mgithub.com/QuantumNous/new-api/model/main.go:347 [33mSLOW SQL >= 200ms
[0m[31;1m[509.310ms] [33m[rows:-][35m SELECT count(*) FROM information_schema.statistics WHERE table_schema = ? AND table_name = ? AND index_name = ?[0m

2026/10/02 14:43:55 [32mgithub.com/QuantumNous/new-api/model/main.go:347 [33mSLOW SQL >= 200ms
[0m[31;1m[431.266ms] [33m[rows:-][35m SELECT DATABASE()[0m

2026/10/02 14:43:55 [32mgithub.com/QuantumNous/new-api/model/main.go:347 [33mSLOW SQL >= 200ms
[0m[31;1m[551.980ms] [33m[rows:1][35m SELECT SCHEMA_NAME from Information_schema.SCHEMATA where SCHEMA_NAME LIKE 'aiapi_hudongdian%' ORDER BY SCHEMA_NAME='aiapi_hudongdian' DESC,SCHEMA_NAME limit 1[0m

2026/10/02 14:43:56 [32mgithub.com/QuantumNous/new-api/model/main.go:347 [33mSLOW SQL >= 200ms
[0m[31;1m[374.433ms] [33m[rows:-][35m SELECT * FROM `abilities` LIMIT 1[0m

2026/10/02 14:43:57 [32mgithub.com/QuantumNous/new-api/model/main.go:347 [33mSLOW SQL >= 200ms
[0m[31;1m[395.407ms] [33m[rows:-][35m SELECT count(*) FROM information_schema.statistics WHERE table_schema = ? AND table_name = ? AND index_name = ?[0m

2026/10/02 14:43:57 [32mgithub.com/QuantumNous/new-api/model/main.go:347 [33mSLOW SQL >= 200ms
[0m[31;1m[202.028ms] [33m[rows:-][35m SELECT DATABASE()[0m

2026/10/02 14:43:57 [32mgithub.com/QuantumNous/new-api/model/main.go:347 [33mSLOW SQL >= 200ms
[0m[31;1m[566.046ms] [33m[rows:1][35m SELECT SCHEMA_NAME from Information_schema.SCHEMATA where SCHEMA_NAME LIKE 'aiapi_hudongdian%' ORDER BY SCHEMA_NAME='aiapi_hudongdian' DESC,SCHEMA_NAME limit 1[0m

2026/10/02 14:43:58 [32mgithub.com/QuantumNous/new-api/model/main.go:347 [33mSLOW SQL >= 200ms
[0m[31;1m[741.565ms] [33m[rows:-][35m SELECT count(*) FROM information_schema.statistics WHERE table_schema = ? AND table_name = ? AND index_name = ?[0m

2026/10/02 14:43:58 [32mgithub.com/QuantumNous/new-api/model/main.go:347 [33mSLOW SQL >= 200ms
[0m[31;1m[301.577ms] [33m[rows:-][35m SELECT DATABASE()[0m

2026/10/02 14:43:59 [32mgithub.com/QuantumNous/new-api/model/main.go:347 [33mSLOW SQL >= 200ms
[0m[31;1m[301.238ms] [33m[rows:1][35m SELECT SCHEMA_NAME from Information_schema.SCHEMATA where SCHEMA_NAME LIKE 'aiapi_hudongdian%' ORDER BY SCHEMA_NAME='aiapi_hudongdian' DESC,SCHEMA_NAME limit 1[0m

2026/10/02 14:43:59 [32mgithub.com/QuantumNous/new-api/model/main.go:347 [33mSLOW SQL >= 200ms
[0m[31;1m[496.111ms] [33m[rows:-][35m SELECT count(*) FROM information_schema.statistics WHERE table_schema = ? AND table_name = ? AND index_name = ?[0m

2026/10/02 14:44:01 [32mgithub.com/QuantumNous/new-api/model/main.go:347 [33mSLOW SQL >= 200ms
[0m[31;1m[688.269ms] [33m[rows:-][35m SELECT DATABASE()[0m

2026/10/02 14:44:01 [32mgithub.com/QuantumNous/new-api/model/main.go:347 [33mSLOW SQL >= 200ms
[0m[31;1m[277.822ms] [33m[rows:1][35m SELECT SCHEMA_NAME from Information_schema.SCHEMATA where SCHEMA_NAME LIKE 'aiapi_hudongdian%' ORDER BY SCHEMA_NAME='aiapi_hudongdian' DESC,SCHEMA_NAME limit 1[0m

2026/10/02 14:44:02 [32mgithub.com/QuantumNous/new-api/model/main.go:347 [33mSLOW SQL >= 200ms
[0m[31;1m[233.314ms] [33m[rows:-][35m SELECT DATABASE()[0m

2026/10/02 14:44:03 [32mgithub.com/QuantumNous/new-api/model/main.go:347 [33mSLOW SQL >= 200ms
[0m[31;1m[247.391ms] [33m[rows:-][35m SELECT count(*) FROM information_schema.statistics WHERE table_schema = ? AND table_name = ? AND index_name = ?[0m

2026/10/02 14:44:03 [32mgithub.com/QuantumNous/new-api/model/main.go:347 [33mSLOW SQL >= 200ms
[0m[31;1m[287.072ms] [33m[rows:-][35m SELECT DATABASE()[0m

2026/10/02 14:44:04 [32mgithub.com/QuantumNous/new-api/model/main.go:347 [33mSLOW SQL >= 200ms
[0m[31;1m[255.656ms] [33m[rows:1][35m SELECT SCHEMA_NAME from Information_schema.SCHEMATA where SCHEMA_NAME LIKE 'aiapi_hudongdian%' ORDER BY SCHEMA_NAME='aiapi_hudongdian' DESC,SCHEMA_NAME limit 1[0m

2026/10/02 14:44:04 [32mgithub.com/QuantumNous/new-api/model/main.go:347 [33mSLOW SQL >= 200ms
[0m[31;1m[334.528ms] [33m[rows:1][35m SELECT SCHEMA_NAME from Information_schema.SCHEMATA where SCHEMA_NAME LIKE 'aiapi_hudongdian%' ORDER BY SCHEMA_NAME='aiapi_hudongdian' DESC,SCHEMA_NAME limit 1[0m

2026/10/02 14:44:05 [32mgithub.com/QuantumNous/new-api/model/main.go:347 [33mSLOW SQL >= 200ms
[0m[31;1m[484.122ms] [33m[rows:-][35m SELECT count(*) FROM information_schema.statistics WHERE table_schema = ? AND table_name = ? AND index_name = ?[0m

2026/10/02 14:44:05 [32mgithub.com/QuantumNous/new-api/model/main.go:347 [33mSLOW SQL >= 200ms
[0m[31;1m[307.425ms] [33m[rows:-][35m SELECT DATABASE()[0m

2026/10/02 14:44:05 [32mgithub.com/QuantumNous/new-api/model/main.go:347 [33mSLOW SQL >= 200ms
[0m[31;1m[483.990ms] [33m[rows:1][35m SELECT SCHEMA_NAME from Information_schema.SCHEMATA where SCHEMA_NAME LIKE 'aiapi_hudongdian%' ORDER BY SCHEMA_NAME='aiapi_hudongdian' DESC,SCHEMA_NAME limit 1[0m

2026/10/02 14:44:07 [32mgithub.com/QuantumNous/new-api/model/main.go:347 [33mSLOW SQL >= 200ms
[0m[31;1m[250.052ms] [33m[rows:1][35m SELECT SCHEMA_NAME from Information_schema.SCHEMATA where SCHEMA_NAME LIKE 'aiapi_hudongdian%' ORDER BY SCHEMA_NAME='aiapi_hudongdian' DESC,SCHEMA_NAME limit 1[0m

2026/10/02 14:44:09 [32mgithub.com/QuantumNous/new-api/model/main.go:347 [33mSLOW SQL >= 200ms
[0m[31;1m[1885.966ms] [33m[rows:-][35m SELECT DATABASE()[0m

2026/10/02 14:44:10 [32mgithub.com/QuantumNous/new-api/model/main.go:347 [33mSLOW SQL >= 200ms
[0m[31;1m[598.451ms] [33m[rows:1][35m SELECT SCHEMA_NAME from Information_schema.SCHEMATA where SCHEMA_NAME LIKE 'aiapi_hudongdian%' ORDER BY SCHEMA_NAME='aiapi_hudongdian' DESC,SCHEMA_NAME limit 1[0m

2026/10/02 14:44:11 [32mgithub.com/QuantumNous/new-api/model/main.go:347 [33mSLOW SQL >= 200ms
[0m[31;1m[1037.620ms] [33m[rows:-][35m SELECT column_name, column_default, is_nullable = 'YES', data_type, character_maximum_length, column_type, column_key, extra, column_comment, numeric_precision, numeric_scale , datetime_precision FROM information_schema.columns WHERE table_schema = ? AND table_name = ? ORDER BY ORDINAL_POSITION[0m

2026/10/02 14:44:14 [32mgithub.com/QuantumNous/new-api/model/main.go:347 [33mSLOW SQL >= 200ms
[0m[31;1m[326.142ms] [33m[rows:-][35m SELECT count(*) FROM information_schema.tables WHERE table_schema = ? AND table_name = ? AND table_type = ?[0m

2026/10/02 14:44:15 [32mgithub.com/QuantumNous/new-api/model/main.go:347 [33mSLOW SQL >= 200ms
[0m[31;1m[554.740ms] [33m[rows:1][35m SELECT SCHEMA_NAME from Information_schema.SCHEMATA where SCHEMA_NAME LIKE 'aiapi_hudongdian%' ORDER BY SCHEMA_NAME='aiapi_hudongdian' DESC,SCHEMA_NAME limit 1[0m

2026/10/02 14:44:16 [32mgithub.com/QuantumNous/new-api/model/main.go:347 [33mSLOW SQL >= 200ms
[0m[31;1m[589.174ms] [33m[rows:-][35m SELECT * FROM `quota_data` LIMIT 1[0m

2026/10/02 14:44:17 [32mgithub.com/QuantumNous/new-api/model/main.go:347 [33mSLOW SQL >= 200ms
[0m[31;1m[925.983ms] [33m[rows:-][35m SELECT column_name, column_default, is_nullable = 'YES', data_type, character_maximum_length, column_type, column_key, extra, column_comment, numeric_precision, numeric_scale , datetime_precision FROM information_schema.columns WHERE table_schema = ? AND table_name = ? ORDER BY ORDINAL_POSITION[0m

2026/10/02 14:44:17 [32mgithub.com/QuantumNous/new-api/model/main.go:347 [33mSLOW SQL >= 200ms
[0m[31;1m[456.323ms] [33m[rows:-][35m SELECT DATABASE()[0m

2026/10/02 14:44:18 [32mgithub.com/QuantumNous/new-api/model/main.go:347 [33mSLOW SQL >= 200ms
[0m[31;1m[387.232ms] [33m[rows:1][35m SELECT SCHEMA_NAME from Information_schema.SCHEMATA where SCHEMA_NAME LIKE 'aiapi_hudongdian%' ORDER BY SCHEMA_NAME='aiapi_hudongdian' DESC,SCHEMA_NAME limit 1[0m

2026/10/02 14:44:18 [32mgithub.com/QuantumNous/new-api/model/main.go:347 [33mSLOW SQL >= 200ms
[0m[31;1m[211.485ms] [33m[rows:1][35m SELECT SCHEMA_NAME from Information_schema.SCHEMATA where SCHEMA_NAME LIKE 'aiapi_hudongdian%' ORDER BY SCHEMA_NAME='aiapi_hudongdian' DESC,SCHEMA_NAME limit 1[0m

2026/10/02 14:44:19 [32mgithub.com/QuantumNous/new-api/model/main.go:347 [33mSLOW SQL >= 200ms
[0m[31;1m[344.259ms] [33m[rows:-][35m SELECT count(*) FROM information_schema.statistics WHERE table_schema = ? AND table_name = ? AND index_name = ?[0m

2026/10/02 14:44:19 [32mgithub.com/QuantumNous/new-api/model/main.go:347 [33mSLOW SQL >= 200ms
[0m[31;1m[350.550ms] [33m[rows:-][35m SELECT DATABASE()[0m

2026/10/02 14:44:19 [32mgithub.com/QuantumNous/new-api/model/main.go:347 [33mSLOW SQL >= 200ms
[0m[31;1m[547.536ms] [33m[rows:1][35m SELECT SCHEMA_NAME from Information_schema.SCHEMATA where SCHEMA_NAME LIKE 'aiapi_hudongdian%' ORDER BY SCHEMA_NAME='aiapi_hudongdian' DESC,SCHEMA_NAME limit 1[0m

2026/10/02 14:44:20 [32mgithub.com/QuantumNous/new-api/model/main.go:347 [33mSLOW SQL >= 200ms
[0m[31;1m[200.032ms] [33m[rows:-][35m SELECT DATABASE()[0m

2026/10/02 14:44:21 [32mgithub.com/QuantumNous/new-api/model/main.go:347 [33mSLOW SQL >= 200ms
[0m[31;1m[317.693ms] [33m[rows:1][35m SELECT SCHEMA_NAME from Information_schema.SCHEMATA where SCHEMA_NAME LIKE 'aiapi_hudongdian%' ORDER BY SCHEMA_NAME='aiapi_hudongdian' DESC,SCHEMA_NAME limit 1[0m

2026/10/02 14:44:21 [32mgithub.com/QuantumNous/new-api/model/main.go:347 [33mSLOW SQL >= 200ms
[0m[31;1m[240.432ms] [33m[rows:-][35m SELECT count(*) FROM information_schema.tables WHERE table_schema = ? AND table_name = ? AND table_type = ?[0m

2026/10/02 14:44:21 [32mgithub.com/QuantumNous/new-api/model/main.go:347 [33mSLOW SQL >= 200ms
[0m[31;1m[279.541ms] [33m[rows:-][35m SELECT DATABASE()[0m

2026/10/02 14:44:22 [32mgithub.com/QuantumNous/new-api/model/main.go:347 [33mSLOW SQL >= 200ms
[0m[31;1m[387.047ms] [33m[rows:-][35m SELECT * FROM `tasks` LIMIT 1[0m

2026/10/02 14:44:22 [32mgithub.com/QuantumNous/new-api/model/main.go:347 [33mSLOW SQL >= 200ms
[0m[31;1m[373.279ms] [33m[rows:-][35m SELECT DATABASE()[0m

2026/10/02 14:44:23 [32mgithub.com/QuantumNous/new-api/model/main.go:347 [33mSLOW SQL >= 200ms
[0m[31;1m[297.494ms] [33m[rows:1][35m SELECT SCHEMA_NAME from Information_schema.SCHEMATA where SCHEMA_NAME LIKE 'aiapi_hudongdian%' ORDER BY SCHEMA_NAME='aiapi_hudongdian' DESC,SCHEMA_NAME limit 1[0m

2026/10/02 14:44:23 [32mgithub.com/QuantumNous/new-api/model/main.go:347 [33mSLOW SQL >= 200ms
[0m[31;1m[488.001ms] [33m[rows:-][35m SELECT count(*) FROM information_schema.statistics WHERE table_schema = ? AND table_name = ? AND index_name = ?[0m

2026/10/02 14:44:24 [32mgithub.com/QuantumNous/new-api/model/main.go:347 [33mSLOW SQL >= 200ms
[0m[31;1m[587.065ms] [33m[rows:-][35m SELECT DATABASE()[0m

2026/10/02 14:44:24 [32mgithub.com/QuantumNous/new-api/model/main.go:347 [33mSLOW SQL >= 200ms
[0m[31;1m[450.151ms] [33m[rows:1][35m SELECT SCHEMA_NAME from Information_schema.SCHEMATA where SCHEMA_NAME LIKE 'aiapi_hudongdian%' ORDER BY SCHEMA_NAME='aiapi_hudongdian' DESC,SCHEMA_NAME limit 1[0m

2026/10/02 14:44:25 [32mgithub.com/QuantumNous/new-api/model/main.go:347 [33mSLOW SQL >= 200ms
[0m[31;1m[628.990ms] [33m[rows:1][35m SELECT SCHEMA_NAME from Information_schema.SCHEMATA where SCHEMA_NAME LIKE 'aiapi_hudongdian%' ORDER BY SCHEMA_NAME='aiapi_hudongdian' DESC,SCHEMA_NAME limit 1[0m

2026/10/02 14:44:26 [32mgithub.com/QuantumNous/new-api/model/main.go:347 [33mSLOW SQL >= 200ms
[0m[31;1m[687.802ms] [33m[rows:1][35m SELECT SCHEMA_NAME from Information_schema.SCHEMATA where SCHEMA_NAME LIKE 'aiapi_hudongdian%' ORDER BY SCHEMA_NAME='aiapi_hudongdian' DESC,SCHEMA_NAME limit 1[0m

2026/10/02 14:44:27 [32mgithub.com/QuantumNous/new-api/model/main.go:347 [33mSLOW SQL >= 200ms
[0m[31;1m[200.159ms] [33m[rows:1][35m SELECT SCHEMA_NAME from Information_schema.SCHEMATA where SCHEMA_NAME LIKE 'aiapi_hudongdian%' ORDER BY SCHEMA_NAME='aiapi_hudongdian' DESC,SCHEMA_NAME limit 1[0m

2026/10/02 14:44:27 [32mgithub.com/QuantumNous/new-api/model/main.go:347 [33mSLOW SQL >= 200ms
[0m[31;1m[237.064ms] [33m[rows:-][35m SELECT count(*) FROM information_schema.statistics WHERE table_schema = ? AND table_name = ? AND index_name = ?[0m

2026/10/02 14:44:27 [32mgithub.com/QuantumNous/new-api/model/main.go:347 [33mSLOW SQL >= 200ms
[0m[31;1m[331.283ms] [33m[rows:-][35m SELECT DATABASE()[0m

2026/10/02 14:44:28 [32mgithub.com/QuantumNous/new-api/model/main.go:347 [33mSLOW SQL >= 200ms
[0m[31;1m[340.221ms] [33m[rows:1][35m SELECT SCHEMA_NAME from Information_schema.SCHEMATA where SCHEMA_NAME LIKE 'aiapi_hudongdian%' ORDER BY SCHEMA_NAME='aiapi_hudongdian' DESC,SCHEMA_NAME limit 1[0m

2026/10/02 14:44:29 [32mgithub.com/QuantumNous/new-api/model/main.go:347 [33mSLOW SQL >= 200ms
[0m[31;1m[361.165ms] [33m[rows:-][35m SELECT count(*) FROM information_schema.statistics WHERE table_schema = ? AND table_name = ? AND index_name = ?[0m

2026/10/02 14:44:29 [32mgithub.com/QuantumNous/new-api/model/main.go:347 [33mSLOW SQL >= 200ms
[0m[31;1m[217.710ms] [33m[rows:-][35m SELECT DATABASE()[0m

2026/10/02 14:44:29 [32mgithub.com/QuantumNous/new-api/model/main.go:347 [33mSLOW SQL >= 200ms
[0m[31;1m[501.308ms] [33m[rows:1][35m SELECT SCHEMA_NAME from Information_schema.SCHEMATA where SCHEMA_NAME LIKE 'aiapi_hudongdian%' ORDER BY SCHEMA_NAME='aiapi_hudongdian' DESC,SCHEMA_NAME limit 1[0m

2026/10/02 14:44:30 [32mgithub.com/QuantumNous/new-api/model/main.go:347 [33mSLOW SQL >= 200ms
[0m[31;1m[675.980ms] [33m[rows:-][35m SELECT count(*) FROM information_schema.tables WHERE table_schema = ? AND table_name = ? AND table_type = ?[0m

2026/10/02 14:44:31 [32mgithub.com/QuantumNous/new-api/model/main.go:347 [33mSLOW SQL >= 200ms
[0m[31;1m[590.817ms] [33m[rows:-][35m SELECT * FROM `models` LIMIT 1[0m

2026/10/02 14:44:32 [32mgithub.com/QuantumNous/new-api/model/main.go:347 [33mSLOW SQL >= 200ms
[0m[31;1m[613.471ms] [33m[rows:1][35m SELECT SCHEMA_NAME from Information_schema.SCHEMATA where SCHEMA_NAME LIKE 'aiapi_hudongdian%' ORDER BY SCHEMA_NAME='aiapi_hudongdian' DESC,SCHEMA_NAME limit 1[0m

2026/10/02 14:44:33 [32mgithub.com/QuantumNous/new-api/model/main.go:347 [33mSLOW SQL >= 200ms
[0m[31;1m[576.347ms] [33m[rows:-][35m SELECT count(*) FROM information_schema.statistics WHERE table_schema = ? AND table_name = ? AND index_name = ?[0m

2026/10/02 14:44:34 [32mgithub.com/QuantumNous/new-api/model/main.go:347 [33mSLOW SQL >= 200ms
[0m[31;1m[576.025ms] [33m[rows:1][35m SELECT SCHEMA_NAME from Information_schema.SCHEMATA where SCHEMA_NAME LIKE 'aiapi_hudongdian%' ORDER BY SCHEMA_NAME='aiapi_hudongdian' DESC,SCHEMA_NAME limit 1[0m

2026/10/02 14:44:34 [32mgithub.com/QuantumNous/new-api/model/main.go:347 [33mSLOW SQL >= 200ms
[0m[31;1m[278.673ms] [33m[rows:-][35m SELECT * FROM `vendors` LIMIT 1[0m

2026/10/02 14:44:36 [32mgithub.com/QuantumNous/new-api/model/main.go:347 [33mSLOW SQL >= 200ms
[0m[31;1m[236.908ms] [33m[rows:-][35m SELECT column_name, column_default, is_nullable = 'YES', data_type, character_maximum_length, column_type, column_key, extra, column_comment, numeric_precision, numeric_scale , datetime_precision FROM information_schema.columns WHERE table_schema = ? AND table_name = ? ORDER BY ORDINAL_POSITION[0m

2026/10/02 14:44:36 [32mgithub.com/QuantumNous/new-api/model/main.go:347 [33mSLOW SQL >= 200ms
[0m[31;1m[200.607ms] [33m[rows:-][35m SELECT count(*) FROM information_schema.statistics WHERE table_schema = ? AND table_name = ? AND index_name = ?[0m

2026/10/02 14:44:37 [32mgithub.com/QuantumNous/new-api/model/main.go:347 [33mSLOW SQL >= 200ms
[0m[31;1m[223.513ms] [33m[rows:-][35m SELECT count(*) FROM information_schema.statistics WHERE table_schema = ? AND table_name = ? AND index_name = ?[0m

2026/10/02 14:44:38 [32mgithub.com/QuantumNous/new-api/model/main.go:347 [33mSLOW SQL >= 200ms
[0m[31;1m[838.903ms] [33m[rows:-][35m SELECT DATABASE()[0m

2026/10/02 14:44:38 [32mgithub.com/QuantumNous/new-api/model/main.go:347 [33mSLOW SQL >= 200ms
[0m[31;1m[206.205ms] [33m[rows:1][35m SELECT SCHEMA_NAME from Information_schema.SCHEMATA where SCHEMA_NAME LIKE 'aiapi_hudongdian%' ORDER BY SCHEMA_NAME='aiapi_hudongdian' DESC,SCHEMA_NAME limit 1[0m

2026/10/02 14:44:38 [32mgithub.com/QuantumNous/new-api/model/main.go:347 [33mSLOW SQL >= 200ms
[0m[31;1m[209.391ms] [33m[rows:-][35m SELECT DATABASE()[0m

2026/10/02 14:44:38 [32mgithub.com/QuantumNous/new-api/model/main.go:347 [33mSLOW SQL >= 200ms
[0m[31;1m[210.449ms] [33m[rows:1][35m SELECT SCHEMA_NAME from Information_schema.SCHEMATA where SCHEMA_NAME LIKE 'aiapi_hudongdian%' ORDER BY SCHEMA_NAME='aiapi_hudongdian' DESC,SCHEMA_NAME limit 1[0m

2026/10/02 14:44:39 [32mgithub.com/QuantumNous/new-api/model/main.go:347 [33mSLOW SQL >= 200ms
[0m[31;1m[208.406ms] [33m[rows:-][35m SELECT * FROM `setups` LIMIT 1[0m

2026/10/02 14:44:39 [32mgithub.com/QuantumNous/new-api/model/main.go:347 [33mSLOW SQL >= 200ms
[0m[31;1m[211.759ms] [33m[rows:-][35m SELECT column_name, column_default, is_nullable = 'YES', data_type, character_maximum_length, column_type, column_key, extra, column_comment, numeric_precision, numeric_scale , datetime_precision FROM information_schema.columns WHERE table_schema = ? AND table_name = ? ORDER BY ORDINAL_POSITION[0m

2026/10/02 14:44:40 [32mgithub.com/QuantumNous/new-api/model/main.go:347 [33mSLOW SQL >= 200ms
[0m[31;1m[209.849ms] [33m[rows:-][35m SELECT count(*) FROM information_schema.statistics WHERE table_schema = ? AND table_name = ? AND index_name = ?[0m

2026/10/02 14:44:40 [32mgithub.com/QuantumNous/new-api/model/main.go:347 [33mSLOW SQL >= 200ms
[0m[31;1m[320.317ms] [33m[rows:-][35m SELECT DATABASE()[0m

2026/10/02 14:44:41 [32mgithub.com/QuantumNous/new-api/model/main.go:347 [33mSLOW SQL >= 200ms
[0m[31;1m[217.244ms] [33m[rows:-][35m SELECT DATABASE()[0m

2026/10/02 14:44:41 [32mgithub.com/QuantumNous/new-api/model/main.go:347 [33mSLOW SQL >= 200ms
[0m[31;1m[280.923ms] [33m[rows:1][35m SELECT SCHEMA_NAME from Information_schema.SCHEMATA where SCHEMA_NAME LIKE 'aiapi_hudongdian%' ORDER BY SCHEMA_NAME='aiapi_hudongdian' DESC,SCHEMA_NAME limit 1[0m

2026/10/02 14:44:41 [32mgithub.com/QuantumNous/new-api/model/main.go:347 [33mSLOW SQL >= 200ms
[0m[31;1m[245.493ms] [33m[rows:-][35m SELECT DATABASE()[0m

2026/10/02 14:44:42 [32mgithub.com/QuantumNous/new-api/model/main.go:347 [33mSLOW SQL >= 200ms
[0m[31;1m[458.544ms] [33m[rows:-][35m SELECT * FROM `two_fa_backup_codes` LIMIT 1[0m

2026/10/02 14:44:42 [32mgithub.com/QuantumNous/new-api/model/main.go:347 [33mSLOW SQL >= 200ms
[0m[31;1m[464.320ms] [33m[rows:-][35m SELECT column_name, column_default, is_nullable = 'YES', data_type, character_maximum_length, column_type, column_key, extra, column_comment, numeric_precision, numeric_scale , datetime_precision FROM information_schema.columns WHERE table_schema = ? AND table_name = ? ORDER BY ORDINAL_POSITION[0m

2026/10/02 14:44:44 [32mgithub.com/QuantumNous/new-api/model/main.go:347 [33mSLOW SQL >= 200ms
[0m[31;1m[367.856ms] [33m[rows:-][35m SELECT count(*) FROM information_schema.tables WHERE table_schema = ? AND table_name = ? AND table_type = ?[0m

2026/10/02 14:44:44 [32mgithub.com/QuantumNous/new-api/model/main.go:347 [33mSLOW SQL >= 200ms
[0m[31;1m[374.381ms] [33m[rows:-][35m SELECT DATABASE()[0m

2026/10/02 14:44:45 [32mgithub.com/QuantumNous/new-api/model/main.go:347 [33mSLOW SQL >= 200ms
[0m[31;1m[734.338ms] [33m[rows:1][35m SELECT SCHEMA_NAME from Information_schema.SCHEMATA where SCHEMA_NAME LIKE 'aiapi_hudongdian%' ORDER BY SCHEMA_NAME='aiapi_hudongdian' DESC,SCHEMA_NAME limit 1[0m

2026/10/02 14:44:45 [32mgithub.com/QuantumNous/new-api/model/main.go:347 [33mSLOW SQL >= 200ms
[0m[31;1m[295.296ms] [33m[rows:-][35m SELECT * FROM `checkins` LIMIT 1[0m

2026/10/02 14:44:45 [32mgithub.com/QuantumNous/new-api/model/main.go:347 [33mSLOW SQL >= 200ms
[0m[31;1m[387.756ms] [33m[rows:-][35m SELECT column_name, column_default, is_nullable = 'YES', data_type, character_maximum_length, column_type, column_key, extra, column_comment, numeric_precision, numeric_scale , datetime_precision FROM information_schema.columns WHERE table_schema = ? AND table_name = ? ORDER BY ORDINAL_POSITION[0m

2026/10/02 14:44:46 [32mgithub.com/QuantumNous/new-api/model/main.go:347 [33mSLOW SQL >= 200ms
[0m[31;1m[470.668ms] [33m[rows:-][35m SELECT DATABASE()[0m

2026/10/02 14:44:46 [32mgithub.com/QuantumNous/new-api/model/main.go:347 [33mSLOW SQL >= 200ms
[0m[31;1m[296.854ms] [33m[rows:-][35m SELECT count(*) FROM information_schema.statistics WHERE table_schema = ? AND table_name = ? AND index_name = ?[0m

2026/10/02 14:44:47 [32mgithub.com/QuantumNous/new-api/model/main.go:347 [33mSLOW SQL >= 200ms
[0m[31;1m[389.301ms] [33m[rows:-][35m SELECT DATABASE()[0m

2026/10/02 14:44:47 [32mgithub.com/QuantumNous/new-api/model/main.go:347 [33mSLOW SQL >= 200ms
[0m[31;1m[306.664ms] [33m[rows:1][35m SELECT SCHEMA_NAME from Information_schema.SCHEMATA where SCHEMA_NAME LIKE 'aiapi_hudongdian%' ORDER BY SCHEMA_NAME='aiapi_hudongdian' DESC,SCHEMA_NAME limit 1[0m

2026/10/02 14:44:47 [32mgithub.com/QuantumNous/new-api/model/main.go:347 [33mSLOW SQL >= 200ms
[0m[31;1m[431.454ms] [33m[rows:-][35m SELECT count(*) FROM information_schema.tables WHERE table_schema = ? AND table_name = ? AND table_type = ?[0m

2026/10/02 14:44:48 [32mgithub.com/QuantumNous/new-api/model/main.go:347 [33mSLOW SQL >= 200ms
[0m[31;1m[230.451ms] [33m[rows:-][35m SELECT count(*) FROM information_schema.statistics WHERE table_schema = ? AND table_name = ? AND index_name = ?[0m

2026/10/02 14:44:49 [32mgithub.com/QuantumNous/new-api/model/main.go:347 [33mSLOW SQL >= 200ms
[0m[31;1m[326.120ms] [33m[rows:-][35m SELECT count(*) FROM information_schema.statistics WHERE table_schema = ? AND table_name = ? AND index_name = ?[0m

2026/10/02 14:44:50 [32mgithub.com/QuantumNous/new-api/model/main.go:347 [33mSLOW SQL >= 200ms
[0m[31;1m[406.297ms] [33m[rows:1][35m SELECT SCHEMA_NAME from Information_schema.SCHEMATA where SCHEMA_NAME LIKE 'aiapi_hudongdian%' ORDER BY SCHEMA_NAME='aiapi_hudongdian' DESC,SCHEMA_NAME limit 1[0m

2026/10/02 14:44:50 [32mgithub.com/QuantumNous/new-api/model/main.go:347 [33mSLOW SQL >= 200ms
[0m[31;1m[261.067ms] [33m[rows:1][35m SELECT SCHEMA_NAME from Information_schema.SCHEMATA where SCHEMA_NAME LIKE 'aiapi_hudongdian%' ORDER BY SCHEMA_NAME='aiapi_hudongdian' DESC,SCHEMA_NAME limit 1[0m

2026/10/02 14:44:51 [32mgithub.com/QuantumNous/new-api/model/main.go:347 [33mSLOW SQL >= 200ms
[0m[31;1m[542.805ms] [33m[rows:-][35m SELECT * FROM `user_subscriptions` LIMIT 1[0m

2026/10/02 14:44:51 [32mgithub.com/QuantumNous/new-api/model/main.go:347 [33mSLOW SQL >= 200ms
[0m[31;1m[265.641ms] [33m[rows:-][35m SELECT column_name, column_default, is_nullable = 'YES', data_type, character_maximum_length, column_type, column_key, extra, column_comment, numeric_precision, numeric_scale , datetime_precision FROM information_schema.columns WHERE table_schema = ? AND table_name = ? ORDER BY ORDINAL_POSITION[0m

2026/10/02 14:44:53 [32mgithub.com/QuantumNous/new-api/model/main.go:347 [33mSLOW SQL >= 200ms
[0m[31;1m[252.997ms] [33m[rows:-][35m SELECT DATABASE()[0m

2026/10/02 14:44:53 [32mgithub.com/QuantumNous/new-api/model/main.go:347 [33mSLOW SQL >= 200ms
[0m[31;1m[206.874ms] [33m[rows:1][35m SELECT SCHEMA_NAME from Information_schema.SCHEMATA where SCHEMA_NAME LIKE 'aiapi_hudongdian%' ORDER BY SCHEMA_NAME='aiapi_hudongdian' DESC,SCHEMA_NAME limit 1[0m

2026/10/02 14:44:54 [32mgithub.com/QuantumNous/new-api/model/main.go:347 [33mSLOW SQL >= 200ms
[0m[31;1m[649.224ms] [33m[rows:-][35m SELECT count(*) FROM information_schema.statistics WHERE table_schema = ? AND table_name = ? AND index_name = ?[0m

2026/10/02 14:44:54 [32mgithub.com/QuantumNous/new-api/model/main.go:347 [33mSLOW SQL >= 200ms
[0m[31;1m[586.409ms] [33m[rows:1][35m SELECT SCHEMA_NAME from Information_schema.SCHEMATA where SCHEMA_NAME LIKE 'aiapi_hudongdian%' ORDER BY SCHEMA_NAME='aiapi_hudongdian' DESC,SCHEMA_NAME limit 1[0m

2026/10/02 14:44:55 [32mgithub.com/QuantumNous/new-api/model/main.go:347 [33mSLOW SQL >= 200ms
[0m[31;1m[753.344ms] [33m[rows:-][35m SELECT count(*) FROM information_schema.statistics WHERE table_schema = ? AND table_name = ? AND index_name = ?[0m

2026/10/02 14:44:56 [32mgithub.com/QuantumNous/new-api/model/main.go:347 [33mSLOW SQL >= 200ms
[0m[31;1m[647.757ms] [33m[rows:-][35m SELECT DATABASE()[0m

2026/10/02 14:44:56 [32mgithub.com/QuantumNous/new-api/model/main.go:347 [33mSLOW SQL >= 200ms
[0m[31;1m[257.959ms] [33m[rows:1][35m SELECT SCHEMA_NAME from Information_schema.SCHEMATA where SCHEMA_NAME LIKE 'aiapi_hudongdian%' ORDER BY SCHEMA_NAME='aiapi_hudongdian' DESC,SCHEMA_NAME limit 1[0m

2026/10/02 14:44:57 [32mgithub.com/QuantumNous/new-api/model/main.go:347 [33mSLOW SQL >= 200ms
[0m[31;1m[504.969ms] [33m[rows:-][35m SELECT count(*) FROM information_schema.tables WHERE table_schema = ? AND table_name = ? AND table_type = ?[0m

2026/10/02 14:44:57 [32mgithub.com/QuantumNous/new-api/model/main.go:347 [33mSLOW SQL >= 200ms
[0m[31;1m[280.648ms] [33m[rows:-][35m SELECT DATABASE()[0m

2026/10/02 14:44:58 [32mgithub.com/QuantumNous/new-api/model/main.go:347 [33mSLOW SQL >= 200ms
[0m[31;1m[467.818ms] [33m[rows:-][35m SELECT * FROM `subscription_pre_consume_records` LIMIT 1[0m

2026/10/02 14:44:58 [32mgithub.com/QuantumNous/new-api/model/main.go:347 [33mSLOW SQL >= 200ms
[0m[31;1m[298.696ms] [33m[rows:1][35m SELECT SCHEMA_NAME from Information_schema.SCHEMATA where SCHEMA_NAME LIKE 'aiapi_hudongdian%' ORDER BY SCHEMA_NAME='aiapi_hudongdian' DESC,SCHEMA_NAME limit 1[0m

2026/10/02 14:44:59 [32mgithub.com/QuantumNous/new-api/model/main.go:347 [33mSLOW SQL >= 200ms
[0m[31;1m[264.341ms] [33m[rows:-][35m SELECT count(*) FROM information_schema.statistics WHERE table_schema = ? AND table_name = ? AND index_name = ?[0m

2026/10/02 14:44:59 [32mgithub.com/QuantumNous/new-api/model/main.go:347 [33mSLOW SQL >= 200ms
[0m[31;1m[304.750ms] [33m[rows:-][35m SELECT DATABASE()[0m

2026/10/02 14:44:59 [32mgithub.com/QuantumNous/new-api/model/main.go:347 [33mSLOW SQL >= 200ms
[0m[31;1m[218.182ms] [33m[rows:-][35m SELECT count(*) FROM information_schema.statistics WHERE table_schema = ? AND table_name = ? AND index_name = ?[0m

2026/10/02 14:45:01 [32mgithub.com/QuantumNous/new-api/model/main.go:347 [33mSLOW SQL >= 200ms
[0m[31;1m[454.789ms] [33m[rows:-][35m SELECT DATABASE()[0m

2026/10/02 14:45:01 [32mgithub.com/QuantumNous/new-api/model/main.go:347 [33mSLOW SQL >= 200ms
[0m[31;1m[253.486ms] [33m[rows:1][35m SELECT SCHEMA_NAME from Information_schema.SCHEMATA where SCHEMA_NAME LIKE 'aiapi_hudongdian%' ORDER BY SCHEMA_NAME='aiapi_hudongdian' DESC,SCHEMA_NAME limit 1[0m

2026/10/02 14:45:01 [32mgithub.com/QuantumNous/new-api/model/main.go:347 [33mSLOW SQL >= 200ms
[0m[31;1m[267.114ms] [33m[rows:-][35m SELECT * FROM `custom_oauth_providers` LIMIT 1[0m

2026/10/02 14:45:02 [32mgithub.com/QuantumNous/new-api/model/main.go:347 [33mSLOW SQL >= 200ms
[0m[31;1m[369.414ms] [33m[rows:0][35m ALTER TABLE `custom_oauth_providers` MODIFY COLUMN `enabled` boolean DEFAULT false[0m

2026/10/02 14:45:03 [32mgithub.com/QuantumNous/new-api/model/main.go:347 [33mSLOW SQL >= 200ms
[0m[31;1m[452.997ms] [33m[rows:-][35m SELECT DATABASE()[0m

2026/10/02 14:45:03 [32mgithub.com/QuantumNous/new-api/model/main.go:347 [33mSLOW SQL >= 200ms
[0m[31;1m[576.380ms] [33m[rows:-][35m SELECT count(*) FROM information_schema.tables WHERE table_schema = ? AND table_name = ? AND table_type = ?[0m

2026/10/02 14:45:04 [32mgithub.com/QuantumNous/new-api/model/main.go:347 [33mSLOW SQL >= 200ms
[0m[31;1m[480.533ms] [33m[rows:-][35m SELECT * FROM `user_oauth_bindings` LIMIT 1[0m

2026/10/02 14:45:04 [32mgithub.com/QuantumNous/new-api/model/main.go:347 [33mSLOW SQL >= 200ms
[0m[31;1m[420.176ms] [33m[rows:-][35m SELECT DATABASE()[0m

2026/10/02 14:45:05 [32mgithub.com/QuantumNous/new-api/model/main.go:347 [33mSLOW SQL >= 200ms
[0m[31;1m[629.889ms] [33m[rows:1][35m SELECT SCHEMA_NAME from Information_schema.SCHEMATA where SCHEMA_NAME LIKE 'aiapi_hudongdian%' ORDER BY SCHEMA_NAME='aiapi_hudongdian' DESC,SCHEMA_NAME limit 1[0m

2026/10/02 14:45:06 [32mgithub.com/QuantumNous/new-api/model/main.go:347 [33mSLOW SQL >= 200ms
[0m[31;1m[496.256ms] [33m[rows:-][35m SELECT count(*) FROM information_schema.statistics WHERE table_schema = ? AND table_name = ? AND index_name = ?[0m

2026/10/02 14:45:06 [32mgithub.com/QuantumNous/new-api/model/main.go:347 [33mSLOW SQL >= 200ms
[0m[31;1m[224.965ms] [33m[rows:-][35m SELECT * FROM `perf_metrics` LIMIT 1[0m

2026/10/02 14:45:07 [32mgithub.com/QuantumNous/new-api/model/main.go:347 [33mSLOW SQL >= 200ms
[0m[31;1m[242.518ms] [33m[rows:-][35m SELECT count(*) FROM information_schema.statistics WHERE table_schema = ? AND table_name = ? AND index_name = ?[0m

2026/10/02 14:45:08 [32mgithub.com/QuantumNous/new-api/model/main.go:347 [33mSLOW SQL >= 200ms
[0m[31;1m[340.995ms] [33m[rows:-][35m SELECT DATABASE()[0m

2026/10/02 14:45:08 [32mgithub.com/QuantumNous/new-api/model/main.go:347 [33mSLOW SQL >= 200ms
[0m[31;1m[428.718ms] [33m[rows:1][35m SELECT SCHEMA_NAME from Information_schema.SCHEMATA where SCHEMA_NAME LIKE 'aiapi_hudongdian%' ORDER BY SCHEMA_NAME='aiapi_hudongdian' DESC,SCHEMA_NAME limit 1[0m

2026/10/02 14:45:08 [32mgithub.com/QuantumNous/new-api/model/main.go:347 [33mSLOW SQL >= 200ms
[0m[31;1m[352.767ms] [33m[rows:-][35m SELECT count(*) FROM information_schema.tables WHERE table_schema = ? AND table_name = ? AND table_type = ?[0m

2026/10/02 14:45:09 [32mgithub.com/QuantumNous/new-api/model/main.go:347 [33mSLOW SQL >= 200ms
[0m[31;1m[631.815ms] [33m[rows:1][35m SELECT SCHEMA_NAME from Information_schema.SCHEMATA where SCHEMA_NAME LIKE 'aiapi_hudongdian%' ORDER BY SCHEMA_NAME='aiapi_hudongdian' DESC,SCHEMA_NAME limit 1[0m

2026/10/02 14:45:10 [32mgithub.com/QuantumNous/new-api/model/main.go:347 [33mSLOW SQL >= 200ms
[0m[31;1m[246.945ms] [33m[rows:1][35m SELECT SCHEMA_NAME from Information_schema.SCHEMATA where SCHEMA_NAME LIKE 'aiapi_hudongdian%' ORDER BY SCHEMA_NAME='aiapi_hudongdian' DESC,SCHEMA_NAME limit 1[0m

2026/10/02 14:45:10 [32mgithub.com/QuantumNous/new-api/model/main.go:347 [33mSLOW SQL >= 200ms
[0m[31;1m[236.362ms] [33m[rows:-][35m SELECT count(*) FROM information_schema.statistics WHERE table_schema = ? AND table_name = ? AND index_name = ?[0m

2026/10/02 14:45:11 [32mgithub.com/QuantumNous/new-api/model/main.go:347 [33mSLOW SQL >= 200ms
[0m[31;1m[430.287ms] [33m[rows:-][35m SELECT count(*) FROM information_schema.statistics WHERE table_schema = ? AND table_name = ? AND index_name = ?[0m

2026/10/02 14:45:12 [32mgithub.com/QuantumNous/new-api/model/main.go:347 [33mSLOW SQL >= 200ms
[0m[31;1m[232.646ms] [33m[rows:-][35m SELECT DATABASE()[0m

2026/10/02 14:45:12 [32mgithub.com/QuantumNous/new-api/model/main.go:347 [33mSLOW SQL >= 200ms
[0m[31;1m[585.086ms] [33m[rows:-][35m SELECT count(*) FROM information_schema.tables WHERE table_schema = ? AND table_name = ? AND table_type = ?[0m

2026/10/02 14:45:13 [32mgithub.com/QuantumNous/new-api/model/main.go:347 [33mSLOW SQL >= 200ms
[0m[31;1m[204.073ms] [33m[rows:-][35m SELECT DATABASE()[0m

2026/10/02 14:45:13 [32mgithub.com/QuantumNous/new-api/model/main.go:347 [33mSLOW SQL >= 200ms
[0m[31;1m[298.128ms] [33m[rows:-][35m SELECT * FROM `system_tasks` LIMIT 1[0m

2026/10/02 14:45:14 [32mgithub.com/QuantumNous/new-api/model/main.go:347 [33mSLOW SQL >= 200ms
[0m[31;1m[269.194ms] [33m[rows:-][35m SELECT count(*) FROM information_schema.statistics WHERE table_schema = ? AND table_name = ? AND index_name = ?[0m

2026/10/02 14:45:15 [32mgithub.com/QuantumNous/new-api/model/main.go:347 [33mSLOW SQL >= 200ms
[0m[31;1m[207.590ms] [33m[rows:-][35m SELECT DATABASE()[0m

2026/10/02 14:45:15 [32mgithub.com/QuantumNous/new-api/model/main.go:347 [33mSLOW SQL >= 200ms
[0m[31;1m[311.955ms] [33m[rows:1][35m SELECT SCHEMA_NAME from Information_schema.SCHEMATA where SCHEMA_NAME LIKE 'aiapi_hudongdian%' ORDER BY SCHEMA_NAME='aiapi_hudongdian' DESC,SCHEMA_NAME limit 1[0m

2026/10/02 14:45:15 [32mgithub.com/QuantumNous/new-api/model/main.go:347 [33mSLOW SQL >= 200ms
[0m[31;1m[229.321ms] [33m[rows:-][35m SELECT count(*) FROM information_schema.statistics WHERE table_schema = ? AND table_name = ? AND index_name = ?[0m

2026/10/02 14:45:16 [32mgithub.com/QuantumNous/new-api/model/main.go:347 [33mSLOW SQL >= 200ms
[0m[31;1m[475.106ms] [33m[rows:-][35m SELECT DATABASE()[0m

2026/10/02 14:45:16 [32mgithub.com/QuantumNous/new-api/model/main.go:347 [33mSLOW SQL >= 200ms
[0m[31;1m[244.077ms] [33m[rows:-][35m SELECT count(*) FROM information_schema.tables WHERE table_schema = ? AND table_name = ? AND table_type = ?[0m

2026/10/02 14:45:17 [32mgithub.com/QuantumNous/new-api/model/main.go:347 [33mSLOW SQL >= 200ms
[0m[31;1m[327.906ms] [33m[rows:1][35m SELECT SCHEMA_NAME from Information_schema.SCHEMATA where SCHEMA_NAME LIKE 'aiapi_hudongdian%' ORDER BY SCHEMA_NAME='aiapi_hudongdian' DESC,SCHEMA_NAME limit 1[0m

2026/10/02 14:45:17 [32mgithub.com/QuantumNous/new-api/model/main.go:347 [33mSLOW SQL >= 200ms
[0m[31;1m[612.507ms] [33m[rows:-][35m SELECT * FROM `system_task_locks` LIMIT 1[0m

2026/10/02 14:45:18 [32mgithub.com/QuantumNous/new-api/model/main.go:347 [33mSLOW SQL >= 200ms
[0m[31;1m[685.104ms] [33m[rows:-][35m SELECT column_name, column_default, is_nullable = 'YES', data_type, character_maximum_length, column_type, column_key, extra, column_comment, numeric_precision, numeric_scale , datetime_precision FROM information_schema.columns WHERE table_schema = ? AND table_name = ? ORDER BY ORDINAL_POSITION[0m

2026/10/02 14:45:19 [32mgithub.com/QuantumNous/new-api/model/main.go:347 [33mSLOW SQL >= 200ms
[0m[31;1m[559.299ms] [33m[rows:-][35m SELECT DATABASE()[0m

2026/10/02 14:45:19 [32mgithub.com/QuantumNous/new-api/model/main.go:347 [33mSLOW SQL >= 200ms
[0m[31;1m[286.588ms] [33m[rows:1][35m SELECT SCHEMA_NAME from Information_schema.SCHEMATA where SCHEMA_NAME LIKE 'aiapi_hudongdian%' ORDER BY SCHEMA_NAME='aiapi_hudongdian' DESC,SCHEMA_NAME limit 1[0m

2026/10/02 14:45:19 [32mgithub.com/QuantumNous/new-api/model/main.go:347 [33mSLOW SQL >= 200ms
[0m[31;1m[288.359ms] [33m[rows:-][35m SELECT count(*) FROM information_schema.statistics WHERE table_schema = ? AND table_name = ? AND index_name = ?[0m

2026/10/02 14:45:20 [32mgithub.com/QuantumNous/new-api/model/main.go:347 [33mSLOW SQL >= 200ms
[0m[31;1m[435.204ms] [33m[rows:-][35m SELECT DATABASE()[0m

2026/10/02 14:45:20 [32mgithub.com/QuantumNous/new-api/model/main.go:347 [33mSLOW SQL >= 200ms
[0m[31;1m[471.077ms] [33m[rows:1][35m SELECT SCHEMA_NAME from Information_schema.SCHEMATA where SCHEMA_NAME LIKE 'aiapi_hudongdian%' ORDER BY SCHEMA_NAME='aiapi_hudongdian' DESC,SCHEMA_NAME limit 1[0m

2026/10/02 14:45:21 [32mgithub.com/QuantumNous/new-api/model/main.go:347 [33mSLOW SQL >= 200ms
[0m[31;1m[270.789ms] [33m[rows:-][35m SELECT DATABASE()[0m

2026/10/02 14:45:22 [32mgithub.com/QuantumNous/new-api/model/main.go:347 [33mSLOW SQL >= 200ms
[0m[31;1m[433.134ms] [33m[rows:-][35m SELECT * FROM `casbin_rule` LIMIT 1[0m

2026/10/02 14:45:22 [32mgithub.com/QuantumNous/new-api/model/main.go:347 [33mSLOW SQL >= 200ms
[0m[31;1m[334.983ms] [33m[rows:-][35m SELECT column_name, column_default, is_nullable = 'YES', data_type, character_maximum_length, column_type, column_key, extra, column_comment, numeric_precision, numeric_scale , datetime_precision FROM information_schema.columns WHERE table_schema = ? AND table_name = ? ORDER BY ORDINAL_POSITION[0m

2026/10/02 14:45:23 [32mgithub.com/QuantumNous/new-api/model/main.go:347 [33mSLOW SQL >= 200ms
[0m[31;1m[307.200ms] [33m[rows:-][35m SELECT DATABASE()[0m

2026/10/02 14:45:23 [32mgithub.com/QuantumNous/new-api/model/main.go:347 [33mSLOW SQL >= 200ms
[0m[31;1m[441.155ms] [33m[rows:1][35m SELECT SCHEMA_NAME from Information_schema.SCHEMATA where SCHEMA_NAME LIKE 'aiapi_hudongdian%' ORDER BY SCHEMA_NAME='aiapi_hudongdian' DESC,SCHEMA_NAME limit 1[0m

2026/10/02 14:45:24 [32mgithub.com/QuantumNous/new-api/model/main.go:347 [33mSLOW SQL >= 200ms
[0m[31;1m[567.351ms] [33m[rows:-][35m SELECT count(*) FROM information_schema.statistics WHERE table_schema = ? AND table_name = ? AND index_name = ?[0m

2026/10/02 14:45:24 [32mgithub.com/QuantumNous/new-api/model/main.go:347 [33mSLOW SQL >= 200ms
[0m[31;1m[268.054ms] [33m[rows:1][35m SELECT SCHEMA_NAME from Information_schema.SCHEMATA where SCHEMA_NAME LIKE 'aiapi_hudongdian%' ORDER BY SCHEMA_NAME='aiapi_hudongdian' DESC,SCHEMA_NAME limit 1[0m

2026/10/02 14:45:25 [32mgithub.com/QuantumNous/new-api/model/main.go:347 [33mSLOW SQL >= 200ms
[0m[31;1m[727.082ms] [33m[rows:-][35m SELECT * FROM `authz_roles` LIMIT 1[0m

2026/10/02 14:45:26 [32mgithub.com/QuantumNous/new-api/model/main.go:347 [33mSLOW SQL >= 200ms
[0m[31;1m[751.081ms] [33m[rows:1][35m SELECT SCHEMA_NAME from Information_schema.SCHEMATA where SCHEMA_NAME LIKE 'aiapi_hudongdian%' ORDER BY SCHEMA_NAME='aiapi_hudongdian' DESC,SCHEMA_NAME limit 1[0m

2026/10/02 14:45:27 [32mgithub.com/QuantumNous/new-api/model/main.go:347 [33mSLOW SQL >= 200ms
[0m[31;1m[339.638ms] [33m[rows:-][35m SELECT DATABASE()[0m

2026/10/02 14:45:27 [32mgithub.com/QuantumNous/new-api/model/main.go:347 [33mSLOW SQL >= 200ms
[0m[31;1m[783.671ms] [33m[rows:1][35m SELECT SCHEMA_NAME from Information_schema.SCHEMATA where SCHEMA_NAME LIKE 'aiapi_hudongdian%' ORDER BY SCHEMA_NAME='aiapi_hudongdian' DESC,SCHEMA_NAME limit 1[0m

2026/10/02 14:45:28 [32mgithub.com/QuantumNous/new-api/model/main.go:347 [33mSLOW SQL >= 200ms
[0m[31;1m[323.195ms] [33m[rows:-][35m SELECT * FROM `apps` LIMIT 1[0m

2026/10/02 14:45:28 [32mgithub.com/QuantumNous/new-api/model/main.go:347 [33mSLOW SQL >= 200ms
[0m[31;1m[273.428ms] [33m[rows:-][35m SELECT column_name, column_default, is_nullable = 'YES', data_type, character_maximum_length, column_type, column_key, extra, column_comment, numeric_precision, numeric_scale , datetime_precision FROM information_schema.columns WHERE table_schema = ? AND table_name = ? ORDER BY ORDINAL_POSITION[0m

2026/10/02 14:45:29 [32mgithub.com/QuantumNous/new-api/model/main.go:347 [33mSLOW SQL >= 200ms
[0m[31;1m[839.536ms] [33m[rows:0][35m ALTER TABLE `apps` MODIFY COLUMN `model_base_rate_ratio` double NOT NULL DEFAULT 1.000000[0m

2026/10/02 14:45:30 [32mgithub.com/QuantumNous/new-api/model/main.go:347 [33mSLOW SQL >= 200ms
[0m[31;1m[490.938ms] [33m[rows:-][35m SELECT DATABASE()[0m

2026/10/02 14:45:30 [32mgithub.com/QuantumNous/new-api/model/main.go:347 [33mSLOW SQL >= 200ms
[0m[31;1m[357.421ms] [33m[rows:1][35m SELECT SCHEMA_NAME from Information_schema.SCHEMATA where SCHEMA_NAME LIKE 'aiapi_hudongdian%' ORDER BY SCHEMA_NAME='aiapi_hudongdian' DESC,SCHEMA_NAME limit 1[0m

2026/10/02 14:45:30 [32mgithub.com/QuantumNous/new-api/model/main.go:347 [33mSLOW SQL >= 200ms
[0m[31;1m[201.867ms] [33m[rows:-][35m SELECT DATABASE()[0m

2026/10/02 14:45:31 [32mgithub.com/QuantumNous/new-api/model/main.go:347 [33mSLOW SQL >= 200ms
[0m[31;1m[396.184ms] [33m[rows:-][35m SELECT DATABASE()[0m

2026/10/02 14:45:31 [32mgithub.com/QuantumNous/new-api/model/main.go:347 [33mSLOW SQL >= 200ms
[0m[31;1m[394.747ms] [33m[rows:1][35m SELECT SCHEMA_NAME from Information_schema.SCHEMATA where SCHEMA_NAME LIKE 'aiapi_hudongdian%' ORDER BY SCHEMA_NAME='aiapi_hudongdian' DESC,SCHEMA_NAME limit 1[0m

2026/10/02 14:45:33 [32mgithub.com/QuantumNous/new-api/model/main.go:347 [33mSLOW SQL >= 200ms
[0m[31;1m[242.928ms] [33m[rows:-][35m SELECT DATABASE()[0m

2026/10/02 14:45:33 [32mgithub.com/QuantumNous/new-api/model/main.go:347 [33mSLOW SQL >= 200ms
[0m[31;1m[241.503ms] [33m[rows:1][35m SELECT SCHEMA_NAME from Information_schema.SCHEMATA where SCHEMA_NAME LIKE 'aiapi_hudongdian%' ORDER BY SCHEMA_NAME='aiapi_hudongdian' DESC,SCHEMA_NAME limit 1[0m

2026/10/02 14:45:33 [32mgithub.com/QuantumNous/new-api/model/main.go:347 [33mSLOW SQL >= 200ms
[0m[31;1m[265.191ms] [33m[rows:-][35m SELECT count(*) FROM information_schema.statistics WHERE table_schema = ? AND table_name = ? AND index_name = ?[0m

2026/10/02 14:45:34 [32mgithub.com/QuantumNous/new-api/model/main.go:347 [33mSLOW SQL >= 200ms
[0m[31;1m[425.570ms] [33m[rows:-][35m SELECT DATABASE()[0m

2026/10/02 14:45:34 [32mgithub.com/QuantumNous/new-api/model/main.go:347 [33mSLOW SQL >= 200ms
[0m[31;1m[259.237ms] [33m[rows:1][35m SELECT SCHEMA_NAME from Information_schema.SCHEMATA where SCHEMA_NAME LIKE 'aiapi_hudongdian%' ORDER BY SCHEMA_NAME='aiapi_hudongdian' DESC,SCHEMA_NAME limit 1[0m

2026/10/02 14:45:35 [32mgithub.com/QuantumNous/new-api/model/main.go:347 [33mSLOW SQL >= 200ms
[0m[31;1m[424.513ms] [33m[rows:-][35m SELECT count(*) FROM information_schema.statistics WHERE table_schema = ? AND table_name = ? AND index_name = ?[0m

2026/10/02 14:45:35 [32mgithub.com/QuantumNous/new-api/model/main.go:347 [33mSLOW SQL >= 200ms
[0m[31;1m[221.238ms] [33m[rows:1][35m SELECT SCHEMA_NAME from Information_schema.SCHEMATA where SCHEMA_NAME LIKE 'aiapi_hudongdian%' ORDER BY SCHEMA_NAME='aiapi_hudongdian' DESC,SCHEMA_NAME limit 1[0m

2026/10/02 14:45:37 [32mgithub.com/QuantumNous/new-api/model/main.go:347 [33mSLOW SQL >= 200ms
[0m[31;1m[272.120ms] [33m[rows:1][35m SELECT SCHEMA_NAME from Information_schema.SCHEMATA where SCHEMA_NAME LIKE 'aiapi_hudongdian%' ORDER BY SCHEMA_NAME='aiapi_hudongdian' DESC,SCHEMA_NAME limit 1[0m

2026/10/02 14:45:37 [32mgithub.com/QuantumNous/new-api/model/main.go:347 [33mSLOW SQL >= 200ms
[0m[31;1m[341.707ms] [33m[rows:-][35m SELECT count(*) FROM information_schema.statistics WHERE table_schema = ? AND table_name = ? AND index_name = ?[0m

2026/10/02 14:45:38 [32mgithub.com/QuantumNous/new-api/model/main.go:347 [33mSLOW SQL >= 200ms
[0m[31;1m[849.853ms] [33m[rows:-][35m SELECT DATABASE()[0m

2026/10/02 14:45:39 [32mgithub.com/QuantumNous/new-api/model/main.go:347 [33mSLOW SQL >= 200ms
[0m[31;1m[635.185ms] [33m[rows:-][35m SELECT * FROM `rh_queued_tasks` LIMIT 1[0m

2026/10/02 14:45:39 [32mgithub.com/QuantumNous/new-api/model/main.go:347 [33mSLOW SQL >= 200ms
[0m[31;1m[316.024ms] [33m[rows:-][35m SELECT column_name, column_default, is_nullable = 'YES', data_type, character_maximum_length, column_type, column_key, extra, column_comment, numeric_precision, numeric_scale , datetime_precision FROM information_schema.columns WHERE table_schema = ? AND table_name = ? ORDER BY ORDINAL_POSITION[0m

2026/10/02 14:45:40 [32mgithub.com/QuantumNous/new-api/model/main.go:347 [33mSLOW SQL >= 200ms
[0m[31;1m[447.233ms] [33m[rows:-][35m SELECT DATABASE()[0m

2026/10/02 14:45:42 [32mgithub.com/QuantumNous/new-api/model/user_auth_cache.go:240 [33mSLOW SQL >= 200ms
[0m[31;1m[1607.678ms] [33m[rows:0][35m UPDATE `users` SET `auth_version`=? WHERE (auth_version IS NULL OR auth_version < ?) AND `users`.`deleted_at` IS NULL[0m

2026/10/02 14:45:43 [32mgithub.com/QuantumNous/new-api/model/external_identity_claim.go:92 [33mSLOW SQL >= 200ms
[0m[31;1m[220.632ms] [33m[rows:0][35m SELECT `id`,`telegram_id` FROM `users` WHERE telegram_id <> ?[0m

2026/10/02 14:45:44 [32mgithub.com/QuantumNous/new-api/model/main.go:362 [33mSLOW SQL >= 200ms
[0m[31;1m[533.834ms] [33m[rows:-][35m SELECT * FROM `subscription_plans` LIMIT 1[0m

2026/10/02 14:45:44 [32mgithub.com/QuantumNous/new-api/model/main.go:362 [33mSLOW SQL >= 200ms
[0m[31;1m[451.626ms] [33m[rows:0][35m ALTER TABLE `subscription_plans` MODIFY COLUMN `price_amount` decimal(10,6) NOT NULL DEFAULT 0.000000[0m

2026/10/02 14:45:45 [32mgithub.com/QuantumNous/new-api/model/main.go:362 [33mSLOW SQL >= 200ms
[0m[31;1m[1076.975ms] [33m[rows:0][35m ALTER TABLE `subscription_plans` MODIFY COLUMN `enabled` boolean DEFAULT true[0m

2026/10/02 14:45:46 [32mgithub.com/QuantumNous/new-api/service/authz/seed.go:30 [33mSLOW SQL >= 200ms
[0m[31;1m[843.263ms] [33m[rows:0][35m INSERT INTO `authz_roles` (`key`,`name`,`description`,`built_in`,`enabled`,`sort`,`created_at`,`updated_at`) VALUES (?,?,?,?,?,?,?,?) ON DUPLICATE KEY UPDATE `name`=VALUES(`name`),`description`=VALUES(`description`),`built_in`=VALUES(`built_in`),`enabled`=VALUES(`enabled`),`sort`=VALUES(`sort`)[0m

2026/10/02 14:45:47 [32mgithub.com/QuantumNous/new-api/service/authz/seed.go:30 [33mSLOW SQL >= 200ms
[0m[31;1m[317.397ms] [33m[rows:0][35m INSERT INTO `authz_roles` (`key`,`name`,`description`,`built_in`,`enabled`,`sort`,`created_at`,`updated_at`) VALUES (?,?,?,?,?,?,?,?) ON DUPLICATE KEY UPDATE `name`=VALUES(`name`),`description`=VALUES(`description`),`built_in`=VALUES(`built_in`),`enabled`=VALUES(`enabled`),`sort`=VALUES(`sort`)[0m

2026/10/02 14:45:47 [32mgithub.com/QuantumNous/new-api/service/authz/seed.go:42 [33mSLOW SQL >= 200ms
[0m[31;1m[553.902ms] [33m[rows:3][35m DELETE FROM `casbin_rule` WHERE ptype = ? AND v0 IN (?,?)[0m

2026/10/02 14:45:47 [32mgithub.com/QuantumNous/new-api/service/authz/adapter.go:23 [33mSLOW SQL >= 200ms
[0m[31;1m[260.658ms] [33m[rows:0][35m SELECT * FROM `casbin_rule` ORDER BY id asc[0m

2026/10/02 14:45:48 [32mgithub.com/QuantumNous/new-api/service/authz/adapter.go:60 [33mSLOW SQL >= 200ms
[0m[31;1m[258.963ms] [33m[rows:1][35m SELECT count(*) FROM `casbin_rule` WHERE ptype = ? AND v0 = ? AND v1 = ? AND v2 = ? AND v3 = ? AND v4 = ? AND v5 = ?[0m

2026/10/02 14:45:49 [32mgithub.com/QuantumNous/new-api/service/authz/adapter.go:66 [33mSLOW SQL >= 200ms
[0m[31;1m[1297.820ms] [33m[rows:1][35m INSERT INTO `casbin_rule` (`ptype`,`v0`,`v1`,`v2`,`v3`,`v4`,`v5`) VALUES (?,?,?,?,?,?,?) ON DUPLICATE KEY UPDATE `id`=`id`[0m

2026/10/02 14:45:50 [32mgithub.com/QuantumNous/new-api/service/authz/adapter.go:66 [33mSLOW SQL >= 200ms
[0m[31;1m[444.229ms] [33m[rows:1][35m INSERT INTO `casbin_rule` (`ptype`,`v0`,`v1`,`v2`,`v3`,`v4`,`v5`) VALUES (?,?,?,?,?,?,?) ON DUPLICATE KEY UPDATE `id`=`id`[0m

2026/10/02 14:45:50 [32mgithub.com/QuantumNous/new-api/service/authz/adapter.go:66 [33mSLOW SQL >= 200ms
[0m[31;1m[500.220ms] [33m[rows:1][35m INSERT INTO `casbin_rule` (`ptype`,`v0`,`v1`,`v2`,`v3`,`v4`,`v5`) VALUES (?,?,?,?,?,?,?) ON DUPLICATE KEY UPDATE `id`=`id`[0m

2026/10/02 14:45:50 [32mgithub.com/QuantumNous/new-api/model/setup.go:11 [33mSLOW SQL >= 200ms
[0m[31;1m[223.801ms] [33m[rows:1][35m SELECT * FROM `setups` ORDER BY `setups`.`id` LIMIT 1[0m
[SYS] 2026/10/02 - 14:45:50 | system is already initialized at: 2026-08-27 20:07:59 +0800 CST 

2026/10/02 14:45:51 [32mgithub.com/QuantumNous/new-api/model/frontend_option_migration.go:53 [33mSLOW SQL >= 200ms
[0m[31;1m[368.781ms] [33m[rows:1][35m SELECT * FROM `options` WHERE `options`.`key` = ? ORDER BY `options`.`key` LIMIT 1[0m

2026/10/02 14:45:51 [32mgithub.com/QuantumNous/new-api/model/frontend_option_migration.go:70 [33mSLOW SQL >= 200ms
[0m[31;1m[214.323ms] [33m[rows:0][35m SELECT * FROM `options` WHERE `options`.`key` = ? ORDER BY `options`.`key` LIMIT 1[0m

2026/10/02 14:45:52 [32mgithub.com/QuantumNous/new-api/model/frontend_option_migration.go:70 [33mSLOW SQL >= 200ms
[0m[31;1m[454.324ms] [33m[rows:0][35m SELECT * FROM `options` WHERE `options`.`key` = ? ORDER BY `options`.`key` LIMIT 1[0m

2026/10/02 14:45:53 [32mgithub.com/QuantumNous/new-api/model/frontend_option_migration.go:70 [33mSLOW SQL >= 200ms
[0m[31;1m[761.291ms] [33m[rows:0][35m SELECT * FROM `options` WHERE `options`.`key` = ? ORDER BY `options`.`key` LIMIT 1[0m

2026/10/02 14:45:55 [32mgithub.com/QuantumNous/new-api/model/frontend_option_migration.go:182 [33mSLOW SQL >= 200ms
[0m[31;1m[659.856ms] [33m[rows:0][35m SELECT * FROM `options` WHERE `options`.`key` = ? ORDER BY `options`.`key` LIMIT 1[0m

2026/10/02 14:45:56 [32mgithub.com/QuantumNous/new-api/model/option.go:26 [33mSLOW SQL >= 200ms
[0m[31;1m[1044.085ms] [33m[rows:37][35m SELECT * FROM `options`[0m
[SYS] 2026/10/02 - 14:45:56 | REDIS_CONN_STRING not set, Redis is not enabled 
[SYS] 2026/10/02 - 14:45:56 | i18n initialized with languages: zh-CN, zh-TW, en 
[SYS] 2026/10/02 - 14:45:56 | Loaded 0 custom OAuth providers 
[SYS] 2026/10/02 - 14:45:56 | New API v0.0.0 started 

2026/10/02 14:45:57 [32mgithub.com/QuantumNous/new-api/model/user_session.go:194 [33mSLOW SQL >= 200ms
[0m[31;1m[302.757ms] [33m[rows:1][35m SELECT count(*) FROM `user_sessions` WHERE created_at > ?[0m

2026/10/02 14:45:57 [32mgithub.com/QuantumNous/new-api/model/user_session.go:811 [33mSLOW SQL >= 200ms
[0m[31;1m[379.332ms] [33m[rows:0][35m SELECT `sid` FROM `user_sessions` WHERE expires_at < ? AND created_at <= ? AND (status <> ? OR revoked_at <= 0 OR revoked_at < ?) ORDER BY expires_at LIMIT 1000[0m

2026/10/02 14:45:57 [32mgithub.com/QuantumNous/new-api/model/user_session.go:847 [33mSLOW SQL >= 200ms
[0m[31;1m[455.413ms] [33m[rows:0][35m SELECT `sid` FROM `user_sessions` WHERE status = ? AND revoked_at > 0 AND revoked_at < ? AND created_at <= ? ORDER BY revoked_at LIMIT 1000[0m

2026/10/02 14:45:59 [32mgithub.com/QuantumNous/new-api/model/ability.go:39 [33mSLOW SQL >= 200ms
[0m[31;1m[3113.916ms] [33m[rows:138][35m SELECT abilities.*, channels.type as channel_type FROM `abilities` left join channels on abilities.channel_id = channels.id WHERE abilities.enabled = true[0m

2026/10/02 14:45:59 [32mgithub.com/QuantumNous/new-api/model/auth_flow.go:235 [33mSLOW SQL >= 200ms
[0m[31;1m[1973.871ms] [33m[rows:0][35m DELETE FROM `auth_flows` WHERE expires_at < ? OR (consumed_at IS NOT NULL AND consumed_at < ?)[0m

2026/10/02 14:46:01 [32mgithub.com/QuantumNous/new-api/model/pricing.go:191 [33mSLOW SQL >= 200ms
[0m[31;1m[1731.124ms] [33m[rows:22][35m SELECT * FROM `models` WHERE `models`.`deleted_at` IS NULL[0m
[SYS] 2026/10/02 - 14:46:01 | 正在更新数据看板数据... 
[INFO] 2026/10/02 - 14:46:01 | SYSTEM | codex credential auto-refresh task started: tick=10m0s threshold=24h0m0s 
[INFO] 2026/10/02 - 14:46:01 | SYSTEM | subscription quota reset task started: tick=1m0s 
[INFO] 2026/10/02 - 14:46:01 | SYSTEM | system task runner started: runner=DESKTOP-PPTCMCN-FIibPM9J idle_interval=15s 
[SYS] 2026/10/02 - 14:46:01 | 保存数据看板数据成功，共保存0条数据 
[SYS] 2026/10/02 - 14:46:01 | zsy-appauth: mounted /api/zsy/auth/register and /api/zsy/auth/login, default key name=默认密钥 group=官方渠道 

  [33mWarning: Refresh cookie is not secure and refresh/logout Origin validation is disabled. Please set SESSION_COOKIE_SECURE=true in production.[0m


  [32mAiPole v0.0.0[0m  ready in 175040 ms

  ➜  [1mLocal:[0m   http://localhost:3000/
  ➜  [1mNetwork:[0m http://192.168.1.12:3000/
  ➜  [1mNetwork:[0m http://192.168.2.19:3000/
  ➜  [1mNetwork:[0m http://172.23.64.1:3000/
  ➜  [1mNetwork:[0m http://192.168.1.3:3000/


2026/10/02 14:46:02 [32mgithub.com/QuantumNous/new-api/model/system_instance.go:69 [33mSLOW SQL >= 200ms
[0m[31;1m[466.373ms] [33m[rows:2][35m INSERT INTO `system_instances` (`node_name`,`info`,`started_at`,`last_seen_at`,`created_at`,`updated_at`) VALUES (?,?,?,?,?,?) ON DUPLICATE KEY UPDATE `info`=VALUES(`info`),`started_at`=VALUES(`started_at`),`last_seen_at`=VALUES(`last_seen_at`),`updated_at`=VALUES(`updated_at`)[0m

2026/10/02 14:46:02 [32mgithub.com/QuantumNous/new-api/model/system_task.go:362 [33mSLOW SQL >= 200ms
[0m[31;1m[888.302ms] [33m[rows:0][35m SELECT * FROM `system_task_locks` WHERE locked_until < ?[0m

2026/10/02 14:46:03 [32mgithub.com/QuantumNous/new-api/model/midjourney.go:116 [33mSLOW SQL >= 200ms
[0m[31;1m[570.130ms] [33m[rows:0][35m SELECT `id` FROM `midjourneys` WHERE progress != ? LIMIT 1[0m

2026/10/02 14:46:03 [32mgithub.com/QuantumNous/new-api/model/task.go:355 [33mSLOW SQL >= 200ms
[0m[31;1m[580.777ms] [33m[rows:0][35m SELECT `id` FROM `tasks` WHERE progress != ? AND status != ? AND status != ? LIMIT 1[0m

2026/10/02 14:46:04 [32mgithub.com/QuantumNous/new-api/service/codex_credential_refresh_task.go:80 [33mSLOW SQL >= 200ms
[0m[31;1m[2309.737ms] [33m[rows:0][35m SELECT `id`,`name`,`key`,`status`,`channel_info` FROM `channels` WHERE type = ? AND (status = ? OR status = ?) ORDER BY id asc LIMIT 200[0m

2026/10/02 14:46:04 [32mgithub.com/QuantumNous/new-api/model/system_task.go:216 [33mSLOW SQL >= 200ms
[0m[31;1m[486.858ms] [33m[rows:1][35m SELECT * FROM `system_tasks` WHERE id IN (SELECT MAX(id) FROM `system_tasks` WHERE type IN (?) GROUP BY `type`)[0m

2026/10/02 14:46:04 [32mgithub.com/QuantumNous/new-api/model/subscription.go:1476 [33mSLOW SQL >= 200ms
[0m[31;1m[1878.160ms] [33m[rows:0][35m DELETE FROM `subscription_pre_consume_records` WHERE updated_at < ?[0m

2026/10/02 14:46:05 [32mgithub.com/QuantumNous/new-api/zsy/runninghub/queue.go:203 [33mSLOW SQL >= 200ms
[0m[31;1m[255.709ms] [33m[rows:0][35m SELECT * FROM `rh_queued_tasks` WHERE created_at < ? ORDER BY created_at asc LIMIT 50[0m

2026/10/02 14:46:05 [32mgithub.com/QuantumNous/new-api/zsy/runninghub/queue.go:116 [33mSLOW SQL >= 200ms
[0m[31;1m[223.090ms] [33m[rows:0][35m SELECT * FROM `rh_queued_tasks` ORDER BY created_at asc, id asc LIMIT 20[0m
[GIN] 2026/10/02 - 14:46:06 | api | 202610020646064044391008268d9d6ktRG8D0T | 200 |       607.5µs |             ::1 |     GET /api/status

2026/10/02 14:46:08 [32mgithub.com/QuantumNous/new-api/zsy/runninghub/queue.go:203 [33mSLOW SQL >= 200ms
[0m[31;1m[582.731ms] [33m[rows:0][35m SELECT * FROM `rh_queued_tasks` WHERE created_at < ? ORDER BY created_at asc LIMIT 50[0m

2026/10/02 14:46:11 [32mgithub.com/QuantumNous/new-api/zsy/runninghub/queue.go:203 [33mSLOW SQL >= 200ms
[0m[31;1m[807.595ms] [33m[rows:0][35m SELECT * FROM `rh_queued_tasks` WHERE created_at < ? ORDER BY created_at asc LIMIT 50[0m

2026/10/02 14:46:12 [32mgithub.com/QuantumNous/new-api/zsy/runninghub/queue.go:116 [33mSLOW SQL >= 200ms
[0m[31;1m[484.957ms] [33m[rows:0][35m SELECT * FROM `rh_queued_tasks` ORDER BY created_at asc, id asc LIMIT 20[0m

2026/10/02 14:46:17 [32mgithub.com/QuantumNous/new-api/model/system_task.go:169 [33mSLOW SQL >= 200ms
[0m[31;1m[721.205ms] [33m[rows:0][35m SELECT * FROM `system_tasks` WHERE id IN (SELECT MIN(id) FROM `system_tasks` WHERE type IN (?,?,?,?,?) AND status = ? GROUP BY `type`)[0m

2026/10/02 14:46:22 [32mgithub.com/QuantumNous/new-api/zsy/runninghub/queue.go:203 [33mSLOW SQL >= 200ms
[0m[31;1m[206.604ms] [33m[rows:0][35m SELECT * FROM `rh_queued_tasks` WHERE created_at < ? ORDER BY created_at asc LIMIT 50[0m

2026/10/02 14:46:23 [32mgithub.com/QuantumNous/new-api/zsy/runninghub/queue.go:116 [33mSLOW SQL >= 200ms
[0m[31;1m[204.769ms] [33m[rows:0][35m SELECT * FROM `rh_queued_tasks` ORDER BY created_at asc, id asc LIMIT 20[0m

2026/10/02 14:46:25 [32mgithub.com/QuantumNous/new-api/zsy/runninghub/queue.go:203 [33mSLOW SQL >= 200ms
[0m[31;1m[235.696ms] [33m[rows:0][35m SELECT * FROM `rh_queued_tasks` WHERE created_at < ? ORDER BY created_at asc LIMIT 50[0m

2026/10/02 14:46:26 [32mgithub.com/QuantumNous/new-api/zsy/runninghub/queue.go:116 [33mSLOW SQL >= 200ms
[0m[31;1m[399.375ms] [33m[rows:0][35m SELECT * FROM `rh_queued_tasks` ORDER BY created_at asc, id asc LIMIT 20[0m
[GIN] 2026/10/02 - 14:46:27 | web | 202610020646278619220008268d9d6sAeue97D | 200 |            0s |             ::1 |     GET /
[GIN] 2026/10/02 - 14:46:28 | web | 202610020646278914719008268d9d6DTFCGvkD | 200 |    260.6631ms |             ::1 |    HEAD /static/js/index.65a051c78d.js

2026/10/02 14:46:32 [32mgithub.com/QuantumNous/new-api/zsy/runninghub/queue.go:203 [33mSLOW SQL >= 200ms
[0m[31;1m[266.063ms] [33m[rows:0][35m SELECT * FROM `rh_queued_tasks` WHERE created_at < ? ORDER BY created_at asc LIMIT 50[0m

2026/10/02 14:46:32 [32mgithub.com/QuantumNous/new-api/model/midjourney.go:116 [33mSLOW SQL >= 200ms
[0m[31;1m[200.630ms] [33m[rows:0][35m SELECT `id` FROM `midjourneys` WHERE progress != ? LIMIT 1[0m

2026/10/02 14:46:32 [32mgithub.com/QuantumNous/new-api/zsy/runninghub/queue.go:116 [33mSLOW SQL >= 200ms
[0m[31;1m[359.489ms] [33m[rows:0][35m SELECT * FROM `rh_queued_tasks` ORDER BY created_at asc, id asc LIMIT 20[0m

2026/10/02 14:46:32 [32mgithub.com/QuantumNous/new-api/model/system_task.go:216 [33mSLOW SQL >= 200ms
[0m[31;1m[270.884ms] [33m[rows:1][35m SELECT * FROM `system_tasks` WHERE id IN (SELECT MAX(id) FROM `system_tasks` WHERE type IN (?) GROUP BY `type`)[0m

2026/10/02 14:46:32 [32mgithub.com/QuantumNous/new-api/model/system_instance.go:69 [33mSLOW SQL >= 200ms
[0m[31;1m[628.518ms] [33m[rows:2][35m INSERT INTO `system_instances` (`node_name`,`info`,`started_at`,`last_seen_at`,`created_at`,`updated_at`) VALUES (?,?,?,?,?,?) ON DUPLICATE KEY UPDATE `info`=VALUES(`info`),`started_at`=VALUES(`started_at`),`last_seen_at`=VALUES(`last_seen_at`),`updated_at`=VALUES(`updated_at`)[0m

2026/10/02 14:46:41 [32mgithub.com/QuantumNous/new-api/zsy/runninghub/queue.go:203 [33mSLOW SQL >= 200ms
[0m[31;1m[736.895ms] [33m[rows:0][35m SELECT * FROM `rh_queued_tasks` WHERE created_at < ? ORDER BY created_at asc LIMIT 50[0m

2026/10/02 14:46:44 [32mgithub.com/QuantumNous/new-api/zsy/runninghub/queue.go:203 [33mSLOW SQL >= 200ms
[0m[31;1m[555.924ms] [33m[rows:0][35m SELECT * FROM `rh_queued_tasks` WHERE created_at < ? ORDER BY created_at asc LIMIT 50[0m

2026/10/02 14:46:48 [32mgithub.com/QuantumNous/new-api/model/system_task.go:169 [33mSLOW SQL >= 200ms
[0m[31;1m[761.351ms] [33m[rows:0][35m SELECT * FROM `system_tasks` WHERE id IN (SELECT MIN(id) FROM `system_tasks` WHERE type IN (?,?,?,?,?) AND status = ? GROUP BY `type`)[0m

2026/10/02 14:46:50 [32mgithub.com/QuantumNous/new-api/zsy/runninghub/queue.go:203 [33mSLOW SQL >= 200ms
[0m[31;1m[469.873ms] [33m[rows:0][35m SELECT * FROM `rh_queued_tasks` WHERE created_at < ? ORDER BY created_at asc LIMIT 50[0m

2026/10/02 14:46:50 [32mgithub.com/QuantumNous/new-api/zsy/runninghub/queue.go:116 [33mSLOW SQL >= 200ms
[0m[31;1m[387.558ms] [33m[rows:0][35m SELECT * FROM `rh_queued_tasks` ORDER BY created_at asc, id asc LIMIT 20[0m

2026/10/02 14:46:53 [32mgithub.com/QuantumNous/new-api/zsy/runninghub/queue.go:203 [33mSLOW SQL >= 200ms
[0m[31;1m[932.223ms] [33m[rows:0][35m SELECT * FROM `rh_queued_tasks` WHERE created_at < ? ORDER BY created_at asc LIMIT 50[0m

2026/10/02 14:46:54 [32mgithub.com/QuantumNous/new-api/zsy/runninghub/queue.go:116 [33mSLOW SQL >= 200ms
[0m[31;1m[344.651ms] [33m[rows:0][35m SELECT * FROM `rh_queued_tasks` ORDER BY created_at asc, id asc LIMIT 20[0m

2026/10/02 14:46:56 [32mgithub.com/QuantumNous/new-api/zsy/runninghub/queue.go:203 [33mSLOW SQL >= 200ms
[0m[31;1m[572.409ms] [33m[rows:0][35m SELECT * FROM `rh_queued_tasks` WHERE created_at < ? ORDER BY created_at asc LIMIT 50[0m

2026/10/02 14:46:56 [32mgithub.com/QuantumNous/new-api/zsy/runninghub/queue.go:116 [33mSLOW SQL >= 200ms
[0m[31;1m[287.301ms] [33m[rows:0][35m SELECT * FROM `rh_queued_tasks` ORDER BY created_at asc, id asc LIMIT 20[0m
[SYS] 2026/10/02 - 14:47:01 | syncing options from database 

2026/10/02 14:47:02 [32mgithub.com/QuantumNous/new-api/service/authz/adapter.go:23 [33mSLOW SQL >= 200ms
[0m[31;1m[786.634ms] [33m[rows:3][35m SELECT * FROM `casbin_rule` ORDER BY id asc[0m

2026/10/02 14:47:02 [32mgithub.com/QuantumNous/new-api/model/option.go:26 [33mSLOW SQL >= 200ms
[0m[31;1m[975.008ms] [33m[rows:37][35m SELECT * FROM `options`[0m

2026/10/02 14:47:04 [32mgithub.com/QuantumNous/new-api/zsy/runninghub/queue.go:203 [33mSLOW SQL >= 200ms
[0m[31;1m[2974.325ms] [33m[rows:0][35m SELECT * FROM `rh_queued_tasks` WHERE created_at < ? ORDER BY created_at asc LIMIT 50[0m

2026/10/02 14:47:04 [32mgithub.com/QuantumNous/new-api/model/db_time.go:16 [33mSLOW SQL >= 200ms
[0m[31;1m[2990.960ms] [33m[rows:1][35m SELECT UNIX_TIMESTAMP()[0m

2026/10/02 14:47:05 [32mgithub.com/QuantumNous/new-api/zsy/runninghub/queue.go:116 [33mSLOW SQL >= 200ms
[0m[31;1m[287.038ms] [33m[rows:0][35m SELECT * FROM `rh_queued_tasks` ORDER BY created_at asc, id asc LIMIT 20[0m

2026/10/02 14:47:05 [32mgithub.com/QuantumNous/new-api/model/subscription.go:1149 [33mSLOW SQL >= 200ms
[0m[31;1m[271.428ms] [33m[rows:0][35m SELECT * FROM `user_subscriptions` WHERE status = ? AND end_time > 0 AND end_time <= ? ORDER BY end_time asc, id asc LIMIT 300[0m

2026/10/02 14:47:05 [32mgithub.com/QuantumNous/new-api/model/db_time.go:16 [33mSLOW SQL >= 200ms
[0m[31;1m[791.355ms] [33m[rows:1][35m SELECT UNIX_TIMESTAMP()[0m

2026/10/02 14:47:05 [32mgithub.com/QuantumNous/new-api/model/system_instance.go:69 [33mSLOW SQL >= 200ms
[0m[31;1m[3591.257ms] [33m[rows:2][35m INSERT INTO `system_instances` (`node_name`,`info`,`started_at`,`last_seen_at`,`created_at`,`updated_at`) VALUES (?,?,?,?,?,?) ON DUPLICATE KEY UPDATE `info`=VALUES(`info`),`started_at`=VALUES(`started_at`),`last_seen_at`=VALUES(`last_seen_at`),`updated_at`=VALUES(`updated_at`)[0m

2026/10/02 14:47:05 [32mgithub.com/QuantumNous/new-api/zsy/runninghub/queue.go:203 [33mSLOW SQL >= 200ms
[0m[31;1m[793.496ms] [33m[rows:0][35m SELECT * FROM `rh_queued_tasks` WHERE created_at < ? ORDER BY created_at asc LIMIT 50[0m

2026/10/02 14:47:05 [32mgithub.com/QuantumNous/new-api/model/system_task.go:169 [33mSLOW SQL >= 200ms
[0m[31;1m[4059.397ms] [33m[rows:0][35m SELECT * FROM `system_tasks` WHERE id IN (SELECT MIN(id) FROM `system_tasks` WHERE type IN (?,?,?,?,?) AND status = ? GROUP BY `type`)[0m

2026/10/02 14:47:08 [32mgithub.com/QuantumNous/new-api/zsy/runninghub/queue.go:203 [33mSLOW SQL >= 200ms
[0m[31;1m[955.912ms] [33m[rows:0][35m SELECT * FROM `rh_queued_tasks` WHERE created_at < ? ORDER BY created_at asc LIMIT 50[0m

2026/10/02 14:47:14 [32mgithub.com/QuantumNous/new-api/zsy/runninghub/queue.go:116 [33mSLOW SQL >= 200ms
[0m[31;1m[340.544ms] [33m[rows:0][35m SELECT * FROM `rh_queued_tasks` ORDER BY created_at asc, id asc LIMIT 20[0m

2026/10/02 14:47:17 [32mgithub.com/QuantumNous/new-api/zsy/runninghub/queue.go:203 [33mSLOW SQL >= 200ms
[0m[31;1m[527.593ms] [33m[rows:0][35m SELECT * FROM `rh_queued_tasks` WHERE created_at < ? ORDER BY created_at asc LIMIT 50[0m

2026/10/02 14:47:17 [32mgithub.com/QuantumNous/new-api/model/system_task.go:362 [33mSLOW SQL >= 200ms
[0m[31;1m[624.380ms] [33m[rows:0][35m SELECT * FROM `system_task_locks` WHERE locked_until < ?[0m

2026/10/02 14:47:17 [32mgithub.com/QuantumNous/new-api/model/task.go:355 [33mSLOW SQL >= 200ms
[0m[31;1m[219.288ms] [33m[rows:0][35m SELECT `id` FROM `tasks` WHERE progress != ? AND status != ? AND status != ? LIMIT 1[0m

2026/10/02 14:47:22 [32mgithub.com/QuantumNous/new-api/zsy/runninghub/queue.go:203 [33mSLOW SQL >= 200ms
[0m[31;1m[203.518ms] [33m[rows:0][35m SELECT * FROM `rh_queued_tasks` WHERE created_at < ? ORDER BY created_at asc LIMIT 50[0m

2026/10/02 14:47:25 [32mgithub.com/QuantumNous/new-api/zsy/runninghub/queue.go:203 [33mSLOW SQL >= 200ms
[0m[31;1m[232.604ms] [33m[rows:0][35m SELECT * FROM `rh_queued_tasks` WHERE created_at < ? ORDER BY created_at asc LIMIT 50[0m

2026/10/02 14:47:26 [32mgithub.com/QuantumNous/new-api/zsy/runninghub/queue.go:116 [33mSLOW SQL >= 200ms
[0m[31;1m[317.306ms] [33m[rows:0][35m SELECT * FROM `rh_queued_tasks` ORDER BY created_at asc, id asc LIMIT 20[0m

2026/10/02 14:47:29 [32mgithub.com/QuantumNous/new-api/zsy/runninghub/queue.go:116 [33mSLOW SQL >= 200ms
[0m[31;1m[203.200ms] [33m[rows:0][35m SELECT * FROM `rh_queued_tasks` ORDER BY created_at asc, id asc LIMIT 20[0m

2026/10/02 14:47:31 [32mgithub.com/QuantumNous/new-api/model/midjourney.go:116 [33mSLOW SQL >= 200ms
[0m[31;1m[207.642ms] [33m[rows:0][35m SELECT `id` FROM `midjourneys` WHERE progress != ? LIMIT 1[0m

2026/10/02 14:47:31 [32mgithub.com/QuantumNous/new-api/zsy/runninghub/queue.go:203 [33mSLOW SQL >= 200ms
[0m[31;1m[210.872ms] [33m[rows:0][35m SELECT * FROM `rh_queued_tasks` WHERE created_at < ? ORDER BY created_at asc LIMIT 50[0m

2026/10/02 14:47:32 [32mgithub.com/QuantumNous/new-api/model/system_task.go:169 [33mSLOW SQL >= 200ms
[0m[31;1m[202.381ms] [33m[rows:0][35m SELECT * FROM `system_tasks` WHERE id IN (SELECT MIN(id) FROM `system_tasks` WHERE type IN (?,?,?,?,?) AND status = ? GROUP BY `type`)[0m

2026/10/02 14:47:32 [32mgithub.com/QuantumNous/new-api/model/system_instance.go:69 [33mSLOW SQL >= 200ms
[0m[31;1m[483.413ms] [33m[rows:2][35m INSERT INTO `system_instances` (`node_name`,`info`,`started_at`,`last_seen_at`,`created_at`,`updated_at`) VALUES (?,?,?,?,?,?) ON DUPLICATE KEY UPDATE `info`=VALUES(`info`),`started_at`=VALUES(`started_at`),`last_seen_at`=VALUES(`last_seen_at`),`updated_at`=VALUES(`updated_at`)[0m

2026/10/02 14:47:35 [32mgithub.com/QuantumNous/new-api/zsy/runninghub/queue.go:203 [33mSLOW SQL >= 200ms
[0m[31;1m[805.938ms] [33m[rows:0][35m SELECT * FROM `rh_queued_tasks` WHERE created_at < ? ORDER BY created_at asc LIMIT 50[0m

2026/10/02 14:47:36 [32mgithub.com/QuantumNous/new-api/zsy/runninghub/queue.go:116 [33mSLOW SQL >= 200ms
[0m[31;1m[819.908ms] [33m[rows:0][35m SELECT * FROM `rh_queued_tasks` ORDER BY created_at asc, id asc LIMIT 20[0m
[GIN] 2026/10/02 - 14:47:40 | web | 202610020647400116198008268d9d6a3IIHdRO | 200 |       605.6µs |             ::1 |     GET /
[GIN] 2026/10/02 - 14:47:40 | web | 202610020647402671806008268d9d61eczWoAO | 200 |    233.6676ms |             ::1 |     GET /static/js/index.65a051c78d.js
[GIN] 2026/10/02 - 14:47:40 | api | 202610020647407907664008268d9d6TJk1QU2F | 200 |      1.1864ms |             ::1 |     GET /api/status
[GIN] 2026/10/02 - 14:47:40 | api | 202610020647408603584008268d9d6BgLc5BWz | 401 |            0s |             ::1 |    POST /api/user/auth/refresh
[GIN] 2026/10/02 - 14:47:40 | web | 202610020647408629139008268d9d6jdQML1Bi | 200 |            0s |             ::1 |     GET /@vite/client
[GIN] 2026/10/02 - 14:47:40 | api | 202610020647409727329008268d9d6uNcNITQ5 | 200 |       510.1µs |             ::1 |     GET /api/status
[GIN] 2026/10/02 - 14:47:40 | api | 202610020647409951054008268d9d6Dva5vIln | 200 |       566.9µs |             ::1 |     GET /api/status
[GIN] 2026/10/02 - 14:47:40 | api | 202610020647409968871008268d9d6S5koT34i | 200 |            0s |             ::1 |     GET /api/notice
[GIN] 2026/10/02 - 14:47:40 | api | 202610020647409985352008268d9d6KdFPXCsA | 200 |            0s |             ::1 |     GET /api/home_page_content

2026/10/02 14:47:41 [32mgithub.com/QuantumNous/new-api/zsy/runninghub/queue.go:203 [33mSLOW SQL >= 200ms
[0m[31;1m[757.116ms] [33m[rows:0][35m SELECT * FROM `rh_queued_tasks` WHERE created_at < ? ORDER BY created_at asc LIMIT 50[0m

2026/10/02 14:47:47 [32mgithub.com/QuantumNous/new-api/zsy/runninghub/queue.go:116 [33mSLOW SQL >= 200ms
[0m[31;1m[207.644ms] [33m[rows:0][35m SELECT * FROM `rh_queued_tasks` ORDER BY created_at asc, id asc LIMIT 20[0m

2026/10/02 14:47:47 [32mgithub.com/QuantumNous/new-api/model/system_task.go:362 [33mSLOW SQL >= 200ms
[0m[31;1m[293.458ms] [33m[rows:0][35m SELECT * FROM `system_task_locks` WHERE locked_until < ?[0m

2026/10/02 14:47:47 [32mgithub.com/QuantumNous/new-api/model/task.go:355 [33mSLOW SQL >= 200ms
[0m[31;1m[371.500ms] [33m[rows:0][35m SELECT `id` FROM `tasks` WHERE progress != ? AND status != ? AND status != ? LIMIT 1[0m

2026/10/02 14:47:48 [32mgithub.com/QuantumNous/new-api/model/system_task.go:216 [33mSLOW SQL >= 200ms
[0m[31;1m[545.486ms] [33m[rows:1][35m SELECT * FROM `system_tasks` WHERE id IN (SELECT MAX(id) FROM `system_tasks` WHERE type IN (?) GROUP BY `type`)[0m

2026/10/02 14:47:49 [32mgithub.com/QuantumNous/new-api/model/system_task.go:169 [33mSLOW SQL >= 200ms
[0m[31;1m[1142.235ms] [33m[rows:0][35m SELECT * FROM `system_tasks` WHERE id IN (SELECT MIN(id) FROM `system_tasks` WHERE type IN (?,?,?,?,?) AND status = ? GROUP BY `type`)[0m

2026/10/02 14:47:53 [32mgithub.com/QuantumNous/new-api/zsy/runninghub/queue.go:203 [33mSLOW SQL >= 200ms
[0m[31;1m[966.111ms] [33m[rows:0][35m SELECT * FROM `rh_queued_tasks` WHERE created_at < ? ORDER BY created_at asc LIMIT 50[0m

2026/10/02 14:47:53 [32mgithub.com/QuantumNous/new-api/zsy/runninghub/queue.go:116 [33mSLOW SQL >= 200ms
[0m[31;1m[267.688ms] [33m[rows:0][35m SELECT * FROM `rh_queued_tasks` ORDER BY created_at asc, id asc LIMIT 20[0m

2026/10/02 14:48:02 [32mgithub.com/QuantumNous/new-api/model/system_task.go:169 [33mSLOW SQL >= 200ms
[0m[31;1m[428.104ms] [33m[rows:0][35m SELECT * FROM `system_tasks` WHERE id IN (SELECT MIN(id) FROM `system_tasks` WHERE type IN (?,?,?,?,?) AND status = ? GROUP BY `type`)[0m

2026/10/02 14:48:02 [32mgithub.com/QuantumNous/new-api/model/db_time.go:16 [33mSLOW SQL >= 200ms
[0m[31;1m[511.115ms] [33m[rows:1][35m SELECT UNIX_TIMESTAMP()[0m

2026/10/02 14:48:02 [32mgithub.com/QuantumNous/new-api/zsy/runninghub/queue.go:203 [33mSLOW SQL >= 200ms
[0m[31;1m[660.915ms] [33m[rows:0][35m SELECT * FROM `rh_queued_tasks` WHERE created_at < ? ORDER BY created_at asc LIMIT 50[0m
[SYS] 2026/10/02 - 14:48:02 | syncing options from database 

2026/10/02 14:48:02 [32mgithub.com/QuantumNous/new-api/model/db_time.go:16 [33mSLOW SQL >= 200ms
[0m[31;1m[521.452ms] [33m[rows:1][35m SELECT UNIX_TIMESTAMP()[0m

2026/10/02 14:48:02 [32mgithub.com/QuantumNous/new-api/model/option.go:26 [33mSLOW SQL >= 200ms
[0m[31;1m[230.650ms] [33m[rows:37][35m SELECT * FROM `options`[0m

2026/10/02 14:48:03 [32mgithub.com/QuantumNous/new-api/model/system_instance.go:69 [33mSLOW SQL >= 200ms
[0m[31;1m[987.068ms] [33m[rows:2][35m INSERT INTO `system_instances` (`node_name`,`info`,`started_at`,`last_seen_at`,`created_at`,`updated_at`) VALUES (?,?,?,?,?,?) ON DUPLICATE KEY UPDATE `info`=VALUES(`info`),`started_at`=VALUES(`started_at`),`last_seen_at`=VALUES(`last_seen_at`),`updated_at`=VALUES(`updated_at`)[0m

2026/10/02 14:48:10 [32mgithub.com/QuantumNous/new-api/zsy/runninghub/queue.go:203 [33mSLOW SQL >= 200ms
[0m[31;1m[3042.088ms] [33m[rows:0][35m SELECT * FROM `rh_queued_tasks` WHERE created_at < ? ORDER BY created_at asc LIMIT 50[0m

2026/10/02 14:48:11 [32mgithub.com/QuantumNous/new-api/zsy/runninghub/queue.go:116 [33mSLOW SQL >= 200ms
[0m[31;1m[693.104ms] [33m[rows:0][35m SELECT * FROM `rh_queued_tasks` ORDER BY created_at asc, id asc LIMIT 20[0m

2026/10/02 14:48:18 [32mgithub.com/QuantumNous/new-api/model/system_task.go:216 [33mSLOW SQL >= 200ms
[0m[31;1m[1068.440ms] [33m[rows:1][35m SELECT * FROM `system_tasks` WHERE id IN (SELECT MAX(id) FROM `system_tasks` WHERE type IN (?) GROUP BY `type`)[0m

2026/10/02 14:48:19 [32mgithub.com/QuantumNous/new-api/zsy/runninghub/queue.go:203 [33mSLOW SQL >= 200ms
[0m[31;1m[3054.270ms] [33m[rows:0][35m SELECT * FROM `rh_queued_tasks` WHERE created_at < ? ORDER BY created_at asc LIMIT 50[0m

2026/10/02 14:48:20 [32mgithub.com/QuantumNous/new-api/zsy/runninghub/queue.go:116 [33mSLOW SQL >= 200ms
[0m[31;1m[299.577ms] [33m[rows:0][35m SELECT * FROM `rh_queued_tasks` ORDER BY created_at asc, id asc LIMIT 20[0m

2026/10/02 14:48:23 [32mgithub.com/QuantumNous/new-api/zsy/runninghub/queue.go:203 [33mSLOW SQL >= 200ms
[0m[31;1m[1160.438ms] [33m[rows:0][35m SELECT * FROM `rh_queued_tasks` WHERE created_at < ? ORDER BY created_at asc LIMIT 50[0m

2026/10/02 14:48:24 [32mgithub.com/QuantumNous/new-api/zsy/runninghub/queue.go:116 [33mSLOW SQL >= 200ms
[0m[31;1m[461.920ms] [33m[rows:0][35m SELECT * FROM `rh_queued_tasks` ORDER BY created_at asc, id asc LIMIT 20[0m

2026/10/02 14:48:25 [32mgithub.com/QuantumNous/new-api/zsy/runninghub/queue.go:203 [33mSLOW SQL >= 200ms
[0m[31;1m[200.949ms] [33m[rows:0][35m SELECT * FROM `rh_queued_tasks` WHERE created_at < ? ORDER BY created_at asc LIMIT 50[0m

2026/10/02 14:48:26 [32mgithub.com/QuantumNous/new-api/zsy/runninghub/queue.go:116 [33mSLOW SQL >= 200ms
[0m[31;1m[350.728ms] [33m[rows:0][35m SELECT * FROM `rh_queued_tasks` ORDER BY created_at asc, id asc LIMIT 20[0m

2026/10/02 14:48:31 [32mgithub.com/QuantumNous/new-api/model/system_task.go:362 [33mSLOW SQL >= 200ms
[0m[31;1m[242.104ms] [33m[rows:0][35m SELECT * FROM `system_task_locks` WHERE locked_until < ?[0m

2026/10/02 14:48:32 [32mgithub.com/QuantumNous/new-api/model/midjourney.go:116 [33mSLOW SQL >= 200ms
[0m[31;1m[499.909ms] [33m[rows:0][35m SELECT `id` FROM `midjourneys` WHERE progress != ? LIMIT 1[0m

2026/10/02 14:48:33 [32mgithub.com/QuantumNous/new-api/model/task.go:355 [33mSLOW SQL >= 200ms
[0m[31;1m[689.985ms] [33m[rows:0][35m SELECT `id` FROM `tasks` WHERE progress != ? AND status != ? AND status != ? LIMIT 1[0m

2026/10/02 14:48:33 [32mgithub.com/QuantumNous/new-api/model/system_instance.go:69 [33mSLOW SQL >= 200ms
[0m[31;1m[1429.801ms] [33m[rows:2][35m INSERT INTO `system_instances` (`node_name`,`info`,`started_at`,`last_seen_at`,`created_at`,`updated_at`) VALUES (?,?,?,?,?,?) ON DUPLICATE KEY UPDATE `info`=VALUES(`info`),`started_at`=VALUES(`started_at`),`last_seen_at`=VALUES(`last_seen_at`),`updated_at`=VALUES(`updated_at`)[0m

2026/10/02 14:48:33 [32mgithub.com/QuantumNous/new-api/model/system_task.go:216 [33mSLOW SQL >= 200ms
[0m[31;1m[723.936ms] [33m[rows:1][35m SELECT * FROM `system_tasks` WHERE id IN (SELECT MAX(id) FROM `system_tasks` WHERE type IN (?) GROUP BY `type`)[0m

2026/10/02 14:48:53 [32mgithub.com/QuantumNous/new-api/zsy/runninghub/queue.go:116 [33mSLOW SQL >= 200ms
[0m[31;1m[297.881ms] [33m[rows:0][35m SELECT * FROM `rh_queued_tasks` ORDER BY created_at asc, id asc LIMIT 20[0m

2026/10/02 14:48:56 [32mgithub.com/QuantumNous/new-api/zsy/runninghub/queue.go:203 [33mSLOW SQL >= 200ms
[0m[31;1m[298.659ms] [33m[rows:0][35m SELECT * FROM `rh_queued_tasks` WHERE created_at < ? ORDER BY created_at asc LIMIT 50[0m

2026/10/02 14:48:56 [32mgithub.com/QuantumNous/new-api/zsy/runninghub/queue.go:116 [33mSLOW SQL >= 200ms
[0m[31;1m[305.513ms] [33m[rows:0][35m SELECT * FROM `rh_queued_tasks` ORDER BY created_at asc, id asc LIMIT 20[0m

2026/10/02 14:48:59 [32mgithub.com/QuantumNous/new-api/zsy/runninghub/queue.go:116 [33mSLOW SQL >= 200ms
[0m[31;1m[416.514ms] [33m[rows:0][35m SELECT * FROM `rh_queued_tasks` ORDER BY created_at asc, id asc LIMIT 20[0m

2026/10/02 14:49:02 [32mgithub.com/QuantumNous/new-api/model/system_task.go:362 [33mSLOW SQL >= 200ms
[0m[31;1m[334.515ms] [33m[rows:0][35m SELECT * FROM `system_task_locks` WHERE locked_until < ?[0m

2026/10/02 14:49:02 [32mgithub.com/QuantumNous/new-api/model/db_time.go:16 [33mSLOW SQL >= 200ms
[0m[31;1m[336.726ms] [33m[rows:1][35m SELECT UNIX_TIMESTAMP()[0m

2026/10/02 14:49:02 [32mgithub.com/QuantumNous/new-api/model/subscription.go:1149 [33mSLOW SQL >= 200ms
[0m[31;1m[339.326ms] [33m[rows:0][35m SELECT * FROM `user_subscriptions` WHERE status = ? AND end_time > 0 AND end_time <= ? ORDER BY end_time asc, id asc LIMIT 300[0m

2026/10/02 14:49:02 [32mgithub.com/QuantumNous/new-api/model/system_instance.go:69 [33mSLOW SQL >= 200ms
[0m[31;1m[395.431ms] [33m[rows:2][35m INSERT INTO `system_instances` (`node_name`,`info`,`started_at`,`last_seen_at`,`created_at`,`updated_at`) VALUES (?,?,?,?,?,?) ON DUPLICATE KEY UPDATE `info`=VALUES(`info`),`started_at`=VALUES(`started_at`),`last_seen_at`=VALUES(`last_seen_at`),`updated_at`=VALUES(`updated_at`)[0m

2026/10/02 14:49:02 [32mgithub.com/QuantumNous/new-api/zsy/runninghub/queue.go:203 [33mSLOW SQL >= 200ms
[0m[31;1m[1155.917ms] [33m[rows:0][35m SELECT * FROM `rh_queued_tasks` WHERE created_at < ? ORDER BY created_at asc LIMIT 50[0m
[SYS] 2026/10/02 - 14:49:02 | syncing options from database 

2026/10/02 14:49:03 [32mgithub.com/QuantumNous/new-api/model/option.go:26 [33mSLOW SQL >= 200ms
[0m[31;1m[386.931ms] [33m[rows:37][35m SELECT * FROM `options`[0m

2026/10/02 14:49:08 [32mgithub.com/QuantumNous/new-api/zsy/runninghub/queue.go:203 [33mSLOW SQL >= 200ms
[0m[31;1m[440.901ms] [33m[rows:0][35m SELECT * FROM `rh_queued_tasks` WHERE created_at < ? ORDER BY created_at asc LIMIT 50[0m

2026/10/02 14:49:10 [32mgithub.com/QuantumNous/new-api/zsy/runninghub/queue.go:203 [33mSLOW SQL >= 200ms
[0m[31;1m[229.491ms] [33m[rows:0][35m SELECT * FROM `rh_queued_tasks` WHERE created_at < ? ORDER BY created_at asc LIMIT 50[0m

2026/10/02 14:49:11 [32mgithub.com/QuantumNous/new-api/zsy/runninghub/queue.go:116 [33mSLOW SQL >= 200ms
[0m[31;1m[320.056ms] [33m[rows:0][35m SELECT * FROM `rh_queued_tasks` ORDER BY created_at asc, id asc LIMIT 20[0m

2026/10/02 14:49:14 [32mgithub.com/QuantumNous/new-api/zsy/runninghub/queue.go:203 [33mSLOW SQL >= 200ms
[0m[31;1m[673.066ms] [33m[rows:0][35m SELECT * FROM `rh_queued_tasks` WHERE created_at < ? ORDER BY created_at asc LIMIT 50[0m

2026/10/02 14:49:15 [32mgithub.com/QuantumNous/new-api/zsy/runninghub/queue.go:116 [33mSLOW SQL >= 200ms
[0m[31;1m[1191.819ms] [33m[rows:0][35m SELECT * FROM `rh_queued_tasks` ORDER BY created_at asc, id asc LIMIT 20[0m

2026/10/02 14:49:20 [32mgithub.com/QuantumNous/new-api/zsy/runninghub/queue.go:203 [33mSLOW SQL >= 200ms
[0m[31;1m[412.289ms] [33m[rows:0][35m SELECT * FROM `rh_queued_tasks` WHERE created_at < ? ORDER BY created_at asc LIMIT 50[0m

2026/10/02 14:49:20 [32mgithub.com/QuantumNous/new-api/zsy/runninghub/queue.go:116 [33mSLOW SQL >= 200ms
[0m[31;1m[503.421ms] [33m[rows:0][35m SELECT * FROM `rh_queued_tasks` ORDER BY created_at asc, id asc LIMIT 20[0m

2026/10/02 14:49:23 [32mgithub.com/QuantumNous/new-api/zsy/runninghub/queue.go:116 [33mSLOW SQL >= 200ms
[0m[31;1m[248.883ms] [33m[rows:0][35m SELECT * FROM `rh_queued_tasks` ORDER BY created_at asc, id asc LIMIT 20[0m

2026/10/02 14:49:26 [32mgithub.com/QuantumNous/new-api/zsy/runninghub/queue.go:203 [33mSLOW SQL >= 200ms
[0m[31;1m[267.884ms] [33m[rows:0][35m SELECT * FROM `rh_queued_tasks` WHERE created_at < ? ORDER BY created_at asc LIMIT 50[0m

2026/10/02 14:49:26 [32mgithub.com/QuantumNous/new-api/zsy/runninghub/queue.go:116 [33mSLOW SQL >= 200ms
[0m[31;1m[397.010ms] [33m[rows:0][35m SELECT * FROM `rh_queued_tasks` ORDER BY created_at asc, id asc LIMIT 20[0m

2026/10/02 14:49:32 [32mgithub.com/QuantumNous/new-api/model/midjourney.go:116 [33mSLOW SQL >= 200ms
[0m[31;1m[413.542ms] [33m[rows:0][35m SELECT `id` FROM `midjourneys` WHERE progress != ? LIMIT 1[0m

2026/10/02 14:49:32 [32mgithub.com/QuantumNous/new-api/model/task.go:355 [33mSLOW SQL >= 200ms
[0m[31;1m[276.389ms] [33m[rows:0][35m SELECT `id` FROM `tasks` WHERE progress != ? AND status != ? AND status != ? LIMIT 1[0m

2026/10/02 14:49:32 [32mgithub.com/QuantumNous/new-api/model/system_task.go:216 [33mSLOW SQL >= 200ms
[0m[31;1m[220.000ms] [33m[rows:1][35m SELECT * FROM `system_tasks` WHERE id IN (SELECT MAX(id) FROM `system_tasks` WHERE type IN (?) GROUP BY `type`)[0m

2026/10/02 14:49:33 [32mgithub.com/QuantumNous/new-api/model/system_instance.go:69 [33mSLOW SQL >= 200ms
[0m[31;1m[1165.483ms] [33m[rows:2][35m INSERT INTO `system_instances` (`node_name`,`info`,`started_at`,`last_seen_at`,`created_at`,`updated_at`) VALUES (?,?,?,?,?,?) ON DUPLICATE KEY UPDATE `info`=VALUES(`info`),`started_at`=VALUES(`started_at`),`last_seen_at`=VALUES(`last_seen_at`),`updated_at`=VALUES(`updated_at`)[0m

2026/10/02 14:49:34 [32mgithub.com/QuantumNous/new-api/zsy/runninghub/queue.go:203 [33mSLOW SQL >= 200ms
[0m[31;1m[2501.837ms] [33m[rows:0][35m SELECT * FROM `rh_queued_tasks` WHERE created_at < ? ORDER BY created_at asc LIMIT 50[0m

2026/10/02 14:49:34 [32mgithub.com/QuantumNous/new-api/zsy/runninghub/queue.go:116 [33mSLOW SQL >= 200ms
[0m[31;1m[239.548ms] [33m[rows:0][35m SELECT * FROM `rh_queued_tasks` ORDER BY created_at asc, id asc LIMIT 20[0m

2026/10/02 14:49:38 [32mgithub.com/QuantumNous/new-api/zsy/runninghub/queue.go:203 [33mSLOW SQL >= 200ms
[0m[31;1m[584.204ms] [33m[rows:0][35m SELECT * FROM `rh_queued_tasks` WHERE created_at < ? ORDER BY created_at asc LIMIT 50[0m

2026/10/02 14:49:46 [32mgithub.com/QuantumNous/new-api/zsy/runninghub/queue.go:203 [33mSLOW SQL >= 200ms
[0m[31;1m[211.352ms] [33m[rows:0][35m SELECT * FROM `rh_queued_tasks` WHERE created_at < ? ORDER BY created_at asc LIMIT 50[0m

2026/10/02 14:49:47 [32mgithub.com/QuantumNous/new-api/zsy/runninghub/queue.go:116 [33mSLOW SQL >= 200ms
[0m[31;1m[279.941ms] [33m[rows:0][35m SELECT * FROM `rh_queued_tasks` ORDER BY created_at asc, id asc LIMIT 20[0m

2026/10/02 14:49:50 [32mgithub.com/QuantumNous/new-api/zsy/runninghub/queue.go:203 [33mSLOW SQL >= 200ms
[0m[31;1m[437.697ms] [33m[rows:0][35m SELECT * FROM `rh_queued_tasks` WHERE created_at < ? ORDER BY created_at asc LIMIT 50[0m

2026/10/02 14:49:50 [32mgithub.com/QuantumNous/new-api/zsy/runninghub/queue.go:116 [33mSLOW SQL >= 200ms
[0m[31;1m[613.001ms] [33m[rows:0][35m SELECT * FROM `rh_queued_tasks` ORDER BY created_at asc, id asc LIMIT 20[0m

2026/10/02 14:49:53 [32mgithub.com/QuantumNous/new-api/zsy/runninghub/queue.go:203 [33mSLOW SQL >= 200ms
[0m[31;1m[414.624ms] [33m[rows:0][35m SELECT * FROM `rh_queued_tasks` WHERE created_at < ? ORDER BY created_at asc LIMIT 50[0m

2026/10/02 14:49:56 [32mgithub.com/QuantumNous/new-api/zsy/runninghub/queue.go:116 [33mSLOW SQL >= 200ms
[0m[31;1m[271.841ms] [33m[rows:0][35m SELECT * FROM `rh_queued_tasks` ORDER BY created_at asc, id asc LIMIT 20[0m

2026/10/02 14:49:59 [32mgithub.com/QuantumNous/new-api/zsy/runninghub/queue.go:203 [33mSLOW SQL >= 200ms
[0m[31;1m[675.846ms] [33m[rows:0][35m SELECT * FROM `rh_queued_tasks` WHERE created_at < ? ORDER BY created_at asc LIMIT 50[0m

2026/10/02 14:50:02 [32mgithub.com/QuantumNous/new-api/model/midjourney.go:116 [33mSLOW SQL >= 200ms
[0m[31;1m[278.972ms] [33m[rows:0][35m SELECT `id` FROM `midjourneys` WHERE progress != ? LIMIT 1[0m

2026/10/02 14:50:02 [32mgithub.com/QuantumNous/new-api/model/db_time.go:16 [33mSLOW SQL >= 200ms
[0m[31;1m[287.237ms] [33m[rows:1][35m SELECT UNIX_TIMESTAMP()[0m

2026/10/02 14:50:02 [32mgithub.com/QuantumNous/new-api/model/subscription.go:1149 [33mSLOW SQL >= 200ms
[0m[31;1m[328.225ms] [33m[rows:0][35m SELECT * FROM `user_subscriptions` WHERE status = ? AND end_time > 0 AND end_time <= ? ORDER BY end_time asc, id asc LIMIT 300[0m

2026/10/02 14:50:02 [32mgithub.com/QuantumNous/new-api/model/system_task.go:216 [33mSLOW SQL >= 200ms
[0m[31;1m[304.496ms] [33m[rows:1][35m SELECT * FROM `system_tasks` WHERE id IN (SELECT MAX(id) FROM `system_tasks` WHERE type IN (?) GROUP BY `type`)[0m

2026/10/02 14:50:02 [32mgithub.com/QuantumNous/new-api/model/subscription.go:1437 [33mSLOW SQL >= 200ms
[0m[31;1m[467.088ms] [33m[rows:0][35m SELECT * FROM `user_subscriptions` WHERE next_reset_time > 0 AND next_reset_time <= ? AND status = ? ORDER BY next_reset_time asc LIMIT 300[0m
[SYS] 2026/10/02 - 14:50:03 | syncing options from database 

2026/10/02 14:50:03 [32mgithub.com/QuantumNous/new-api/model/system_instance.go:69 [33mSLOW SQL >= 200ms
[0m[31;1m[1183.241ms] [33m[rows:2][35m INSERT INTO `system_instances` (`node_name`,`info`,`started_at`,`last_seen_at`,`created_at`,`updated_at`) VALUES (?,?,?,?,?,?) ON DUPLICATE KEY UPDATE `info`=VALUES(`info`),`started_at`=VALUES(`started_at`),`last_seen_at`=VALUES(`last_seen_at`),`updated_at`=VALUES(`updated_at`)[0m

2026/10/02 14:50:03 [32mgithub.com/QuantumNous/new-api/service/authz/adapter.go:23 [33mSLOW SQL >= 200ms
[0m[31;1m[917.865ms] [33m[rows:3][35m SELECT * FROM `casbin_rule` ORDER BY id asc[0m

2026/10/02 14:50:04 [32mgithub.com/QuantumNous/new-api/model/option.go:26 [33mSLOW SQL >= 200ms
[0m[31;1m[799.126ms] [33m[rows:37][35m SELECT * FROM `options`[0m

2026/10/02 14:50:05 [32mgithub.com/QuantumNous/new-api/zsy/runninghub/queue.go:203 [33mSLOW SQL >= 200ms
[0m[31;1m[566.981ms] [33m[rows:0][35m SELECT * FROM `rh_queued_tasks` WHERE created_at < ? ORDER BY created_at asc LIMIT 50[0m

2026/10/02 14:50:05 [32mgithub.com/QuantumNous/new-api/zsy/runninghub/queue.go:116 [33mSLOW SQL >= 200ms
[0m[31;1m[344.007ms] [33m[rows:0][35m SELECT * FROM `rh_queued_tasks` ORDER BY created_at asc, id asc LIMIT 20[0m

2026/10/02 14:50:08 [32mgithub.com/QuantumNous/new-api/zsy/runninghub/queue.go:116 [33mSLOW SQL >= 200ms
[0m[31;1m[834.783ms] [33m[rows:0][35m SELECT * FROM `rh_queued_tasks` ORDER BY created_at asc, id asc LIMIT 20[0m

2026/10/02 14:50:29 [32mgithub.com/QuantumNous/new-api/zsy/runninghub/queue.go:116 [33mSLOW SQL >= 200ms
[0m[31;1m[261.794ms] [33m[rows:0][35m SELECT * FROM `rh_queued_tasks` ORDER BY created_at asc, id asc LIMIT 20[0m

2026/10/02 14:50:32 [32mgithub.com/QuantumNous/new-api/model/midjourney.go:116 [33mSLOW SQL >= 200ms
[0m[31;1m[718.981ms] [33m[rows:0][35m SELECT `id` FROM `midjourneys` WHERE progress != ? LIMIT 1[0m

2026/10/02 14:50:32 [32mgithub.com/QuantumNous/new-api/model/task.go:355 [33mSLOW SQL >= 200ms
[0m[31;1m[318.467ms] [33m[rows:0][35m SELECT `id` FROM `tasks` WHERE progress != ? AND status != ? AND status != ? LIMIT 1[0m

2026/10/02 14:50:32 [32mgithub.com/QuantumNous/new-api/model/system_instance.go:69 [33mSLOW SQL >= 200ms
[0m[31;1m[575.468ms] [33m[rows:2][35m INSERT INTO `system_instances` (`node_name`,`info`,`started_at`,`last_seen_at`,`created_at`,`updated_at`) VALUES (?,?,?,?,?,?) ON DUPLICATE KEY UPDATE `info`=VALUES(`info`),`started_at`=VALUES(`started_at`),`last_seen_at`=VALUES(`last_seen_at`),`updated_at`=VALUES(`updated_at`)[0m

2026/10/02 14:50:33 [32mgithub.com/QuantumNous/new-api/model/system_task.go:216 [33mSLOW SQL >= 200ms
[0m[31;1m[541.793ms] [33m[rows:1][35m SELECT * FROM `system_tasks` WHERE id IN (SELECT MAX(id) FROM `system_tasks` WHERE type IN (?) GROUP BY `type`)[0m

2026/10/02 14:50:33 [32mgithub.com/QuantumNous/new-api/model/system_task.go:169 [33mSLOW SQL >= 200ms
[0m[31;1m[487.329ms] [33m[rows:0][35m SELECT * FROM `system_tasks` WHERE id IN (SELECT MIN(id) FROM `system_tasks` WHERE type IN (?,?,?,?,?) AND status = ? GROUP BY `type`)[0m

2026/10/02 14:50:37 [32mgithub.com/QuantumNous/new-api/zsy/runninghub/queue.go:203 [33mSLOW SQL >= 200ms
[0m[31;1m[2415.504ms] [33m[rows:0][35m SELECT * FROM `rh_queued_tasks` WHERE created_at < ? ORDER BY created_at asc LIMIT 50[0m

2026/10/02 14:50:38 [32mgithub.com/QuantumNous/new-api/zsy/runninghub/queue.go:116 [33mSLOW SQL >= 200ms
[0m[31;1m[878.073ms] [33m[rows:0][35m SELECT * FROM `rh_queued_tasks` ORDER BY created_at asc, id asc LIMIT 20[0m

2026/10/02 14:50:38 [32mgithub.com/QuantumNous/new-api/zsy/runninghub/queue.go:203 [33mSLOW SQL >= 200ms
[0m[31;1m[516.499ms] [33m[rows:0][35m SELECT * FROM `rh_queued_tasks` WHERE created_at < ? ORDER BY created_at asc LIMIT 50[0m

2026/10/02 14:50:39 [32mgithub.com/QuantumNous/new-api/zsy/runninghub/queue.go:116 [33mSLOW SQL >= 200ms
[0m[31;1m[563.963ms] [33m[rows:0][35m SELECT * FROM `rh_queued_tasks` ORDER BY created_at asc, id asc LIMIT 20[0m

2026/10/02 14:50:41 [32mgithub.com/QuantumNous/new-api/zsy/runninghub/queue.go:203 [33mSLOW SQL >= 200ms
[0m[31;1m[363.198ms] [33m[rows:0][35m SELECT * FROM `rh_queued_tasks` WHERE created_at < ? ORDER BY created_at asc LIMIT 50[0m

2026/10/02 14:50:43 [32mgithub.com/QuantumNous/new-api/zsy/runninghub/queue.go:203 [33mSLOW SQL >= 200ms
[0m[31;1m[218.835ms] [33m[rows:0][35m SELECT * FROM `rh_queued_tasks` WHERE created_at < ? ORDER BY created_at asc LIMIT 50[0m

2026/10/02 14:50:47 [32mgithub.com/QuantumNous/new-api/model/system_task.go:169 [33mSLOW SQL >= 200ms
[0m[31;1m[257.627ms] [33m[rows:0][35m SELECT * FROM `system_tasks` WHERE id IN (SELECT MIN(id) FROM `system_tasks` WHERE type IN (?,?,?,?,?) AND status = ? GROUP BY `type`)[0m

2026/10/02 14:50:51 [32mgithub.com/QuantumNous/new-api/zsy/runninghub/queue.go:203 [33mSLOW SQL >= 200ms
[0m[31;1m[4274.948ms] [33m[rows:0][35m SELECT * FROM `rh_queued_tasks` WHERE created_at < ? ORDER BY created_at asc LIMIT 50[0m

2026/10/02 14:50:51 [32mgithub.com/QuantumNous/new-api/zsy/runninghub/queue.go:116 [33mSLOW SQL >= 200ms
[0m[31;1m[251.966ms] [33m[rows:0][35m SELECT * FROM `rh_queued_tasks` ORDER BY created_at asc, id asc LIMIT 20[0m

2026/10/02 14:50:53 [32mgithub.com/QuantumNous/new-api/zsy/runninghub/queue.go:116 [33mSLOW SQL >= 200ms
[0m[31;1m[327.937ms] [33m[rows:0][35m SELECT * FROM `rh_queued_tasks` ORDER BY created_at asc, id asc LIMIT 20[0m

2026/10/02 14:50:56 [32mgithub.com/QuantumNous/new-api/zsy/runninghub/queue.go:203 [33mSLOW SQL >= 200ms
[0m[31;1m[356.300ms] [33m[rows:0][35m SELECT * FROM `rh_queued_tasks` WHERE created_at < ? ORDER BY created_at asc LIMIT 50[0m
[SYS] 2026/10/02 - 14:51:01 | 正在更新数据看板数据... 
[SYS] 2026/10/02 - 14:51:01 | 保存数据看板数据成功，共保存0条数据 

2026/10/02 14:51:01 [32mgithub.com/QuantumNous/new-api/zsy/runninghub/queue.go:203 [33mSLOW SQL >= 200ms
[0m[31;1m[219.005ms] [33m[rows:0][35m SELECT * FROM `rh_queued_tasks` WHERE created_at < ? ORDER BY created_at asc LIMIT 50[0m

2026/10/02 14:51:02 [32mgithub.com/QuantumNous/new-api/model/db_time.go:16 [33mSLOW SQL >= 200ms
[0m[31;1m[478.234ms] [33m[rows:1][35m SELECT UNIX_TIMESTAMP()[0m

2026/10/02 14:51:02 [32mgithub.com/QuantumNous/new-api/zsy/runninghub/queue.go:116 [33mSLOW SQL >= 200ms
[0m[31;1m[259.424ms] [33m[rows:0][35m SELECT * FROM `rh_queued_tasks` ORDER BY created_at asc, id asc LIMIT 20[0m

2026/10/02 14:51:02 [32mgithub.com/QuantumNous/new-api/model/subscription.go:1149 [33mSLOW SQL >= 200ms
[0m[31;1m[632.257ms] [33m[rows:0][35m SELECT * FROM `user_subscriptions` WHERE status = ? AND end_time > 0 AND end_time <= ? ORDER BY end_time asc, id asc LIMIT 300[0m

2026/10/02 14:51:03 [32mgithub.com/QuantumNous/new-api/model/db_time.go:16 [33mSLOW SQL >= 200ms
[0m[31;1m[225.886ms] [33m[rows:1][35m SELECT UNIX_TIMESTAMP()[0m

2026/10/02 14:51:03 [32mgithub.com/QuantumNous/new-api/model/subscription.go:1437 [33mSLOW SQL >= 200ms
[0m[31;1m[573.132ms] [33m[rows:0][35m SELECT * FROM `user_subscriptions` WHERE next_reset_time > 0 AND next_reset_time <= ? AND status = ? ORDER BY next_reset_time asc LIMIT 300[0m
[SYS] 2026/10/02 - 14:51:04 | syncing options from database 

2026/10/02 14:51:04 [32mgithub.com/QuantumNous/new-api/service/authz/adapter.go:23 [33mSLOW SQL >= 200ms
[0m[31;1m[542.412ms] [33m[rows:3][35m SELECT * FROM `casbin_rule` ORDER BY id asc[0m

2026/10/02 14:51:04 [32mgithub.com/QuantumNous/new-api/model/option.go:26 [33mSLOW SQL >= 200ms
[0m[31;1m[578.134ms] [33m[rows:37][35m SELECT * FROM `options`[0m

2026/10/02 14:51:04 [32mgithub.com/QuantumNous/new-api/zsy/runninghub/queue.go:203 [33mSLOW SQL >= 200ms
[0m[31;1m[218.239ms] [33m[rows:0][35m SELECT * FROM `rh_queued_tasks` WHERE created_at < ? ORDER BY created_at asc LIMIT 50[0m

2026/10/02 14:51:05 [32mgithub.com/QuantumNous/new-api/model/system_task.go:362 [33mSLOW SQL >= 200ms
[0m[31;1m[3711.102ms] [33m[rows:0][35m SELECT * FROM `system_task_locks` WHERE locked_until < ?[0m

2026/10/02 14:51:06 [32mgithub.com/QuantumNous/new-api/model/midjourney.go:116 [33mSLOW SQL >= 200ms
[0m[31;1m[690.338ms] [33m[rows:0][35m SELECT `id` FROM `midjourneys` WHERE progress != ? LIMIT 1[0m

2026/10/02 14:51:06 [32mgithub.com/QuantumNous/new-api/model/task.go:355 [33mSLOW SQL >= 200ms
[0m[31;1m[362.318ms] [33m[rows:0][35m SELECT `id` FROM `tasks` WHERE progress != ? AND status != ? AND status != ? LIMIT 1[0m

2026/10/02 14:51:06 [32mgithub.com/QuantumNous/new-api/model/system_task.go:216 [33mSLOW SQL >= 200ms
[0m[31;1m[375.651ms] [33m[rows:1][35m SELECT * FROM `system_tasks` WHERE id IN (SELECT MAX(id) FROM `system_tasks` WHERE type IN (?) GROUP BY `type`)[0m

2026/10/02 14:51:07 [32mgithub.com/QuantumNous/new-api/model/system_task.go:169 [33mSLOW SQL >= 200ms
[0m[31;1m[255.235ms] [33m[rows:0][35m SELECT * FROM `system_tasks` WHERE id IN (SELECT MIN(id) FROM `system_tasks` WHERE type IN (?,?,?,?,?) AND status = ? GROUP BY `type`)[0m

2026/10/02 14:51:07 [32mgithub.com/QuantumNous/new-api/model/system_instance.go:69 [33mSLOW SQL >= 200ms
[0m[31;1m[5296.199ms] [33m[rows:2][35m INSERT INTO `system_instances` (`node_name`,`info`,`started_at`,`last_seen_at`,`created_at`,`updated_at`) VALUES (?,?,?,?,?,?) ON DUPLICATE KEY UPDATE `info`=VALUES(`info`),`started_at`=VALUES(`started_at`),`last_seen_at`=VALUES(`last_seen_at`),`updated_at`=VALUES(`updated_at`)[0m

2026/10/02 14:51:10 [32mgithub.com/QuantumNous/new-api/zsy/runninghub/queue.go:116 [33mSLOW SQL >= 200ms
[0m[31;1m[2104.351ms] [33m[rows:0][35m SELECT * FROM `rh_queued_tasks` ORDER BY created_at asc, id asc LIMIT 20[0m

2026/10/02 14:51:11 [32mgithub.com/QuantumNous/new-api/zsy/runninghub/queue.go:203 [33mSLOW SQL >= 200ms
[0m[31;1m[248.205ms] [33m[rows:0][35m SELECT * FROM `rh_queued_tasks` WHERE created_at < ? ORDER BY created_at asc LIMIT 50[0m

2026/10/02 14:51:11 [32mgithub.com/QuantumNous/new-api/zsy/runninghub/queue.go:116 [33mSLOW SQL >= 200ms
[0m[31;1m[309.701ms] [33m[rows:0][35m SELECT * FROM `rh_queued_tasks` ORDER BY created_at asc, id asc LIMIT 20[0m

2026/10/02 14:51:14 [32mgithub.com/QuantumNous/new-api/zsy/runninghub/queue.go:203 [33mSLOW SQL >= 200ms
[0m[31;1m[1181.793ms] [33m[rows:0][35m SELECT * FROM `rh_queued_tasks` WHERE created_at < ? ORDER BY created_at asc LIMIT 50[0m

2026/10/02 14:51:15 [32mgithub.com/QuantumNous/new-api/zsy/runninghub/queue.go:116 [33mSLOW SQL >= 200ms
[0m[31;1m[351.209ms] [33m[rows:0][35m SELECT * FROM `rh_queued_tasks` ORDER BY created_at asc, id asc LIMIT 20[0m

2026/10/02 14:51:16 [32mgithub.com/QuantumNous/new-api/zsy/runninghub/queue.go:203 [33mSLOW SQL >= 200ms
[0m[31;1m[201.623ms] [33m[rows:0][35m SELECT * FROM `rh_queued_tasks` WHERE created_at < ? ORDER BY created_at asc LIMIT 50[0m

2026/10/02 14:51:16 [32mgithub.com/QuantumNous/new-api/model/system_task.go:169 [33mSLOW SQL >= 200ms
[0m[31;1m[203.644ms] [33m[rows:0][35m SELECT * FROM `system_tasks` WHERE id IN (SELECT MIN(id) FROM `system_tasks` WHERE type IN (?,?,?,?,?) AND status = ? GROUP BY `type`)[0m

2026/10/02 14:51:19 [32mgithub.com/QuantumNous/new-api/zsy/runninghub/queue.go:203 [33mSLOW SQL >= 200ms
[0m[31;1m[203.220ms] [33m[rows:0][35m SELECT * FROM `rh_queued_tasks` WHERE created_at < ? ORDER BY created_at asc LIMIT 50[0m

2026/10/02 14:51:23 [32mgithub.com/QuantumNous/new-api/zsy/runninghub/queue.go:203 [33mSLOW SQL >= 200ms
[0m[31;1m[293.024ms] [33m[rows:0][35m SELECT * FROM `rh_queued_tasks` WHERE created_at < ? ORDER BY created_at asc LIMIT 50[0m

2026/10/02 14:51:23 [32mgithub.com/QuantumNous/new-api/zsy/runninghub/queue.go:116 [33mSLOW SQL >= 200ms
[0m[31;1m[724.073ms] [33m[rows:0][35m SELECT * FROM `rh_queued_tasks` ORDER BY created_at asc, id asc LIMIT 20[0m

2026/10/02 14:51:26 [32mgithub.com/QuantumNous/new-api/zsy/runninghub/queue.go:203 [33mSLOW SQL >= 200ms
[0m[31;1m[361.166ms] [33m[rows:0][35m SELECT * FROM `rh_queued_tasks` WHERE created_at < ? ORDER BY created_at asc LIMIT 50[0m

2026/10/02 14:51:32 [32mgithub.com/QuantumNous/new-api/model/system_instance.go:69 [33mSLOW SQL >= 200ms
[0m[31;1m[357.500ms] [33m[rows:2][35m INSERT INTO `system_instances` (`node_name`,`info`,`started_at`,`last_seen_at`,`created_at`,`updated_at`) VALUES (?,?,?,?,?,?) ON DUPLICATE KEY UPDATE `info`=VALUES(`info`),`started_at`=VALUES(`started_at`),`last_seen_at`=VALUES(`last_seen_at`),`updated_at`=VALUES(`updated_at`)[0m

2026/10/02 14:51:41 [32mgithub.com/QuantumNous/new-api/zsy/runninghub/queue.go:203 [33mSLOW SQL >= 200ms
[0m[31;1m[326.435ms] [33m[rows:0][35m SELECT * FROM `rh_queued_tasks` WHERE created_at < ? ORDER BY created_at asc LIMIT 50[0m

2026/10/02 14:51:47 [32mgithub.com/QuantumNous/new-api/zsy/runninghub/queue.go:203 [33mSLOW SQL >= 200ms
[0m[31;1m[256.346ms] [33m[rows:0][35m SELECT * FROM `rh_queued_tasks` WHERE created_at < ? ORDER BY created_at asc LIMIT 50[0m

2026/10/02 14:51:47 [32mgithub.com/QuantumNous/new-api/zsy/runninghub/queue.go:116 [33mSLOW SQL >= 200ms
[0m[31;1m[242.114ms] [33m[rows:0][35m SELECT * FROM `rh_queued_tasks` ORDER BY created_at asc, id asc LIMIT 20[0m

2026/10/02 14:51:47 [32mgithub.com/QuantumNous/new-api/model/system_task.go:362 [33mSLOW SQL >= 200ms
[0m[31;1m[500.035ms] [33m[rows:0][35m SELECT * FROM `system_task_locks` WHERE locked_until < ?[0m

2026/10/02 14:51:47 [32mgithub.com/QuantumNous/new-api/model/midjourney.go:116 [33mSLOW SQL >= 200ms
[0m[31;1m[410.781ms] [33m[rows:0][35m SELECT `id` FROM `midjourneys` WHERE progress != ? LIMIT 1[0m

2026/10/02 14:51:48 [32mgithub.com/QuantumNous/new-api/model/task.go:355 [33mSLOW SQL >= 200ms
[0m[31;1m[361.832ms] [33m[rows:0][35m SELECT `id` FROM `tasks` WHERE progress != ? AND status != ? AND status != ? LIMIT 1[0m

2026/10/02 14:51:48 [32mgithub.com/QuantumNous/new-api/model/system_task.go:216 [33mSLOW SQL >= 200ms
[0m[31;1m[635.836ms] [33m[rows:1][35m SELECT * FROM `system_tasks` WHERE id IN (SELECT MAX(id) FROM `system_tasks` WHERE type IN (?) GROUP BY `type`)[0m

2026/10/02 14:51:50 [32mgithub.com/QuantumNous/new-api/zsy/runninghub/queue.go:116 [33mSLOW SQL >= 200ms
[0m[31;1m[251.727ms] [33m[rows:0][35m SELECT * FROM `rh_queued_tasks` ORDER BY created_at asc, id asc LIMIT 20[0m

2026/10/02 14:51:53 [32mgithub.com/QuantumNous/new-api/zsy/runninghub/queue.go:203 [33mSLOW SQL >= 200ms
[0m[31;1m[296.874ms] [33m[rows:0][35m SELECT * FROM `rh_queued_tasks` WHERE created_at < ? ORDER BY created_at asc LIMIT 50[0m

2026/10/02 14:51:56 [32mgithub.com/QuantumNous/new-api/zsy/runninghub/queue.go:116 [33mSLOW SQL >= 200ms
[0m[31;1m[200.992ms] [33m[rows:0][35m SELECT * FROM `rh_queued_tasks` ORDER BY created_at asc, id asc LIMIT 20[0m

2026/10/02 14:52:02 [32mgithub.com/QuantumNous/new-api/model/subscription.go:1437 [33mSLOW SQL >= 200ms
[0m[31;1m[202.750ms] [33m[rows:0][35m SELECT * FROM `user_subscriptions` WHERE next_reset_time > 0 AND next_reset_time <= ? AND status = ? ORDER BY next_reset_time asc LIMIT 300[0m

2026/10/02 14:52:02 [32mgithub.com/QuantumNous/new-api/model/system_instance.go:69 [33mSLOW SQL >= 200ms
[0m[31;1m[448.502ms] [33m[rows:2][35m INSERT INTO `system_instances` (`node_name`,`info`,`started_at`,`last_seen_at`,`created_at`,`updated_at`) VALUES (?,?,?,?,?,?) ON DUPLICATE KEY UPDATE `info`=VALUES(`info`),`started_at`=VALUES(`started_at`),`last_seen_at`=VALUES(`last_seen_at`),`updated_at`=VALUES(`updated_at`)[0m

2026/10/02 14:52:04 [32mgithub.com/QuantumNous/new-api/zsy/runninghub/queue.go:203 [33mSLOW SQL >= 200ms
[0m[31;1m[2392.313ms] [33m[rows:0][35m SELECT * FROM `rh_queued_tasks` WHERE created_at < ? ORDER BY created_at asc LIMIT 50[0m
[SYS] 2026/10/02 - 14:52:04 | syncing options from database 

2026/10/02 14:52:04 [32mgithub.com/QuantumNous/new-api/zsy/runninghub/queue.go:116 [33mSLOW SQL >= 200ms
[0m[31;1m[724.577ms] [33m[rows:0][35m SELECT * FROM `rh_queued_tasks` ORDER BY created_at asc, id asc LIMIT 20[0m

2026/10/02 14:52:04 [32mgithub.com/QuantumNous/new-api/service/authz/adapter.go:23 [33mSLOW SQL >= 200ms
[0m[31;1m[632.849ms] [33m[rows:3][35m SELECT * FROM `casbin_rule` ORDER BY id asc[0m

2026/10/02 14:52:06 [32mgithub.com/QuantumNous/new-api/model/option.go:26 [33mSLOW SQL >= 200ms
[0m[31;1m[1353.663ms] [33m[rows:37][35m SELECT * FROM `options`[0m

2026/10/02 14:52:08 [32mgithub.com/QuantumNous/new-api/zsy/runninghub/queue.go:203 [33mSLOW SQL >= 200ms
[0m[31;1m[279.067ms] [33m[rows:0][35m SELECT * FROM `rh_queued_tasks` WHERE created_at < ? ORDER BY created_at asc LIMIT 50[0m

2026/10/02 14:52:08 [32mgithub.com/QuantumNous/new-api/zsy/runninghub/queue.go:116 [33mSLOW SQL >= 200ms
[0m[31;1m[367.940ms] [33m[rows:0][35m SELECT * FROM `rh_queued_tasks` ORDER BY created_at asc, id asc LIMIT 20[0m

2026/10/02 14:52:11 [32mgithub.com/QuantumNous/new-api/zsy/runninghub/queue.go:203 [33mSLOW SQL >= 200ms
[0m[31;1m[395.281ms] [33m[rows:0][35m SELECT * FROM `rh_queued_tasks` WHERE created_at < ? ORDER BY created_at asc LIMIT 50[0m

2026/10/02 14:52:17 [32mgithub.com/QuantumNous/new-api/model/task.go:355 [33mSLOW SQL >= 200ms
[0m[31;1m[216.614ms] [33m[rows:0][35m SELECT `id` FROM `tasks` WHERE progress != ? AND status != ? AND status != ? LIMIT 1[0m

2026/10/02 14:52:17 [32mgithub.com/QuantumNous/new-api/model/system_task.go:216 [33mSLOW SQL >= 200ms
[0m[31;1m[213.882ms] [33m[rows:1][35m SELECT * FROM `system_tasks` WHERE id IN (SELECT MAX(id) FROM `system_tasks` WHERE type IN (?) GROUP BY `type`)[0m

2026/10/02 14:52:17 [32mgithub.com/QuantumNous/new-api/model/system_task.go:169 [33mSLOW SQL >= 200ms
[0m[31;1m[394.092ms] [33m[rows:0][35m SELECT * FROM `system_tasks` WHERE id IN (SELECT MIN(id) FROM `system_tasks` WHERE type IN (?,?,?,?,?) AND status = ? GROUP BY `type`)[0m

2026/10/02 14:52:18 [32mgithub.com/QuantumNous/new-api/zsy/runninghub/queue.go:203 [33mSLOW SQL >= 200ms
[0m[31;1m[2188.838ms] [33m[rows:0][35m SELECT * FROM `rh_queued_tasks` WHERE created_at < ? ORDER BY created_at asc LIMIT 50[0m

2026/10/02 14:52:20 [32mgithub.com/QuantumNous/new-api/zsy/runninghub/queue.go:203 [33mSLOW SQL >= 200ms
[0m[31;1m[734.722ms] [33m[rows:0][35m SELECT * FROM `rh_queued_tasks` WHERE created_at < ? ORDER BY created_at asc LIMIT 50[0m

2026/10/02 14:52:20 [32mgithub.com/QuantumNous/new-api/zsy/runninghub/queue.go:116 [33mSLOW SQL >= 200ms
[0m[31;1m[315.912ms] [33m[rows:0][35m SELECT * FROM `rh_queued_tasks` ORDER BY created_at asc, id asc LIMIT 20[0m

2026/10/02 14:52:22 [32mgithub.com/QuantumNous/new-api/zsy/runninghub/queue.go:203 [33mSLOW SQL >= 200ms
[0m[31;1m[238.911ms] [33m[rows:0][35m SELECT * FROM `rh_queued_tasks` WHERE created_at < ? ORDER BY created_at asc LIMIT 50[0m

2026/10/02 14:52:26 [32mgithub.com/QuantumNous/new-api/zsy/runninghub/queue.go:203 [33mSLOW SQL >= 200ms
[0m[31;1m[368.596ms] [33m[rows:0][35m SELECT * FROM `rh_queued_tasks` WHERE created_at < ? ORDER BY created_at asc LIMIT 50[0m

2026/10/02 14:52:29 [32mgithub.com/QuantumNous/new-api/zsy/runninghub/queue.go:203 [33mSLOW SQL >= 200ms
[0m[31;1m[880.159ms] [33m[rows:0][35m SELECT * FROM `rh_queued_tasks` WHERE created_at < ? ORDER BY created_at asc LIMIT 50[0m

2026/10/02 14:52:29 [32mgithub.com/QuantumNous/new-api/zsy/runninghub/queue.go:116 [33mSLOW SQL >= 200ms
[0m[31;1m[229.487ms] [33m[rows:0][35m SELECT * FROM `rh_queued_tasks` ORDER BY created_at asc, id asc LIMIT 20[0m

2026/10/02 14:52:32 [32mgithub.com/QuantumNous/new-api/model/system_task.go:362 [33mSLOW SQL >= 200ms
[0m[31;1m[264.228ms] [33m[rows:0][35m SELECT * FROM `system_task_locks` WHERE locked_until < ?[0m

2026/10/02 14:52:32 [32mgithub.com/QuantumNous/new-api/model/system_instance.go:69 [33mSLOW SQL >= 200ms
[0m[31;1m[653.162ms] [33m[rows:2][35m INSERT INTO `system_instances` (`node_name`,`info`,`started_at`,`last_seen_at`,`created_at`,`updated_at`) VALUES (?,?,?,?,?,?) ON DUPLICATE KEY UPDATE `info`=VALUES(`info`),`started_at`=VALUES(`started_at`),`last_seen_at`=VALUES(`last_seen_at`),`updated_at`=VALUES(`updated_at`)[0m

2026/10/02 14:52:39 [32mgithub.com/QuantumNous/new-api/zsy/runninghub/queue.go:203 [33mSLOW SQL >= 200ms
[0m[31;1m[1572.769ms] [33m[rows:0][35m SELECT * FROM `rh_queued_tasks` WHERE created_at < ? ORDER BY created_at asc LIMIT 50[0m

2026/10/02 14:52:44 [32mgithub.com/QuantumNous/new-api/zsy/runninghub/queue.go:203 [33mSLOW SQL >= 200ms
[0m[31;1m[251.673ms] [33m[rows:0][35m SELECT * FROM `rh_queued_tasks` WHERE created_at < ? ORDER BY created_at asc LIMIT 50[0m

2026/10/02 14:52:50 [32mgithub.com/QuantumNous/new-api/zsy/runninghub/queue.go:116 [33mSLOW SQL >= 200ms
[0m[31;1m[551.985ms] [33m[rows:0][35m SELECT * FROM `rh_queued_tasks` ORDER BY created_at asc, id asc LIMIT 20[0m

2026/10/02 14:53:02 [32mgithub.com/QuantumNous/new-api/model/db_time.go:16 [33mSLOW SQL >= 200ms
[0m[31;1m[725.952ms] [33m[rows:1][35m SELECT UNIX_TIMESTAMP()[0m

2026/10/02 14:53:03 [32mgithub.com/QuantumNous/new-api/model/subscription.go:1149 [33mSLOW SQL >= 200ms
[0m[31;1m[577.461ms] [33m[rows:0][35m SELECT * FROM `user_subscriptions` WHERE status = ? AND end_time > 0 AND end_time <= ? ORDER BY end_time asc, id asc LIMIT 300[0m

2026/10/02 14:53:03 [32mgithub.com/QuantumNous/new-api/model/system_instance.go:69 [33mSLOW SQL >= 200ms
[0m[31;1m[997.817ms] [33m[rows:2][35m INSERT INTO `system_instances` (`node_name`,`info`,`started_at`,`last_seen_at`,`created_at`,`updated_at`) VALUES (?,?,?,?,?,?) ON DUPLICATE KEY UPDATE `info`=VALUES(`info`),`started_at`=VALUES(`started_at`),`last_seen_at`=VALUES(`last_seen_at`),`updated_at`=VALUES(`updated_at`)[0m

2026/10/02 14:53:04 [32mgithub.com/QuantumNous/new-api/model/db_time.go:16 [33mSLOW SQL >= 200ms
[0m[31;1m[1241.971ms] [33m[rows:1][35m SELECT UNIX_TIMESTAMP()[0m

2026/10/02 14:53:04 [32mgithub.com/QuantumNous/new-api/zsy/runninghub/queue.go:203 [33mSLOW SQL >= 200ms
[0m[31;1m[2548.623ms] [33m[rows:0][35m SELECT * FROM `rh_queued_tasks` WHERE created_at < ? ORDER BY created_at asc LIMIT 50[0m

2026/10/02 14:53:04 [32mgithub.com/QuantumNous/new-api/model/subscription.go:1437 [33mSLOW SQL >= 200ms
[0m[31;1m[314.210ms] [33m[rows:0][35m SELECT * FROM `user_subscriptions` WHERE next_reset_time > 0 AND next_reset_time <= ? AND status = ? ORDER BY next_reset_time asc LIMIT 300[0m

2026/10/02 14:53:04 [32mgithub.com/QuantumNous/new-api/zsy/runninghub/queue.go:116 [33mSLOW SQL >= 200ms
[0m[31;1m[350.434ms] [33m[rows:0][35m SELECT * FROM `rh_queued_tasks` ORDER BY created_at asc, id asc LIMIT 20[0m

2026/10/02 14:53:05 [32mgithub.com/QuantumNous/new-api/service/authz/adapter.go:23 [33mSLOW SQL >= 200ms
[0m[31;1m[207.795ms] [33m[rows:3][35m SELECT * FROM `casbin_rule` ORDER BY id asc[0m
[SYS] 2026/10/02 - 14:53:06 | syncing options from database 

2026/10/02 14:53:06 [32mgithub.com/QuantumNous/new-api/model/option.go:26 [33mSLOW SQL >= 200ms
[0m[31;1m[818.243ms] [33m[rows:37][35m SELECT * FROM `options`[0m

2026/10/02 14:53:07 [32mgithub.com/QuantumNous/new-api/zsy/runninghub/queue.go:203 [33mSLOW SQL >= 200ms
[0m[31;1m[215.614ms] [33m[rows:0][35m SELECT * FROM `rh_queued_tasks` WHERE created_at < ? ORDER BY created_at asc LIMIT 50[0m

2026/10/02 14:53:08 [32mgithub.com/QuantumNous/new-api/zsy/runninghub/queue.go:116 [33mSLOW SQL >= 200ms
[0m[31;1m[251.512ms] [33m[rows:0][35m SELECT * FROM `rh_queued_tasks` ORDER BY created_at asc, id asc LIMIT 20[0m

2026/10/02 14:53:11 [32mgithub.com/QuantumNous/new-api/zsy/runninghub/queue.go:203 [33mSLOW SQL >= 200ms
[0m[31;1m[342.153ms] [33m[rows:0][35m SELECT * FROM `rh_queued_tasks` WHERE created_at < ? ORDER BY created_at asc LIMIT 50[0m

2026/10/02 14:53:11 [32mgithub.com/QuantumNous/new-api/zsy/runninghub/queue.go:116 [33mSLOW SQL >= 200ms
[0m[31;1m[343.633ms] [33m[rows:0][35m SELECT * FROM `rh_queued_tasks` ORDER BY created_at asc, id asc LIMIT 20[0m

2026/10/02 14:53:14 [32mgithub.com/QuantumNous/new-api/zsy/runninghub/queue.go:116 [33mSLOW SQL >= 200ms
[0m[31;1m[572.135ms] [33m[rows:0][35m SELECT * FROM `rh_queued_tasks` ORDER BY created_at asc, id asc LIMIT 20[0m

2026/10/02 14:53:17 [32mgithub.com/QuantumNous/new-api/model/system_task.go:362 [33mSLOW SQL >= 200ms
[0m[31;1m[849.185ms] [33m[rows:0][35m SELECT * FROM `system_task_locks` WHERE locked_until < ?[0m

2026/10/02 14:53:17 [32mgithub.com/QuantumNous/new-api/zsy/runninghub/queue.go:116 [33mSLOW SQL >= 200ms
[0m[31;1m[748.494ms] [33m[rows:0][35m SELECT * FROM `rh_queued_tasks` ORDER BY created_at asc, id asc LIMIT 20[0m

2026/10/02 14:53:17 [32mgithub.com/QuantumNous/new-api/model/midjourney.go:116 [33mSLOW SQL >= 200ms
[0m[31;1m[379.040ms] [33m[rows:0][35m SELECT `id` FROM `midjourneys` WHERE progress != ? LIMIT 1[0m

2026/10/02 14:53:18 [32mgithub.com/QuantumNous/new-api/model/task.go:355 [33mSLOW SQL >= 200ms
[0m[31;1m[683.814ms] [33m[rows:0][35m SELECT `id` FROM `tasks` WHERE progress != ? AND status != ? AND status != ? LIMIT 1[0m

2026/10/02 14:53:19 [32mgithub.com/QuantumNous/new-api/model/system_task.go:216 [33mSLOW SQL >= 200ms
[0m[31;1m[1266.796ms] [33m[rows:1][35m SELECT * FROM `system_tasks` WHERE id IN (SELECT MAX(id) FROM `system_tasks` WHERE type IN (?) GROUP BY `type`)[0m

2026/10/02 14:53:20 [32mgithub.com/QuantumNous/new-api/zsy/runninghub/queue.go:116 [33mSLOW SQL >= 200ms
[0m[31;1m[647.396ms] [33m[rows:0][35m SELECT * FROM `rh_queued_tasks` ORDER BY created_at asc, id asc LIMIT 20[0m

2026/10/02 14:53:21 [32mgithub.com/QuantumNous/new-api/model/system_task.go:169 [33mSLOW SQL >= 200ms
[0m[31;1m[1392.524ms] [33m[rows:0][35m SELECT * FROM `system_tasks` WHERE id IN (SELECT MIN(id) FROM `system_tasks` WHERE type IN (?,?,?,?,?) AND status = ? GROUP BY `type`)[0m

2026/10/02 14:53:22 [32mgithub.com/QuantumNous/new-api/zsy/runninghub/queue.go:203 [33mSLOW SQL >= 200ms
[0m[31;1m[203.319ms] [33m[rows:0][35m SELECT * FROM `rh_queued_tasks` WHERE created_at < ? ORDER BY created_at asc LIMIT 50[0m

2026/10/02 14:53:32 [32mgithub.com/QuantumNous/new-api/zsy/runninghub/queue.go:203 [33mSLOW SQL >= 200ms
[0m[31;1m[745.983ms] [33m[rows:0][35m SELECT * FROM `rh_queued_tasks` WHERE created_at < ? ORDER BY created_at asc LIMIT 50[0m

2026/10/02 14:53:33 [32mgithub.com/QuantumNous/new-api/model/system_instance.go:69 [33mSLOW SQL >= 200ms
[0m[31;1m[1045.407ms] [33m[rows:2][35m INSERT INTO `system_instances` (`node_name`,`info`,`started_at`,`last_seen_at`,`created_at`,`updated_at`) VALUES (?,?,?,?,?,?) ON DUPLICATE KEY UPDATE `info`=VALUES(`info`),`started_at`=VALUES(`started_at`),`last_seen_at`=VALUES(`last_seen_at`),`updated_at`=VALUES(`updated_at`)[0m

2026/10/02 14:53:33 [32mgithub.com/QuantumNous/new-api/zsy/runninghub/queue.go:116 [33mSLOW SQL >= 200ms
[0m[31;1m[764.592ms] [33m[rows:0][35m SELECT * FROM `rh_queued_tasks` ORDER BY created_at asc, id asc LIMIT 20[0m

2026/10/02 14:53:44 [32mgithub.com/QuantumNous/new-api/zsy/runninghub/queue.go:203 [33mSLOW SQL >= 200ms
[0m[31;1m[337.248ms] [33m[rows:0][35m SELECT * FROM `rh_queued_tasks` WHERE created_at < ? ORDER BY created_at asc LIMIT 50[0m

2026/10/02 14:53:46 [32mgithub.com/QuantumNous/new-api/zsy/runninghub/queue.go:203 [33mSLOW SQL >= 200ms
[0m[31;1m[220.130ms] [33m[rows:0][35m SELECT * FROM `rh_queued_tasks` WHERE created_at < ? ORDER BY created_at asc LIMIT 50[0m

2026/10/02 14:53:47 [32mgithub.com/QuantumNous/new-api/model/midjourney.go:116 [33mSLOW SQL >= 200ms
[0m[31;1m[329.273ms] [33m[rows:0][35m SELECT `id` FROM `midjourneys` WHERE progress != ? LIMIT 1[0m

2026/10/02 14:53:47 [32mgithub.com/QuantumNous/new-api/model/task.go:355 [33mSLOW SQL >= 200ms
[0m[31;1m[206.058ms] [33m[rows:0][35m SELECT `id` FROM `tasks` WHERE progress != ? AND status != ? AND status != ? LIMIT 1[0m

2026/10/02 14:53:47 [32mgithub.com/QuantumNous/new-api/model/system_task.go:216 [33mSLOW SQL >= 200ms
[0m[31;1m[294.283ms] [33m[rows:1][35m SELECT * FROM `system_tasks` WHERE id IN (SELECT MAX(id) FROM `system_tasks` WHERE type IN (?) GROUP BY `type`)[0m

2026/10/02 14:53:50 [32mgithub.com/QuantumNous/new-api/zsy/runninghub/queue.go:203 [33mSLOW SQL >= 200ms
[0m[31;1m[261.277ms] [33m[rows:0][35m SELECT * FROM `rh_queued_tasks` WHERE created_at < ? ORDER BY created_at asc LIMIT 50[0m

2026/10/02 14:53:56 [32mgithub.com/QuantumNous/new-api/zsy/runninghub/queue.go:203 [33mSLOW SQL >= 200ms
[0m[31;1m[367.440ms] [33m[rows:0][35m SELECT * FROM `rh_queued_tasks` WHERE created_at < ? ORDER BY created_at asc LIMIT 50[0m

2026/10/02 14:53:56 [32mgithub.com/QuantumNous/new-api/zsy/runninghub/queue.go:116 [33mSLOW SQL >= 200ms
[0m[31;1m[368.871ms] [33m[rows:0][35m SELECT * FROM `rh_queued_tasks` ORDER BY created_at asc, id asc LIMIT 20[0m

2026/10/02 14:54:02 [32mgithub.com/QuantumNous/new-api/model/system_task.go:362 [33mSLOW SQL >= 200ms
[0m[31;1m[283.387ms] [33m[rows:0][35m SELECT * FROM `system_task_locks` WHERE locked_until < ?[0m

2026/10/02 14:54:02 [32mgithub.com/QuantumNous/new-api/model/midjourney.go:116 [33mSLOW SQL >= 200ms
[0m[31;1m[362.935ms] [33m[rows:0][35m SELECT `id` FROM `midjourneys` WHERE progress != ? LIMIT 1[0m

2026/10/02 14:54:02 [32mgithub.com/QuantumNous/new-api/model/db_time.go:16 [33mSLOW SQL >= 200ms
[0m[31;1m[648.028ms] [33m[rows:1][35m SELECT UNIX_TIMESTAMP()[0m

2026/10/02 14:54:02 [32mgithub.com/QuantumNous/new-api/model/task.go:355 [33mSLOW SQL >= 200ms
[0m[31;1m[582.975ms] [33m[rows:0][35m SELECT `id` FROM `tasks` WHERE progress != ? AND status != ? AND status != ? LIMIT 1[0m

2026/10/02 14:54:03 [32mgithub.com/QuantumNous/new-api/model/subscription.go:1149 [33mSLOW SQL >= 200ms
[0m[31;1m[1040.051ms] [33m[rows:0][35m SELECT * FROM `user_subscriptions` WHERE status = ? AND end_time > 0 AND end_time <= ? ORDER BY end_time asc, id asc LIMIT 300[0m

2026/10/02 14:54:03 [32mgithub.com/QuantumNous/new-api/model/system_task.go:216 [33mSLOW SQL >= 200ms
[0m[31;1m[471.821ms] [33m[rows:1][35m SELECT * FROM `system_tasks` WHERE id IN (SELECT MAX(id) FROM `system_tasks` WHERE type IN (?) GROUP BY `type`)[0m

2026/10/02 14:54:04 [32mgithub.com/QuantumNous/new-api/model/system_task.go:169 [33mSLOW SQL >= 200ms
[0m[31;1m[695.002ms] [33m[rows:0][35m SELECT * FROM `system_tasks` WHERE id IN (SELECT MIN(id) FROM `system_tasks` WHERE type IN (?,?,?,?,?) AND status = ? GROUP BY `type`)[0m

2026/10/02 14:54:05 [32mgithub.com/QuantumNous/new-api/zsy/runninghub/queue.go:203 [33mSLOW SQL >= 200ms
[0m[31;1m[3278.058ms] [33m[rows:0][35m SELECT * FROM `rh_queued_tasks` WHERE created_at < ? ORDER BY created_at asc LIMIT 50[0m

2026/10/02 14:54:05 [32mgithub.com/QuantumNous/new-api/zsy/runninghub/queue.go:116 [33mSLOW SQL >= 200ms
[0m[31;1m[255.610ms] [33m[rows:0][35m SELECT * FROM `rh_queued_tasks` ORDER BY created_at asc, id asc LIMIT 20[0m

2026/10/02 14:54:05 [32mgithub.com/QuantumNous/new-api/model/system_instance.go:69 [33mSLOW SQL >= 200ms
[0m[31;1m[3746.365ms] [33m[rows:2][35m INSERT INTO `system_instances` (`node_name`,`info`,`started_at`,`last_seen_at`,`created_at`,`updated_at`) VALUES (?,?,?,?,?,?) ON DUPLICATE KEY UPDATE `info`=VALUES(`info`),`started_at`=VALUES(`started_at`),`last_seen_at`=VALUES(`last_seen_at`),`updated_at`=VALUES(`updated_at`)[0m

2026/10/02 14:54:06 [32mgithub.com/QuantumNous/new-api/zsy/runninghub/queue.go:203 [33mSLOW SQL >= 200ms
[0m[31;1m[798.422ms] [33m[rows:0][35m SELECT * FROM `rh_queued_tasks` WHERE created_at < ? ORDER BY created_at asc LIMIT 50[0m

2026/10/02 14:54:06 [32mgithub.com/QuantumNous/new-api/model/db_time.go:16 [33mSLOW SQL >= 200ms
[0m[31;1m[2684.032ms] [33m[rows:1][35m SELECT UNIX_TIMESTAMP()[0m

2026/10/02 14:54:06 [32mgithub.com/QuantumNous/new-api/zsy/runninghub/queue.go:116 [33mSLOW SQL >= 200ms
[0m[31;1m[496.293ms] [33m[rows:0][35m SELECT * FROM `rh_queued_tasks` ORDER BY created_at asc, id asc LIMIT 20[0m

2026/10/02 14:54:06 [32mgithub.com/QuantumNous/new-api/model/subscription.go:1437 [33mSLOW SQL >= 200ms
[0m[31;1m[703.889ms] [33m[rows:0][35m SELECT * FROM `user_subscriptions` WHERE next_reset_time > 0 AND next_reset_time <= ? AND status = ? ORDER BY next_reset_time asc LIMIT 300[0m
[SYS] 2026/10/02 - 14:54:06 | syncing options from database 

2026/10/02 14:54:08 [32mgithub.com/QuantumNous/new-api/model/option.go:26 [33mSLOW SQL >= 200ms
[0m[31;1m[1289.123ms] [33m[rows:37][35m SELECT * FROM `options`[0m

2026/10/02 14:54:08 [32mgithub.com/QuantumNous/new-api/service/authz/adapter.go:23 [33mSLOW SQL >= 200ms
[0m[31;1m[3044.255ms] [33m[rows:3][35m SELECT * FROM `casbin_rule` ORDER BY id asc[0m

2026/10/02 14:54:08 [32mgithub.com/QuantumNous/new-api/zsy/runninghub/queue.go:203 [33mSLOW SQL >= 200ms
[0m[31;1m[459.123ms] [33m[rows:0][35m SELECT * FROM `rh_queued_tasks` WHERE created_at < ? ORDER BY created_at asc LIMIT 50[0m

2026/10/02 14:54:11 [32mgithub.com/QuantumNous/new-api/zsy/runninghub/queue.go:116 [33mSLOW SQL >= 200ms
[0m[31;1m[301.165ms] [33m[rows:0][35m SELECT * FROM `rh_queued_tasks` ORDER BY created_at asc, id asc LIMIT 20[0m

2026/10/02 14:54:17 [32mgithub.com/QuantumNous/new-api/zsy/runninghub/queue.go:203 [33mSLOW SQL >= 200ms
[0m[31;1m[292.130ms] [33m[rows:0][35m SELECT * FROM `rh_queued_tasks` WHERE created_at < ? ORDER BY created_at asc LIMIT 50[0m

2026/10/02 14:54:18 [32mgithub.com/QuantumNous/new-api/model/midjourney.go:116 [33mSLOW SQL >= 200ms
[0m[31;1m[1825.207ms] [33m[rows:0][35m SELECT `id` FROM `midjourneys` WHERE progress != ? LIMIT 1[0m

2026/10/02 14:54:20 [32mgithub.com/QuantumNous/new-api/zsy/runninghub/queue.go:203 [33mSLOW SQL >= 200ms
[0m[31;1m[309.702ms] [33m[rows:0][35m SELECT * FROM `rh_queued_tasks` WHERE created_at < ? ORDER BY created_at asc LIMIT 50[0m

2026/10/02 14:54:20 [32mgithub.com/QuantumNous/new-api/model/task.go:355 [33mSLOW SQL >= 200ms
[0m[31;1m[1518.432ms] [33m[rows:0][35m SELECT `id` FROM `tasks` WHERE progress != ? AND status != ? AND status != ? LIMIT 1[0m

2026/10/02 14:54:20 [32mgithub.com/QuantumNous/new-api/model/system_task.go:216 [33mSLOW SQL >= 200ms
[0m[31;1m[265.692ms] [33m[rows:1][35m SELECT * FROM `system_tasks` WHERE id IN (SELECT MAX(id) FROM `system_tasks` WHERE type IN (?) GROUP BY `type`)[0m

2026/10/02 14:54:23 [32mgithub.com/QuantumNous/new-api/zsy/runninghub/queue.go:203 [33mSLOW SQL >= 200ms
[0m[31;1m[899.155ms] [33m[rows:0][35m SELECT * FROM `rh_queued_tasks` WHERE created_at < ? ORDER BY created_at asc LIMIT 50[0m

2026/10/02 14:54:24 [32mgithub.com/QuantumNous/new-api/zsy/runninghub/queue.go:116 [33mSLOW SQL >= 200ms
[0m[31;1m[1101.065ms] [33m[rows:0][35m SELECT * FROM `rh_queued_tasks` ORDER BY created_at asc, id asc LIMIT 20[0m

2026/10/02 14:54:26 [32mgithub.com/QuantumNous/new-api/zsy/runninghub/queue.go:116 [33mSLOW SQL >= 200ms
[0m[31;1m[327.309ms] [33m[rows:0][35m SELECT * FROM `rh_queued_tasks` ORDER BY created_at asc, id asc LIMIT 20[0m

2026/10/02 14:54:29 [32mgithub.com/QuantumNous/new-api/zsy/runninghub/queue.go:203 [33mSLOW SQL >= 200ms
[0m[31;1m[396.717ms] [33m[rows:0][35m SELECT * FROM `rh_queued_tasks` WHERE created_at < ? ORDER BY created_at asc LIMIT 50[0m

2026/10/02 14:54:31 [32mgithub.com/QuantumNous/new-api/zsy/runninghub/queue.go:203 [33mSLOW SQL >= 200ms
[0m[31;1m[241.911ms] [33m[rows:0][35m SELECT * FROM `rh_queued_tasks` WHERE created_at < ? ORDER BY created_at asc LIMIT 50[0m

2026/10/02 14:54:31 [32mgithub.com/QuantumNous/new-api/model/system_task.go:169 [33mSLOW SQL >= 200ms
[0m[31;1m[243.133ms] [33m[rows:0][35m SELECT * FROM `system_tasks` WHERE id IN (SELECT MIN(id) FROM `system_tasks` WHERE type IN (?,?,?,?,?) AND status = ? GROUP BY `type`)[0m

2026/10/02 14:54:32 [32mgithub.com/QuantumNous/new-api/model/system_instance.go:69 [33mSLOW SQL >= 200ms
[0m[31;1m[324.355ms] [33m[rows:2][35m INSERT INTO `system_instances` (`node_name`,`info`,`started_at`,`last_seen_at`,`created_at`,`updated_at`) VALUES (?,?,?,?,?,?) ON DUPLICATE KEY UPDATE `info`=VALUES(`info`),`started_at`=VALUES(`started_at`),`last_seen_at`=VALUES(`last_seen_at`),`updated_at`=VALUES(`updated_at`)[0m

2026/10/02 14:54:38 [32mgithub.com/QuantumNous/new-api/zsy/runninghub/queue.go:203 [33mSLOW SQL >= 200ms
[0m[31;1m[275.663ms] [33m[rows:0][35m SELECT * FROM `rh_queued_tasks` WHERE created_at < ? ORDER BY created_at asc LIMIT 50[0m

2026/10/02 14:54:38 [32mgithub.com/QuantumNous/new-api/zsy/runninghub/queue.go:116 [33mSLOW SQL >= 200ms
[0m[31;1m[384.819ms] [33m[rows:0][35m SELECT * FROM `rh_queued_tasks` ORDER BY created_at asc, id asc LIMIT 20[0m

2026/10/02 14:54:41 [32mgithub.com/QuantumNous/new-api/zsy/runninghub/queue.go:116 [33mSLOW SQL >= 200ms
[0m[31;1m[635.613ms] [33m[rows:0][35m SELECT * FROM `rh_queued_tasks` ORDER BY created_at asc, id asc LIMIT 20[0m

2026/10/02 14:54:48 [32mgithub.com/QuantumNous/new-api/model/midjourney.go:116 [33mSLOW SQL >= 200ms
[0m[31;1m[1104.983ms] [33m[rows:0][35m SELECT `id` FROM `midjourneys` WHERE progress != ? LIMIT 1[0m

2026/10/02 14:54:49 [32mgithub.com/QuantumNous/new-api/model/task.go:355 [33mSLOW SQL >= 200ms
[0m[31;1m[1042.382ms] [33m[rows:0][35m SELECT `id` FROM `tasks` WHERE progress != ? AND status != ? AND status != ? LIMIT 1[0m

2026/10/02 14:54:49 [32mgithub.com/QuantumNous/new-api/model/system_task.go:216 [33mSLOW SQL >= 200ms
[0m[31;1m[341.026ms] [33m[rows:1][35m SELECT * FROM `system_tasks` WHERE id IN (SELECT MAX(id) FROM `system_tasks` WHERE type IN (?) GROUP BY `type`)[0m

2026/10/02 14:54:49 [32mgithub.com/QuantumNous/new-api/model/system_task.go:169 [33mSLOW SQL >= 200ms
[0m[31;1m[215.267ms] [33m[rows:0][35m SELECT * FROM `system_tasks` WHERE id IN (SELECT MIN(id) FROM `system_tasks` WHERE type IN (?,?,?,?,?) AND status = ? GROUP BY `type`)[0m

2026/10/02 14:54:56 [32mgithub.com/QuantumNous/new-api/zsy/runninghub/queue.go:203 [33mSLOW SQL >= 200ms
[0m[31;1m[488.107ms] [33m[rows:0][35m SELECT * FROM `rh_queued_tasks` WHERE created_at < ? ORDER BY created_at asc LIMIT 50[0m

2026/10/02 14:55:01 [32mgithub.com/QuantumNous/new-api/zsy/runninghub/queue.go:203 [33mSLOW SQL >= 200ms
[0m[31;1m[217.303ms] [33m[rows:0][35m SELECT * FROM `rh_queued_tasks` WHERE created_at < ? ORDER BY created_at asc LIMIT 50[0m

2026/10/02 14:55:01 [32mgithub.com/QuantumNous/new-api/model/db_time.go:16 [33mSLOW SQL >= 200ms
[0m[31;1m[219.131ms] [33m[rows:1][35m SELECT UNIX_TIMESTAMP()[0m

2026/10/02 14:55:02 [32mgithub.com/QuantumNous/new-api/zsy/runninghub/queue.go:116 [33mSLOW SQL >= 200ms
[0m[31;1m[215.413ms] [33m[rows:0][35m SELECT * FROM `rh_queued_tasks` ORDER BY created_at asc, id asc LIMIT 20[0m

2026/10/02 14:55:02 [32mgithub.com/QuantumNous/new-api/model/subscription.go:1149 [33mSLOW SQL >= 200ms
[0m[31;1m[215.512ms] [33m[rows:0][35m SELECT * FROM `user_subscriptions` WHERE status = ? AND end_time > 0 AND end_time <= ? ORDER BY end_time asc, id asc LIMIT 300[0m

2026/10/02 14:55:02 [32mgithub.com/QuantumNous/new-api/model/system_instance.go:69 [33mSLOW SQL >= 200ms
[0m[31;1m[513.453ms] [33m[rows:2][35m INSERT INTO `system_instances` (`node_name`,`info`,`started_at`,`last_seen_at`,`created_at`,`updated_at`) VALUES (?,?,?,?,?,?) ON DUPLICATE KEY UPDATE `info`=VALUES(`info`),`started_at`=VALUES(`started_at`),`last_seen_at`=VALUES(`last_seen_at`),`updated_at`=VALUES(`updated_at`)[0m

2026/10/02 14:55:02 [32mgithub.com/QuantumNous/new-api/model/db_time.go:16 [33mSLOW SQL >= 200ms
[0m[31;1m[718.334ms] [33m[rows:1][35m SELECT UNIX_TIMESTAMP()[0m

2026/10/02 14:55:04 [32mgithub.com/QuantumNous/new-api/model/subscription.go:1437 [33mSLOW SQL >= 200ms
[0m[31;1m[1240.449ms] [33m[rows:0][35m SELECT * FROM `user_subscriptions` WHERE next_reset_time > 0 AND next_reset_time <= ? AND status = ? ORDER BY next_reset_time asc LIMIT 300[0m

2026/10/02 14:55:05 [32mgithub.com/QuantumNous/new-api/zsy/runninghub/queue.go:116 [33mSLOW SQL >= 200ms
[0m[31;1m[677.143ms] [33m[rows:0][35m SELECT * FROM `rh_queued_tasks` ORDER BY created_at asc, id asc LIMIT 20[0m
[SYS] 2026/10/02 - 14:55:08 | syncing options from database 

2026/10/02 14:55:08 [32mgithub.com/QuantumNous/new-api/zsy/runninghub/queue.go:203 [33mSLOW SQL >= 200ms
[0m[31;1m[976.977ms] [33m[rows:0][35m SELECT * FROM `rh_queued_tasks` WHERE created_at < ? ORDER BY created_at asc LIMIT 50[0m

2026/10/02 14:55:09 [32mgithub.com/QuantumNous/new-api/service/authz/adapter.go:23 [33mSLOW SQL >= 200ms
[0m[31;1m[1002.307ms] [33m[rows:3][35m SELECT * FROM `casbin_rule` ORDER BY id asc[0m

2026/10/02 14:55:09 [32mgithub.com/QuantumNous/new-api/zsy/runninghub/queue.go:116 [33mSLOW SQL >= 200ms
[0m[31;1m[894.265ms] [33m[rows:0][35m SELECT * FROM `rh_queued_tasks` ORDER BY created_at asc, id asc LIMIT 20[0m

2026/10/02 14:55:09 [32mgithub.com/QuantumNous/new-api/model/option.go:26 [33mSLOW SQL >= 200ms
[0m[31;1m[1773.446ms] [33m[rows:37][35m SELECT * FROM `options`[0m

2026/10/02 14:55:11 [32mgithub.com/QuantumNous/new-api/zsy/runninghub/queue.go:203 [33mSLOW SQL >= 200ms
[0m[31;1m[383.059ms] [33m[rows:0][35m SELECT * FROM `rh_queued_tasks` WHERE created_at < ? ORDER BY created_at asc LIMIT 50[0m

2026/10/02 14:55:11 [32mgithub.com/QuantumNous/new-api/zsy/runninghub/queue.go:116 [33mSLOW SQL >= 200ms
[0m[31;1m[201.156ms] [33m[rows:0][35m SELECT * FROM `rh_queued_tasks` ORDER BY created_at asc, id asc LIMIT 20[0m

2026/10/02 14:55:17 [32mgithub.com/QuantumNous/new-api/zsy/runninghub/queue.go:203 [33mSLOW SQL >= 200ms
[0m[31;1m[322.653ms] [33m[rows:0][35m SELECT * FROM `rh_queued_tasks` WHERE created_at < ? ORDER BY created_at asc LIMIT 50[0m

2026/10/02 14:55:17 [32mgithub.com/QuantumNous/new-api/model/system_task.go:362 [33mSLOW SQL >= 200ms
[0m[31;1m[337.675ms] [33m[rows:0][35m SELECT * FROM `system_task_locks` WHERE locked_until < ?[0m

2026/10/02 14:55:17 [32mgithub.com/QuantumNous/new-api/zsy/runninghub/queue.go:116 [33mSLOW SQL >= 200ms
[0m[31;1m[247.666ms] [33m[rows:0][35m SELECT * FROM `rh_queued_tasks` ORDER BY created_at asc, id asc LIMIT 20[0m

2026/10/02 14:55:17 [32mgithub.com/QuantumNous/new-api/model/system_task.go:169 [33mSLOW SQL >= 200ms
[0m[31;1m[411.064ms] [33m[rows:0][35m SELECT * FROM `system_tasks` WHERE id IN (SELECT MIN(id) FROM `system_tasks` WHERE type IN (?,?,?,?,?) AND status = ? GROUP BY `type`)[0m

2026/10/02 14:55:20 [32mgithub.com/QuantumNous/new-api/zsy/runninghub/queue.go:203 [33mSLOW SQL >= 200ms
[0m[31;1m[663.761ms] [33m[rows:0][35m SELECT * FROM `rh_queued_tasks` WHERE created_at < ? ORDER BY created_at asc LIMIT 50[0m

2026/10/02 14:55:21 [32mgithub.com/QuantumNous/new-api/zsy/runninghub/queue.go:116 [33mSLOW SQL >= 200ms
[0m[31;1m[1091.386ms] [33m[rows:0][35m SELECT * FROM `rh_queued_tasks` ORDER BY created_at asc, id asc LIMIT 20[0m

2026/10/02 14:55:23 [32mgithub.com/QuantumNous/new-api/zsy/runninghub/queue.go:203 [33mSLOW SQL >= 200ms
[0m[31;1m[258.883ms] [33m[rows:0][35m SELECT * FROM `rh_queued_tasks` WHERE created_at < ? ORDER BY created_at asc LIMIT 50[0m

2026/10/02 14:55:23 [32mgithub.com/QuantumNous/new-api/zsy/runninghub/queue.go:116 [33mSLOW SQL >= 200ms
[0m[31;1m[467.339ms] [33m[rows:0][35m SELECT * FROM `rh_queued_tasks` ORDER BY created_at asc, id asc LIMIT 20[0m

2026/10/02 14:55:29 [32mgithub.com/QuantumNous/new-api/zsy/runninghub/queue.go:116 [33mSLOW SQL >= 200ms
[0m[31;1m[232.516ms] [33m[rows:0][35m SELECT * FROM `rh_queued_tasks` ORDER BY created_at asc, id asc LIMIT 20[0m

2026/10/02 14:55:32 [32mgithub.com/QuantumNous/new-api/zsy/runninghub/queue.go:203 [33mSLOW SQL >= 200ms
[0m[31;1m[462.495ms] [33m[rows:0][35m SELECT * FROM `rh_queued_tasks` WHERE created_at < ? ORDER BY created_at asc LIMIT 50[0m

2026/10/02 14:55:32 [32mgithub.com/QuantumNous/new-api/model/midjourney.go:116 [33mSLOW SQL >= 200ms
[0m[31;1m[712.322ms] [33m[rows:0][35m SELECT `id` FROM `midjourneys` WHERE progress != ? LIMIT 1[0m

2026/10/02 14:55:32 [32mgithub.com/QuantumNous/new-api/zsy/runninghub/queue.go:116 [33mSLOW SQL >= 200ms
[0m[31;1m[251.825ms] [33m[rows:0][35m SELECT * FROM `rh_queued_tasks` ORDER BY created_at asc, id asc LIMIT 20[0m

2026/10/02 14:55:32 [32mgithub.com/QuantumNous/new-api/model/task.go:355 [33mSLOW SQL >= 200ms
[0m[31;1m[388.577ms] [33m[rows:0][35m SELECT `id` FROM `tasks` WHERE progress != ? AND status != ? AND status != ? LIMIT 1[0m

2026/10/02 14:55:32 [32mgithub.com/QuantumNous/new-api/model/system_instance.go:69 [33mSLOW SQL >= 200ms
[0m[31;1m[751.238ms] [33m[rows:2][35m INSERT INTO `system_instances` (`node_name`,`info`,`started_at`,`last_seen_at`,`created_at`,`updated_at`) VALUES (?,?,?,?,?,?) ON DUPLICATE KEY UPDATE `info`=VALUES(`info`),`started_at`=VALUES(`started_at`),`last_seen_at`=VALUES(`last_seen_at`),`updated_at`=VALUES(`updated_at`)[0m

2026/10/02 14:55:40 [32mgithub.com/QuantumNous/new-api/zsy/runninghub/queue.go:203 [33mSLOW SQL >= 200ms
[0m[31;1m[232.216ms] [33m[rows:0][35m SELECT * FROM `rh_queued_tasks` WHERE created_at < ? ORDER BY created_at asc LIMIT 50[0m

2026/10/02 14:55:41 [32mgithub.com/QuantumNous/new-api/zsy/runninghub/queue.go:116 [33mSLOW SQL >= 200ms
[0m[31;1m[313.756ms] [33m[rows:0][35m SELECT * FROM `rh_queued_tasks` ORDER BY created_at asc, id asc LIMIT 20[0m

2026/10/02 14:55:53 [32mgithub.com/QuantumNous/new-api/zsy/runninghub/queue.go:203 [33mSLOW SQL >= 200ms
[0m[31;1m[318.656ms] [33m[rows:0][35m SELECT * FROM `rh_queued_tasks` WHERE created_at < ? ORDER BY created_at asc LIMIT 50[0m

2026/10/02 14:55:53 [32mgithub.com/QuantumNous/new-api/zsy/runninghub/queue.go:116 [33mSLOW SQL >= 200ms
[0m[31;1m[541.593ms] [33m[rows:0][35m SELECT * FROM `rh_queued_tasks` ORDER BY created_at asc, id asc LIMIT 20[0m

2026/10/02 14:55:56 [32mgithub.com/QuantumNous/new-api/zsy/runninghub/queue.go:203 [33mSLOW SQL >= 200ms
[0m[31;1m[359.096ms] [33m[rows:0][35m SELECT * FROM `rh_queued_tasks` WHERE created_at < ? ORDER BY created_at asc LIMIT 50[0m
[SYS] 2026/10/02 - 14:56:01 | 正在更新数据看板数据... 
[SYS] 2026/10/02 - 14:56:01 | 保存数据看板数据成功，共保存0条数据 

2026/10/02 14:56:02 [32mgithub.com/QuantumNous/new-api/model/task.go:355 [33mSLOW SQL >= 200ms
[0m[31;1m[558.384ms] [33m[rows:0][35m SELECT `id` FROM `tasks` WHERE progress != ? AND status != ? AND status != ? LIMIT 1[0m

2026/10/02 14:56:02 [32mgithub.com/QuantumNous/new-api/service/codex_credential_refresh_task.go:80 [33mSLOW SQL >= 200ms
[0m[31;1m[563.087ms] [33m[rows:0][35m SELECT `id`,`name`,`key`,`status`,`channel_info` FROM `channels` WHERE type = ? AND (status = ? OR status = ?) ORDER BY id asc LIMIT 200[0m

2026/10/02 14:56:02 [32mgithub.com/QuantumNous/new-api/model/db_time.go:16 [33mSLOW SQL >= 200ms
[0m[31;1m[565.738ms] [33m[rows:1][35m SELECT UNIX_TIMESTAMP()[0m

2026/10/02 14:56:03 [32mgithub.com/QuantumNous/new-api/model/midjourney.go:116 [33mSLOW SQL >= 200ms
[0m[31;1m[796.730ms] [33m[rows:0][35m SELECT `id` FROM `midjourneys` WHERE progress != ? LIMIT 1[0m

2026/10/02 14:56:03 [32mgithub.com/QuantumNous/new-api/model/subscription.go:1149 [33mSLOW SQL >= 200ms
[0m[31;1m[794.584ms] [33m[rows:0][35m SELECT * FROM `user_subscriptions` WHERE status = ? AND end_time > 0 AND end_time <= ? ORDER BY end_time asc, id asc LIMIT 300[0m

2026/10/02 14:56:03 [32mgithub.com/QuantumNous/new-api/model/db_time.go:16 [33mSLOW SQL >= 200ms
[0m[31;1m[284.276ms] [33m[rows:1][35m SELECT UNIX_TIMESTAMP()[0m

2026/10/02 14:56:03 [32mgithub.com/QuantumNous/new-api/model/system_task.go:216 [33mSLOW SQL >= 200ms
[0m[31;1m[364.258ms] [33m[rows:1][35m SELECT * FROM `system_tasks` WHERE id IN (SELECT MAX(id) FROM `system_tasks` WHERE type IN (?) GROUP BY `type`)[0m

2026/10/02 14:56:04 [32mgithub.com/QuantumNous/new-api/zsy/runninghub/queue.go:203 [33mSLOW SQL >= 200ms
[0m[31;1m[2546.688ms] [33m[rows:0][35m SELECT * FROM `rh_queued_tasks` WHERE created_at < ? ORDER BY created_at asc LIMIT 50[0m

2026/10/02 14:56:04 [32mgithub.com/QuantumNous/new-api/zsy/runninghub/queue.go:116 [33mSLOW SQL >= 200ms
[0m[31;1m[689.914ms] [33m[rows:0][35m SELECT * FROM `rh_queued_tasks` ORDER BY created_at asc, id asc LIMIT 20[0m

2026/10/02 14:56:05 [32mgithub.com/QuantumNous/new-api/model/system_instance.go:69 [33mSLOW SQL >= 200ms
[0m[31;1m[3326.143ms] [33m[rows:2][35m INSERT INTO `system_instances` (`node_name`,`info`,`started_at`,`last_seen_at`,`created_at`,`updated_at`) VALUES (?,?,?,?,?,?) ON DUPLICATE KEY UPDATE `info`=VALUES(`info`),`started_at`=VALUES(`started_at`),`last_seen_at`=VALUES(`last_seen_at`),`updated_at`=VALUES(`updated_at`)[0m

2026/10/02 14:56:08 [32mgithub.com/QuantumNous/new-api/zsy/runninghub/queue.go:203 [33mSLOW SQL >= 200ms
[0m[31;1m[773.472ms] [33m[rows:0][35m SELECT * FROM `rh_queued_tasks` WHERE created_at < ? ORDER BY created_at asc LIMIT 50[0m
[SYS] 2026/10/02 - 14:56:09 | syncing options from database 

2026/10/02 14:56:10 [32mgithub.com/QuantumNous/new-api/model/option.go:26 [33mSLOW SQL >= 200ms
[0m[31;1m[555.158ms] [33m[rows:37][35m SELECT * FROM `options`[0m

2026/10/02 14:56:11 [32mgithub.com/QuantumNous/new-api/zsy/runninghub/queue.go:203 [33mSLOW SQL >= 200ms
[0m[31;1m[255.800ms] [33m[rows:0][35m SELECT * FROM `rh_queued_tasks` WHERE created_at < ? ORDER BY created_at asc LIMIT 50[0m

2026/10/02 14:56:23 [32mgithub.com/QuantumNous/new-api/zsy/runninghub/queue.go:203 [33mSLOW SQL >= 200ms
[0m[31;1m[289.009ms] [33m[rows:0][35m SELECT * FROM `rh_queued_tasks` WHERE created_at < ? ORDER BY created_at asc LIMIT 50[0m

2026/10/02 14:56:23 [32mgithub.com/QuantumNous/new-api/zsy/runninghub/queue.go:116 [33mSLOW SQL >= 200ms
[0m[31;1m[305.236ms] [33m[rows:0][35m SELECT * FROM `rh_queued_tasks` ORDER BY created_at asc, id asc LIMIT 20[0m

2026/10/02 14:56:31 [32mgithub.com/QuantumNous/new-api/model/system_task.go:362 [33mSLOW SQL >= 200ms
[0m[31;1m[225.120ms] [33m[rows:0][35m SELECT * FROM `system_task_locks` WHERE locked_until < ?[0m

2026/10/02 14:56:32 [32mgithub.com/QuantumNous/new-api/model/task.go:355 [33mSLOW SQL >= 200ms
[0m[31;1m[279.527ms] [33m[rows:0][35m SELECT `id` FROM `tasks` WHERE progress != ? AND status != ? AND status != ? LIMIT 1[0m

2026/10/02 14:56:32 [32mgithub.com/QuantumNous/new-api/model/system_task.go:216 [33mSLOW SQL >= 200ms
[0m[31;1m[227.467ms] [33m[rows:1][35m SELECT * FROM `system_tasks` WHERE id IN (SELECT MAX(id) FROM `system_tasks` WHERE type IN (?) GROUP BY `type`)[0m

2026/10/02 14:56:33 [32mgithub.com/QuantumNous/new-api/model/system_instance.go:69 [33mSLOW SQL >= 200ms
[0m[31;1m[883.330ms] [33m[rows:2][35m INSERT INTO `system_instances` (`node_name`,`info`,`started_at`,`last_seen_at`,`created_at`,`updated_at`) VALUES (?,?,?,?,?,?) ON DUPLICATE KEY UPDATE `info`=VALUES(`info`),`started_at`=VALUES(`started_at`),`last_seen_at`=VALUES(`last_seen_at`),`updated_at`=VALUES(`updated_at`)[0m

2026/10/02 14:56:38 [32mgithub.com/QuantumNous/new-api/zsy/runninghub/queue.go:203 [33mSLOW SQL >= 200ms
[0m[31;1m[293.344ms] [33m[rows:0][35m SELECT * FROM `rh_queued_tasks` WHERE created_at < ? ORDER BY created_at asc LIMIT 50[0m

2026/10/02 14:56:40 [32mgithub.com/QuantumNous/new-api/zsy/runninghub/queue.go:203 [33mSLOW SQL >= 200ms
[0m[31;1m[239.197ms] [33m[rows:0][35m SELECT * FROM `rh_queued_tasks` WHERE created_at < ? ORDER BY created_at asc LIMIT 50[0m

2026/10/02 14:56:41 [32mgithub.com/QuantumNous/new-api/zsy/runninghub/queue.go:116 [33mSLOW SQL >= 200ms
[0m[31;1m[319.610ms] [33m[rows:0][35m SELECT * FROM `rh_queued_tasks` ORDER BY created_at asc, id asc LIMIT 20[0m

2026/10/02 14:56:44 [32mgithub.com/QuantumNous/new-api/zsy/runninghub/queue.go:203 [33mSLOW SQL >= 200ms
[0m[31;1m[314.669ms] [33m[rows:0][35m SELECT * FROM `rh_queued_tasks` WHERE created_at < ? ORDER BY created_at asc LIMIT 50[0m

2026/10/02 14:56:46 [32mgithub.com/QuantumNous/new-api/zsy/runninghub/queue.go:203 [33mSLOW SQL >= 200ms
[0m[31;1m[207.352ms] [33m[rows:0][35m SELECT * FROM `rh_queued_tasks` WHERE created_at < ? ORDER BY created_at asc LIMIT 50[0m

2026/10/02 14:56:47 [32mgithub.com/QuantumNous/new-api/model/midjourney.go:116 [33mSLOW SQL >= 200ms
[0m[31;1m[406.104ms] [33m[rows:0][35m SELECT `id` FROM `midjourneys` WHERE progress != ? LIMIT 1[0m

2026/10/02 14:56:47 [32mgithub.com/QuantumNous/new-api/model/task.go:355 [33mSLOW SQL >= 200ms
[0m[31;1m[214.103ms] [33m[rows:0][35m SELECT `id` FROM `tasks` WHERE progress != ? AND status != ? AND status != ? LIMIT 1[0m

2026/10/02 14:56:48 [32mgithub.com/QuantumNous/new-api/model/system_task.go:216 [33mSLOW SQL >= 200ms
[0m[31;1m[973.514ms] [33m[rows:1][35m SELECT * FROM `system_tasks` WHERE id IN (SELECT MAX(id) FROM `system_tasks` WHERE type IN (?) GROUP BY `type`)[0m

2026/10/02 14:56:50 [32mgithub.com/QuantumNous/new-api/zsy/runninghub/queue.go:116 [33mSLOW SQL >= 200ms
[0m[31;1m[607.768ms] [33m[rows:0][35m SELECT * FROM `rh_queued_tasks` ORDER BY created_at asc, id asc LIMIT 20[0m

2026/10/02 14:56:53 [32mgithub.com/QuantumNous/new-api/zsy/runninghub/queue.go:203 [33mSLOW SQL >= 200ms
[0m[31;1m[350.741ms] [33m[rows:0][35m SELECT * FROM `rh_queued_tasks` WHERE created_at < ? ORDER BY created_at asc LIMIT 50[0m

2026/10/02 14:56:53 [32mgithub.com/QuantumNous/new-api/zsy/runninghub/queue.go:116 [33mSLOW SQL >= 200ms
[0m[31;1m[294.632ms] [33m[rows:0][35m SELECT * FROM `rh_queued_tasks` ORDER BY created_at asc, id asc LIMIT 20[0m

2026/10/02 14:56:56 [32mgithub.com/QuantumNous/new-api/zsy/runninghub/queue.go:116 [33mSLOW SQL >= 200ms
[0m[31;1m[562.009ms] [33m[rows:0][35m SELECT * FROM `rh_queued_tasks` ORDER BY created_at asc, id asc LIMIT 20[0m

2026/10/02 14:57:02 [32mgithub.com/QuantumNous/new-api/model/system_task.go:169 [33mSLOW SQL >= 200ms
[0m[31;1m[376.613ms] [33m[rows:0][35m SELECT * FROM `system_tasks` WHERE id IN (SELECT MIN(id) FROM `system_tasks` WHERE type IN (?,?,?,?,?) AND status = ? GROUP BY `type`)[0m

2026/10/02 14:57:02 [32mgithub.com/QuantumNous/new-api/model/db_time.go:16 [33mSLOW SQL >= 200ms
[0m[31;1m[872.274ms] [33m[rows:1][35m SELECT UNIX_TIMESTAMP()[0m

2026/10/02 14:57:02 [32mgithub.com/QuantumNous/new-api/model/subscription.go:1149 [33mSLOW SQL >= 200ms
[0m[31;1m[327.799ms] [33m[rows:0][35m SELECT * FROM `user_subscriptions` WHERE status = ? AND end_time > 0 AND end_time <= ? ORDER BY end_time asc, id asc LIMIT 300[0m

2026/10/02 14:57:03 [32mgithub.com/QuantumNous/new-api/model/db_time.go:16 [33mSLOW SQL >= 200ms
[0m[31;1m[308.482ms] [33m[rows:1][35m SELECT UNIX_TIMESTAMP()[0m

2026/10/02 14:57:03 [32mgithub.com/QuantumNous/new-api/model/system_instance.go:69 [33mSLOW SQL >= 200ms
[0m[31;1m[1202.803ms] [33m[rows:2][35m INSERT INTO `system_instances` (`node_name`,`info`,`started_at`,`last_seen_at`,`created_at`,`updated_at`) VALUES (?,?,?,?,?,?) ON DUPLICATE KEY UPDATE `info`=VALUES(`info`),`started_at`=VALUES(`started_at`),`last_seen_at`=VALUES(`last_seen_at`),`updated_at`=VALUES(`updated_at`)[0m

2026/10/02 14:57:03 [32mgithub.com/QuantumNous/new-api/model/subscription.go:1437 [33mSLOW SQL >= 200ms
[0m[31;1m[370.301ms] [33m[rows:0][35m SELECT * FROM `user_subscriptions` WHERE next_reset_time > 0 AND next_reset_time <= ? AND status = ? ORDER BY next_reset_time asc LIMIT 300[0m

2026/10/02 14:57:03 [32mgithub.com/QuantumNous/new-api/zsy/runninghub/queue.go:203 [33mSLOW SQL >= 200ms
[0m[31;1m[2057.868ms] [33m[rows:0][35m SELECT * FROM `rh_queued_tasks` WHERE created_at < ? ORDER BY created_at asc LIMIT 50[0m

2026/10/02 14:57:05 [32mgithub.com/QuantumNous/new-api/zsy/runninghub/queue.go:116 [33mSLOW SQL >= 200ms
[0m[31;1m[809.672ms] [33m[rows:0][35m SELECT * FROM `rh_queued_tasks` ORDER BY created_at asc, id asc LIMIT 20[0m

2026/10/02 14:57:08 [32mgithub.com/QuantumNous/new-api/zsy/runninghub/queue.go:203 [33mSLOW SQL >= 200ms
[0m[31;1m[379.721ms] [33m[rows:0][35m SELECT * FROM `rh_queued_tasks` WHERE created_at < ? ORDER BY created_at asc LIMIT 50[0m

2026/10/02 14:57:08 [32mgithub.com/QuantumNous/new-api/zsy/runninghub/queue.go:116 [33mSLOW SQL >= 200ms
[0m[31;1m[426.774ms] [33m[rows:0][35m SELECT * FROM `rh_queued_tasks` ORDER BY created_at asc, id asc LIMIT 20[0m

2026/10/02 14:57:09 [32mgithub.com/QuantumNous/new-api/service/authz/adapter.go:23 [33mSLOW SQL >= 200ms
[0m[31;1m[331.938ms] [33m[rows:3][35m SELECT * FROM `casbin_rule` ORDER BY id asc[0m
[SYS] 2026/10/02 - 14:57:10 | syncing options from database 

2026/10/02 14:57:11 [32mgithub.com/QuantumNous/new-api/model/option.go:26 [33mSLOW SQL >= 200ms
[0m[31;1m[1050.874ms] [33m[rows:37][35m SELECT * FROM `options`[0m

2026/10/02 14:57:13 [32mgithub.com/QuantumNous/new-api/zsy/runninghub/queue.go:203 [33mSLOW SQL >= 200ms
[0m[31;1m[2271.890ms] [33m[rows:0][35m SELECT * FROM `rh_queued_tasks` WHERE created_at < ? ORDER BY created_at asc LIMIT 50[0m

2026/10/02 14:57:13 [32mgithub.com/QuantumNous/new-api/zsy/runninghub/queue.go:116 [33mSLOW SQL >= 200ms
[0m[31;1m[817.047ms] [33m[rows:0][35m SELECT * FROM `rh_queued_tasks` ORDER BY created_at asc, id asc LIMIT 20[0m

2026/10/02 14:57:17 [32mgithub.com/QuantumNous/new-api/zsy/runninghub/queue.go:203 [33mSLOW SQL >= 200ms
[0m[31;1m[1002.875ms] [33m[rows:0][35m SELECT * FROM `rh_queued_tasks` WHERE created_at < ? ORDER BY created_at asc LIMIT 50[0m

2026/10/02 14:57:18 [32mgithub.com/QuantumNous/new-api/model/system_task.go:362 [33mSLOW SQL >= 200ms
[0m[31;1m[1341.678ms] [33m[rows:0][35m SELECT * FROM `system_task_locks` WHERE locked_until < ?[0m

2026/10/02 14:57:18 [32mgithub.com/QuantumNous/new-api/zsy/runninghub/queue.go:116 [33mSLOW SQL >= 200ms
[0m[31;1m[341.899ms] [33m[rows:0][35m SELECT * FROM `rh_queued_tasks` ORDER BY created_at asc, id asc LIMIT 20[0m

2026/10/02 14:57:18 [32mgithub.com/QuantumNous/new-api/model/midjourney.go:116 [33mSLOW SQL >= 200ms
[0m[31;1m[285.909ms] [33m[rows:0][35m SELECT `id` FROM `midjourneys` WHERE progress != ? LIMIT 1[0m

2026/10/02 14:57:19 [32mgithub.com/QuantumNous/new-api/model/system_task.go:169 [33mSLOW SQL >= 200ms
[0m[31;1m[325.498ms] [33m[rows:0][35m SELECT * FROM `system_tasks` WHERE id IN (SELECT MIN(id) FROM `system_tasks` WHERE type IN (?,?,?,?,?) AND status = ? GROUP BY `type`)[0m

2026/10/02 14:57:23 [32mgithub.com/QuantumNous/new-api/zsy/runninghub/queue.go:203 [33mSLOW SQL >= 200ms
[0m[31;1m[257.954ms] [33m[rows:0][35m SELECT * FROM `rh_queued_tasks` WHERE created_at < ? ORDER BY created_at asc LIMIT 50[0m

2026/10/02 14:57:23 [32mgithub.com/QuantumNous/new-api/zsy/runninghub/queue.go:116 [33mSLOW SQL >= 200ms
[0m[31;1m[604.842ms] [33m[rows:0][35m SELECT * FROM `rh_queued_tasks` ORDER BY created_at asc, id asc LIMIT 20[0m

2026/10/02 14:57:25 [32mgithub.com/QuantumNous/new-api/zsy/runninghub/queue.go:203 [33mSLOW SQL >= 200ms
[0m[31;1m[209.056ms] [33m[rows:0][35m SELECT * FROM `rh_queued_tasks` WHERE created_at < ? ORDER BY created_at asc LIMIT 50[0m

2026/10/02 14:57:26 [32mgithub.com/QuantumNous/new-api/zsy/runninghub/queue.go:116 [33mSLOW SQL >= 200ms
[0m[31;1m[209.624ms] [33m[rows:0][35m SELECT * FROM `rh_queued_tasks` ORDER BY created_at asc, id asc LIMIT 20[0m

2026/10/02 14:57:32 [32mgithub.com/QuantumNous/new-api/model/system_instance.go:69 [33mSLOW SQL >= 200ms
[0m[31;1m[487.793ms] [33m[rows:2][35m INSERT INTO `system_instances` (`node_name`,`info`,`started_at`,`last_seen_at`,`created_at`,`updated_at`) VALUES (?,?,?,?,?,?) ON DUPLICATE KEY UPDATE `info`=VALUES(`info`),`started_at`=VALUES(`started_at`),`last_seen_at`=VALUES(`last_seen_at`),`updated_at`=VALUES(`updated_at`)[0m

2026/10/02 14:57:34 [32mgithub.com/QuantumNous/new-api/zsy/runninghub/queue.go:203 [33mSLOW SQL >= 200ms
[0m[31;1m[229.434ms] [33m[rows:0][35m SELECT * FROM `rh_queued_tasks` WHERE created_at < ? ORDER BY created_at asc LIMIT 50[0m

2026/10/02 14:57:35 [32mgithub.com/QuantumNous/new-api/zsy/runninghub/queue.go:116 [33mSLOW SQL >= 200ms
[0m[31;1m[449.498ms] [33m[rows:0][35m SELECT * FROM `rh_queued_tasks` ORDER BY created_at asc, id asc LIMIT 20[0m

2026/10/02 14:57:38 [32mgithub.com/QuantumNous/new-api/zsy/runninghub/queue.go:203 [33mSLOW SQL >= 200ms
[0m[31;1m[626.952ms] [33m[rows:0][35m SELECT * FROM `rh_queued_tasks` WHERE created_at < ? ORDER BY created_at asc LIMIT 50[0m

2026/10/02 14:57:38 [32mgithub.com/QuantumNous/new-api/zsy/runninghub/queue.go:116 [33mSLOW SQL >= 200ms
[0m[31;1m[393.973ms] [33m[rows:0][35m SELECT * FROM `rh_queued_tasks` ORDER BY created_at asc, id asc LIMIT 20[0m

2026/10/02 14:57:40 [32mgithub.com/QuantumNous/new-api/zsy/runninghub/queue.go:203 [33mSLOW SQL >= 200ms
[0m[31;1m[235.822ms] [33m[rows:0][35m SELECT * FROM `rh_queued_tasks` WHERE created_at < ? ORDER BY created_at asc LIMIT 50[0m

2026/10/02 14:57:41 [32mgithub.com/QuantumNous/new-api/zsy/runninghub/queue.go:116 [33mSLOW SQL >= 200ms
[0m[31;1m[426.102ms] [33m[rows:0][35m SELECT * FROM `rh_queued_tasks` ORDER BY created_at asc, id asc LIMIT 20[0m

2026/10/02 14:57:47 [32mgithub.com/QuantumNous/new-api/zsy/runninghub/queue.go:203 [33mSLOW SQL >= 200ms
[0m[31;1m[425.484ms] [33m[rows:0][35m SELECT * FROM `rh_queued_tasks` WHERE created_at < ? ORDER BY created_at asc LIMIT 50[0m

2026/10/02 14:57:47 [32mgithub.com/QuantumNous/new-api/model/task.go:355 [33mSLOW SQL >= 200ms
[0m[31;1m[568.917ms] [33m[rows:0][35m SELECT `id` FROM `tasks` WHERE progress != ? AND status != ? AND status != ? LIMIT 1[0m

2026/10/02 14:57:47 [32mgithub.com/QuantumNous/new-api/model/system_task.go:216 [33mSLOW SQL >= 200ms
[0m[31;1m[209.096ms] [33m[rows:1][35m SELECT * FROM `system_tasks` WHERE id IN (SELECT MAX(id) FROM `system_tasks` WHERE type IN (?) GROUP BY `type`)[0m

2026/10/02 14:57:47 [32mgithub.com/QuantumNous/new-api/model/system_task.go:169 [33mSLOW SQL >= 200ms
[0m[31;1m[207.913ms] [33m[rows:0][35m SELECT * FROM `system_tasks` WHERE id IN (SELECT MIN(id) FROM `system_tasks` WHERE type IN (?,?,?,?,?) AND status = ? GROUP BY `type`)[0m

2026/10/02 14:57:53 [32mgithub.com/QuantumNous/new-api/zsy/runninghub/queue.go:203 [33mSLOW SQL >= 200ms
[0m[31;1m[306.809ms] [33m[rows:0][35m SELECT * FROM `rh_queued_tasks` WHERE created_at < ? ORDER BY created_at asc LIMIT 50[0m

2026/10/02 14:57:56 [32mgithub.com/QuantumNous/new-api/zsy/runninghub/queue.go:203 [33mSLOW SQL >= 200ms
[0m[31;1m[833.210ms] [33m[rows:0][35m SELECT * FROM `rh_queued_tasks` WHERE created_at < ? ORDER BY created_at asc LIMIT 50[0m

2026/10/02 14:58:02 [32mgithub.com/QuantumNous/new-api/model/system_task.go:362 [33mSLOW SQL >= 200ms
[0m[31;1m[558.026ms] [33m[rows:0][35m SELECT * FROM `system_task_locks` WHERE locked_until < ?[0m

2026/10/02 14:58:02 [32mgithub.com/QuantumNous/new-api/model/db_time.go:16 [33mSLOW SQL >= 200ms
[0m[31;1m[558.601ms] [33m[rows:1][35m SELECT UNIX_TIMESTAMP()[0m

2026/10/02 14:58:02 [32mgithub.com/QuantumNous/new-api/model/system_task.go:169 [33mSLOW SQL >= 200ms
[0m[31;1m[427.461ms] [33m[rows:0][35m SELECT * FROM `system_tasks` WHERE id IN (SELECT MIN(id) FROM `system_tasks` WHERE type IN (?,?,?,?,?) AND status = ? GROUP BY `type`)[0m

2026/10/02 14:58:02 [32mgithub.com/QuantumNous/new-api/model/subscription.go:1149 [33mSLOW SQL >= 200ms
[0m[31;1m[515.881ms] [33m[rows:0][35m SELECT * FROM `user_subscriptions` WHERE status = ? AND end_time > 0 AND end_time <= ? ORDER BY end_time asc, id asc LIMIT 300[0m

2026/10/02 14:58:03 [32mgithub.com/QuantumNous/new-api/model/subscription.go:1437 [33mSLOW SQL >= 200ms
[0m[31;1m[295.670ms] [33m[rows:0][35m SELECT * FROM `user_subscriptions` WHERE next_reset_time > 0 AND next_reset_time <= ? AND status = ? ORDER BY next_reset_time asc LIMIT 300[0m

2026/10/02 14:58:03 [32mgithub.com/QuantumNous/new-api/zsy/runninghub/queue.go:203 [33mSLOW SQL >= 200ms
[0m[31;1m[1756.920ms] [33m[rows:0][35m SELECT * FROM `rh_queued_tasks` WHERE created_at < ? ORDER BY created_at asc LIMIT 50[0m

2026/10/02 14:58:05 [32mgithub.com/QuantumNous/new-api/zsy/runninghub/queue.go:116 [33mSLOW SQL >= 200ms
[0m[31;1m[1636.215ms] [33m[rows:0][35m SELECT * FROM `rh_queued_tasks` ORDER BY created_at asc, id asc LIMIT 20[0m

2026/10/02 14:58:05 [32mgithub.com/QuantumNous/new-api/model/system_instance.go:69 [33mSLOW SQL >= 200ms
[0m[31;1m[3469.698ms] [33m[rows:2][35m INSERT INTO `system_instances` (`node_name`,`info`,`started_at`,`last_seen_at`,`created_at`,`updated_at`) VALUES (?,?,?,?,?,?) ON DUPLICATE KEY UPDATE `info`=VALUES(`info`),`started_at`=VALUES(`started_at`),`last_seen_at`=VALUES(`last_seen_at`),`updated_at`=VALUES(`updated_at`)[0m

2026/10/02 14:58:05 [32mgithub.com/QuantumNous/new-api/zsy/runninghub/queue.go:203 [33mSLOW SQL >= 200ms
[0m[31;1m[656.494ms] [33m[rows:0][35m SELECT * FROM `rh_queued_tasks` WHERE created_at < ? ORDER BY created_at asc LIMIT 50[0m

2026/10/02 14:58:06 [32mgithub.com/QuantumNous/new-api/zsy/runninghub/queue.go:116 [33mSLOW SQL >= 200ms
[0m[31;1m[399.271ms] [33m[rows:0][35m SELECT * FROM `rh_queued_tasks` ORDER BY created_at asc, id asc LIMIT 20[0m

2026/10/02 14:58:07 [32mgithub.com/QuantumNous/new-api/zsy/runninghub/queue.go:203 [33mSLOW SQL >= 200ms
[0m[31;1m[202.723ms] [33m[rows:0][35m SELECT * FROM `rh_queued_tasks` WHERE created_at < ? ORDER BY created_at asc LIMIT 50[0m

2026/10/02 14:58:11 [32mgithub.com/QuantumNous/new-api/service/authz/adapter.go:23 [33mSLOW SQL >= 200ms
[0m[31;1m[1446.896ms] [33m[rows:3][35m SELECT * FROM `casbin_rule` ORDER BY id asc[0m

2026/10/02 14:58:11 [32mgithub.com/QuantumNous/new-api/zsy/runninghub/queue.go:203 [33mSLOW SQL >= 200ms
[0m[31;1m[596.764ms] [33m[rows:0][35m SELECT * FROM `rh_queued_tasks` WHERE created_at < ? ORDER BY created_at asc LIMIT 50[0m
[SYS] 2026/10/02 - 14:58:11 | syncing options from database 

2026/10/02 14:58:11 [32mgithub.com/QuantumNous/new-api/zsy/runninghub/queue.go:116 [33mSLOW SQL >= 200ms
[0m[31;1m[259.384ms] [33m[rows:0][35m SELECT * FROM `rh_queued_tasks` ORDER BY created_at asc, id asc LIMIT 20[0m

2026/10/02 14:58:12 [32mgithub.com/QuantumNous/new-api/model/option.go:26 [33mSLOW SQL >= 200ms
[0m[31;1m[496.677ms] [33m[rows:37][35m SELECT * FROM `options`[0m

2026/10/02 14:58:16 [32mgithub.com/QuantumNous/new-api/model/midjourney.go:116 [33mSLOW SQL >= 200ms
[0m[31;1m[243.755ms] [33m[rows:0][35m SELECT `id` FROM `midjourneys` WHERE progress != ? LIMIT 1[0m

2026/10/02 14:58:17 [32mgithub.com/QuantumNous/new-api/model/task.go:355 [33mSLOW SQL >= 200ms
[0m[31;1m[308.889ms] [33m[rows:0][35m SELECT `id` FROM `tasks` WHERE progress != ? AND status != ? AND status != ? LIMIT 1[0m

2026/10/02 14:58:17 [32mgithub.com/QuantumNous/new-api/model/system_task.go:216 [33mSLOW SQL >= 200ms
[0m[31;1m[268.500ms] [33m[rows:1][35m SELECT * FROM `system_tasks` WHERE id IN (SELECT MAX(id) FROM `system_tasks` WHERE type IN (?) GROUP BY `type`)[0m

2026/10/02 14:58:17 [32mgithub.com/QuantumNous/new-api/model/system_task.go:169 [33mSLOW SQL >= 200ms
[0m[31;1m[355.589ms] [33m[rows:0][35m SELECT * FROM `system_tasks` WHERE id IN (SELECT MIN(id) FROM `system_tasks` WHERE type IN (?,?,?,?,?) AND status = ? GROUP BY `type`)[0m

2026/10/02 14:58:20 [32mgithub.com/QuantumNous/new-api/zsy/runninghub/queue.go:116 [33mSLOW SQL >= 200ms
[0m[31;1m[555.571ms] [33m[rows:0][35m SELECT * FROM `rh_queued_tasks` ORDER BY created_at asc, id asc LIMIT 20[0m

2026/10/02 14:58:23 [32mgithub.com/QuantumNous/new-api/zsy/runninghub/queue.go:203 [33mSLOW SQL >= 200ms
[0m[31;1m[295.907ms] [33m[rows:0][35m SELECT * FROM `rh_queued_tasks` WHERE created_at < ? ORDER BY created_at asc LIMIT 50[0m

2026/10/02 14:58:29 [32mgithub.com/QuantumNous/new-api/zsy/runninghub/queue.go:203 [33mSLOW SQL >= 200ms
[0m[31;1m[461.575ms] [33m[rows:0][35m SELECT * FROM `rh_queued_tasks` WHERE created_at < ? ORDER BY created_at asc LIMIT 50[0m

2026/10/02 14:58:32 [32mgithub.com/QuantumNous/new-api/model/system_instance.go:69 [33mSLOW SQL >= 200ms
[0m[31;1m[344.035ms] [33m[rows:2][35m INSERT INTO `system_instances` (`node_name`,`info`,`started_at`,`last_seen_at`,`created_at`,`updated_at`) VALUES (?,?,?,?,?,?) ON DUPLICATE KEY UPDATE `info`=VALUES(`info`),`started_at`=VALUES(`started_at`),`last_seen_at`=VALUES(`last_seen_at`),`updated_at`=VALUES(`updated_at`)[0m

2026/10/02 14:58:35 [32mgithub.com/QuantumNous/new-api/zsy/runninghub/queue.go:116 [33mSLOW SQL >= 200ms
[0m[31;1m[201.822ms] [33m[rows:0][35m SELECT * FROM `rh_queued_tasks` ORDER BY created_at asc, id asc LIMIT 20[0m

2026/10/02 14:58:37 [32mgithub.com/QuantumNous/new-api/zsy/runninghub/queue.go:203 [33mSLOW SQL >= 200ms
[0m[31;1m[230.486ms] [33m[rows:0][35m SELECT * FROM `rh_queued_tasks` WHERE created_at < ? ORDER BY created_at asc LIMIT 50[0m

2026/10/02 14:58:47 [32mgithub.com/QuantumNous/new-api/zsy/runninghub/queue.go:116 [33mSLOW SQL >= 200ms
[0m[31;1m[463.988ms] [33m[rows:0][35m SELECT * FROM `rh_queued_tasks` ORDER BY created_at asc, id asc LIMIT 20[0m

2026/10/02 14:58:50 [32mgithub.com/QuantumNous/new-api/zsy/runninghub/queue.go:203 [33mSLOW SQL >= 200ms
[0m[31;1m[260.281ms] [33m[rows:0][35m SELECT * FROM `rh_queued_tasks` WHERE created_at < ? ORDER BY created_at asc LIMIT 50[0m

2026/10/02 14:59:02 [32mgithub.com/QuantumNous/new-api/model/db_time.go:16 [33mSLOW SQL >= 200ms
[0m[31;1m[877.064ms] [33m[rows:1][35m SELECT UNIX_TIMESTAMP()[0m

2026/10/02 14:59:02 [32mgithub.com/QuantumNous/new-api/model/midjourney.go:116 [33mSLOW SQL >= 200ms
[0m[31;1m[877.064ms] [33m[rows:0][35m SELECT `id` FROM `midjourneys` WHERE progress != ? LIMIT 1[0m

2026/10/02 14:59:02 [32mgithub.com/QuantumNous/new-api/model/task.go:355 [33mSLOW SQL >= 200ms
[0m[31;1m[356.744ms] [33m[rows:0][35m SELECT `id` FROM `tasks` WHERE progress != ? AND status != ? AND status != ? LIMIT 1[0m

2026/10/02 14:59:03 [32mgithub.com/QuantumNous/new-api/model/subscription.go:1149 [33mSLOW SQL >= 200ms
[0m[31;1m[598.642ms] [33m[rows:0][35m SELECT * FROM `user_subscriptions` WHERE status = ? AND end_time > 0 AND end_time <= ? ORDER BY end_time asc, id asc LIMIT 300[0m

2026/10/02 14:59:03 [32mgithub.com/QuantumNous/new-api/model/system_task.go:216 [33mSLOW SQL >= 200ms
[0m[31;1m[241.723ms] [33m[rows:1][35m SELECT * FROM `system_tasks` WHERE id IN (SELECT MAX(id) FROM `system_tasks` WHERE type IN (?) GROUP BY `type`)[0m

2026/10/02 14:59:04 [32mgithub.com/QuantumNous/new-api/zsy/runninghub/queue.go:203 [33mSLOW SQL >= 200ms
[0m[31;1m[2468.843ms] [33m[rows:0][35m SELECT * FROM `rh_queued_tasks` WHERE created_at < ? ORDER BY created_at asc LIMIT 50[0m

2026/10/02 14:59:04 [32mgithub.com/QuantumNous/new-api/zsy/runninghub/queue.go:116 [33mSLOW SQL >= 200ms
[0m[31;1m[369.883ms] [33m[rows:0][35m SELECT * FROM `rh_queued_tasks` ORDER BY created_at asc, id asc LIMIT 20[0m

2026/10/02 14:59:04 [32mgithub.com/QuantumNous/new-api/model/system_instance.go:69 [33mSLOW SQL >= 200ms
[0m[31;1m[2382.360ms] [33m[rows:2][35m INSERT INTO `system_instances` (`node_name`,`info`,`started_at`,`last_seen_at`,`created_at`,`updated_at`) VALUES (?,?,?,?,?,?) ON DUPLICATE KEY UPDATE `info`=VALUES(`info`),`started_at`=VALUES(`started_at`),`last_seen_at`=VALUES(`last_seen_at`),`updated_at`=VALUES(`updated_at`)[0m

2026/10/02 14:59:04 [32mgithub.com/QuantumNous/new-api/model/db_time.go:16 [33mSLOW SQL >= 200ms
[0m[31;1m[1460.019ms] [33m[rows:1][35m SELECT UNIX_TIMESTAMP()[0m

2026/10/02 14:59:04 [32mgithub.com/QuantumNous/new-api/model/system_task.go:169 [33mSLOW SQL >= 200ms
[0m[31;1m[1459.372ms] [33m[rows:0][35m SELECT * FROM `system_tasks` WHERE id IN (SELECT MIN(id) FROM `system_tasks` WHERE type IN (?,?,?,?,?) AND status = ? GROUP BY `type`)[0m

2026/10/02 14:59:05 [32mgithub.com/QuantumNous/new-api/model/subscription.go:1437 [33mSLOW SQL >= 200ms
[0m[31;1m[415.348ms] [33m[rows:0][35m SELECT * FROM `user_subscriptions` WHERE next_reset_time > 0 AND next_reset_time <= ? AND status = ? ORDER BY next_reset_time asc LIMIT 300[0m

2026/10/02 14:59:05 [32mgithub.com/QuantumNous/new-api/zsy/runninghub/queue.go:203 [33mSLOW SQL >= 200ms
[0m[31;1m[636.721ms] [33m[rows:0][35m SELECT * FROM `rh_queued_tasks` WHERE created_at < ? ORDER BY created_at asc LIMIT 50[0m

2026/10/02 14:59:06 [32mgithub.com/QuantumNous/new-api/zsy/runninghub/queue.go:116 [33mSLOW SQL >= 200ms
[0m[31;1m[1268.199ms] [33m[rows:0][35m SELECT * FROM `rh_queued_tasks` ORDER BY created_at asc, id asc LIMIT 20[0m

2026/10/02 14:59:09 [32mgithub.com/QuantumNous/new-api/zsy/runninghub/queue.go:203 [33mSLOW SQL >= 200ms
[0m[31;1m[1620.485ms] [33m[rows:0][35m SELECT * FROM `rh_queued_tasks` WHERE created_at < ? ORDER BY created_at asc LIMIT 50[0m

2026/10/02 14:59:09 [32mgithub.com/QuantumNous/new-api/zsy/runninghub/queue.go:116 [33mSLOW SQL >= 200ms
[0m[31;1m[288.474ms] [33m[rows:0][35m SELECT * FROM `rh_queued_tasks` ORDER BY created_at asc, id asc LIMIT 20[0m
[SYS] 2026/10/02 - 14:59:12 | syncing options from database 

2026/10/02 14:59:12 [32mgithub.com/QuantumNous/new-api/model/option.go:26 [33mSLOW SQL >= 200ms
[0m[31;1m[878.495ms] [33m[rows:37][35m SELECT * FROM `options`[0m

2026/10/02 14:59:14 [32mgithub.com/QuantumNous/new-api/zsy/runninghub/queue.go:203 [33mSLOW SQL >= 200ms
[0m[31;1m[318.478ms] [33m[rows:0][35m SELECT * FROM `rh_queued_tasks` WHERE created_at < ? ORDER BY created_at asc LIMIT 50[0m

2026/10/02 14:59:17 [32mgithub.com/QuantumNous/new-api/model/system_task.go:362 [33mSLOW SQL >= 200ms
[0m[31;1m[532.050ms] [33m[rows:0][35m SELECT * FROM `system_task_locks` WHERE locked_until < ?[0m

2026/10/02 14:59:18 [32mgithub.com/QuantumNous/new-api/zsy/runninghub/queue.go:203 [33mSLOW SQL >= 200ms
[0m[31;1m[1287.781ms] [33m[rows:0][35m SELECT * FROM `rh_queued_tasks` WHERE created_at < ? ORDER BY created_at asc LIMIT 50[0m

2026/10/02 14:59:20 [32mgithub.com/QuantumNous/new-api/zsy/runninghub/queue.go:203 [33mSLOW SQL >= 200ms
[0m[31;1m[409.570ms] [33m[rows:0][35m SELECT * FROM `rh_queued_tasks` WHERE created_at < ? ORDER BY created_at asc LIMIT 50[0m

2026/10/02 14:59:23 [32mgithub.com/QuantumNous/new-api/zsy/runninghub/queue.go:203 [33mSLOW SQL >= 200ms
[0m[31;1m[823.867ms] [33m[rows:0][35m SELECT * FROM `rh_queued_tasks` WHERE created_at < ? ORDER BY created_at asc LIMIT 50[0m

2026/10/02 14:59:23 [32mgithub.com/QuantumNous/new-api/zsy/runninghub/queue.go:116 [33mSLOW SQL >= 200ms
[0m[31;1m[412.790ms] [33m[rows:0][35m SELECT * FROM `rh_queued_tasks` ORDER BY created_at asc, id asc LIMIT 20[0m

2026/10/02 14:59:26 [32mgithub.com/QuantumNous/new-api/zsy/runninghub/queue.go:203 [33mSLOW SQL >= 200ms
[0m[31;1m[848.234ms] [33m[rows:0][35m SELECT * FROM `rh_queued_tasks` WHERE created_at < ? ORDER BY created_at asc LIMIT 50[0m

2026/10/02 14:59:29 [32mgithub.com/QuantumNous/new-api/zsy/runninghub/queue.go:203 [33mSLOW SQL >= 200ms
[0m[31;1m[805.741ms] [33m[rows:0][35m SELECT * FROM `rh_queued_tasks` WHERE created_at < ? ORDER BY created_at asc LIMIT 50[0m

2026/10/02 14:59:29 [32mgithub.com/QuantumNous/new-api/zsy/runninghub/queue.go:116 [33mSLOW SQL >= 200ms
[0m[31;1m[215.966ms] [33m[rows:0][35m SELECT * FROM `rh_queued_tasks` ORDER BY created_at asc, id asc LIMIT 20[0m

2026/10/02 14:59:32 [32mgithub.com/QuantumNous/new-api/zsy/runninghub/queue.go:116 [33mSLOW SQL >= 200ms
[0m[31;1m[238.263ms] [33m[rows:0][35m SELECT * FROM `rh_queued_tasks` ORDER BY created_at asc, id asc LIMIT 20[0m

2026/10/02 14:59:32 [32mgithub.com/QuantumNous/new-api/model/system_task.go:169 [33mSLOW SQL >= 200ms
[0m[31;1m[391.246ms] [33m[rows:0][35m SELECT * FROM `system_tasks` WHERE id IN (SELECT MIN(id) FROM `system_tasks` WHERE type IN (?,?,?,?,?) AND status = ? GROUP BY `type`)[0m

2026/10/02 14:59:32 [32mgithub.com/QuantumNous/new-api/model/system_instance.go:69 [33mSLOW SQL >= 200ms
[0m[31;1m[317.647ms] [33m[rows:2][35m INSERT INTO `system_instances` (`node_name`,`info`,`started_at`,`last_seen_at`,`created_at`,`updated_at`) VALUES (?,?,?,?,?,?) ON DUPLICATE KEY UPDATE `info`=VALUES(`info`),`started_at`=VALUES(`started_at`),`last_seen_at`=VALUES(`last_seen_at`),`updated_at`=VALUES(`updated_at`)[0m

2026/10/02 14:59:35 [32mgithub.com/QuantumNous/new-api/zsy/runninghub/queue.go:203 [33mSLOW SQL >= 200ms
[0m[31;1m[622.215ms] [33m[rows:0][35m SELECT * FROM `rh_queued_tasks` WHERE created_at < ? ORDER BY created_at asc LIMIT 50[0m

2026/10/02 14:59:38 [32mgithub.com/QuantumNous/new-api/zsy/runninghub/queue.go:203 [33mSLOW SQL >= 200ms
[0m[31;1m[256.915ms] [33m[rows:0][35m SELECT * FROM `rh_queued_tasks` WHERE created_at < ? ORDER BY created_at asc LIMIT 50[0m

2026/10/02 14:59:38 [32mgithub.com/QuantumNous/new-api/zsy/runninghub/queue.go:116 [33mSLOW SQL >= 200ms
[0m[31;1m[752.568ms] [33m[rows:0][35m SELECT * FROM `rh_queued_tasks` ORDER BY created_at asc, id asc LIMIT 20[0m

2026/10/02 14:59:44 [32mgithub.com/QuantumNous/new-api/zsy/runninghub/queue.go:203 [33mSLOW SQL >= 200ms
[0m[31;1m[333.901ms] [33m[rows:0][35m SELECT * FROM `rh_queued_tasks` WHERE created_at < ? ORDER BY created_at asc LIMIT 50[0m

2026/10/02 14:59:44 [32mgithub.com/QuantumNous/new-api/zsy/runninghub/queue.go:116 [33mSLOW SQL >= 200ms
[0m[31;1m[224.610ms] [33m[rows:0][35m SELECT * FROM `rh_queued_tasks` ORDER BY created_at asc, id asc LIMIT 20[0m

2026/10/02 14:59:47 [32mgithub.com/QuantumNous/new-api/model/midjourney.go:116 [33mSLOW SQL >= 200ms
[0m[31;1m[393.642ms] [33m[rows:0][35m SELECT `id` FROM `midjourneys` WHERE progress != ? LIMIT 1[0m

2026/10/02 14:59:47 [32mgithub.com/QuantumNous/new-api/zsy/runninghub/queue.go:203 [33mSLOW SQL >= 200ms
[0m[31;1m[460.127ms] [33m[rows:0][35m SELECT * FROM `rh_queued_tasks` WHERE created_at < ? ORDER BY created_at asc LIMIT 50[0m

2026/10/02 14:59:53 [32mgithub.com/QuantumNous/new-api/zsy/runninghub/queue.go:203 [33mSLOW SQL >= 200ms
[0m[31;1m[391.209ms] [33m[rows:0][35m SELECT * FROM `rh_queued_tasks` WHERE created_at < ? ORDER BY created_at asc LIMIT 50[0m

2026/10/02 14:59:56 [32mgithub.com/QuantumNous/new-api/zsy/runninghub/queue.go:116 [33mSLOW SQL >= 200ms
[0m[31;1m[483.296ms] [33m[rows:0][35m SELECT * FROM `rh_queued_tasks` ORDER BY created_at asc, id asc LIMIT 20[0m

2026/10/02 15:00:02 [32mgithub.com/QuantumNous/new-api/model/system_instance.go:69 [33mSLOW SQL >= 200ms
[0m[31;1m[343.222ms] [33m[rows:2][35m INSERT INTO `system_instances` (`node_name`,`info`,`started_at`,`last_seen_at`,`created_at`,`updated_at`) VALUES (?,?,?,?,?,?) ON DUPLICATE KEY UPDATE `info`=VALUES(`info`),`started_at`=VALUES(`started_at`),`last_seen_at`=VALUES(`last_seen_at`),`updated_at`=VALUES(`updated_at`)[0m

2026/10/02 15:00:06 [32mgithub.com/QuantumNous/new-api/zsy/runninghub/queue.go:203 [33mSLOW SQL >= 200ms
[0m[31;1m[1370.602ms] [33m[rows:0][35m SELECT * FROM `rh_queued_tasks` WHERE created_at < ? ORDER BY created_at asc LIMIT 50[0m
[SYS] 2026/10/02 - 15:00:12 | syncing options from database 

2026/10/02 15:00:13 [32mgithub.com/QuantumNous/new-api/model/option.go:26 [33mSLOW SQL >= 200ms
[0m[31;1m[1006.116ms] [33m[rows:37][35m SELECT * FROM `options`[0m

2026/10/02 15:00:15 [32mgithub.com/QuantumNous/new-api/zsy/runninghub/queue.go:203 [33mSLOW SQL >= 200ms
[0m[31;1m[1400.641ms] [33m[rows:0][35m SELECT * FROM `rh_queued_tasks` WHERE created_at < ? ORDER BY created_at asc LIMIT 50[0m

2026/10/02 15:00:15 [32mgithub.com/QuantumNous/new-api/zsy/runninghub/queue.go:116 [33mSLOW SQL >= 200ms
[0m[31;1m[246.050ms] [33m[rows:0][35m SELECT * FROM `rh_queued_tasks` ORDER BY created_at asc, id asc LIMIT 20[0m

2026/10/02 15:00:17 [32mgithub.com/QuantumNous/new-api/zsy/runninghub/queue.go:203 [33mSLOW SQL >= 200ms
[0m[31;1m[297.142ms] [33m[rows:0][35m SELECT * FROM `rh_queued_tasks` WHERE created_at < ? ORDER BY created_at asc LIMIT 50[0m

2026/10/02 15:00:17 [32mgithub.com/QuantumNous/new-api/zsy/runninghub/queue.go:116 [33mSLOW SQL >= 200ms
[0m[31;1m[330.897ms] [33m[rows:0][35m SELECT * FROM `rh_queued_tasks` ORDER BY created_at asc, id asc LIMIT 20[0m

2026/10/02 15:00:17 [32mgithub.com/QuantumNous/new-api/model/midjourney.go:116 [33mSLOW SQL >= 200ms
[0m[31;1m[718.777ms] [33m[rows:0][35m SELECT `id` FROM `midjourneys` WHERE progress != ? LIMIT 1[0m

2026/10/02 15:00:17 [32mgithub.com/QuantumNous/new-api/model/task.go:355 [33mSLOW SQL >= 200ms
[0m[31;1m[318.013ms] [33m[rows:0][35m SELECT `id` FROM `tasks` WHERE progress != ? AND status != ? AND status != ? LIMIT 1[0m

2026/10/02 15:00:20 [32mgithub.com/QuantumNous/new-api/zsy/runninghub/queue.go:203 [33mSLOW SQL >= 200ms
[0m[31;1m[324.808ms] [33m[rows:0][35m SELECT * FROM `rh_queued_tasks` WHERE created_at < ? ORDER BY created_at asc LIMIT 50[0m

2026/10/02 15:00:23 [32mgithub.com/QuantumNous/new-api/zsy/runninghub/queue.go:203 [33mSLOW SQL >= 200ms
[0m[31;1m[347.221ms] [33m[rows:0][35m SELECT * FROM `rh_queued_tasks` WHERE created_at < ? ORDER BY created_at asc LIMIT 50[0m

2026/10/02 15:00:23 [32mgithub.com/QuantumNous/new-api/zsy/runninghub/queue.go:116 [33mSLOW SQL >= 200ms
[0m[31;1m[464.907ms] [33m[rows:0][35m SELECT * FROM `rh_queued_tasks` ORDER BY created_at asc, id asc LIMIT 20[0m

2026/10/02 15:00:26 [32mgithub.com/QuantumNous/new-api/zsy/runninghub/queue.go:203 [33mSLOW SQL >= 200ms
[0m[31;1m[285.753ms] [33m[rows:0][35m SELECT * FROM `rh_queued_tasks` WHERE created_at < ? ORDER BY created_at asc LIMIT 50[0m

2026/10/02 15:00:26 [32mgithub.com/QuantumNous/new-api/zsy/runninghub/queue.go:116 [33mSLOW SQL >= 200ms
[0m[31;1m[454.710ms] [33m[rows:0][35m SELECT * FROM `rh_queued_tasks` ORDER BY created_at asc, id asc LIMIT 20[0m

2026/10/02 15:00:32 [32mgithub.com/QuantumNous/new-api/model/system_task.go:362 [33mSLOW SQL >= 200ms
[0m[31;1m[364.466ms] [33m[rows:0][35m SELECT * FROM `system_task_locks` WHERE locked_until < ?[0m

2026/10/02 15:00:32 [32mgithub.com/QuantumNous/new-api/model/task.go:355 [33mSLOW SQL >= 200ms
[0m[31;1m[254.263ms] [33m[rows:0][35m SELECT `id` FROM `tasks` WHERE progress != ? AND status != ? AND status != ? LIMIT 1[0m

2026/10/02 15:00:32 [32mgithub.com/QuantumNous/new-api/model/system_instance.go:69 [33mSLOW SQL >= 200ms
[0m[31;1m[446.058ms] [33m[rows:2][35m INSERT INTO `system_instances` (`node_name`,`info`,`started_at`,`last_seen_at`,`created_at`,`updated_at`) VALUES (?,?,?,?,?,?) ON DUPLICATE KEY UPDATE `info`=VALUES(`info`),`started_at`=VALUES(`started_at`),`last_seen_at`=VALUES(`last_seen_at`),`updated_at`=VALUES(`updated_at`)[0m

2026/10/02 15:00:32 [32mgithub.com/QuantumNous/new-api/model/system_task.go:216 [33mSLOW SQL >= 200ms
[0m[31;1m[331.690ms] [33m[rows:1][35m SELECT * FROM `system_tasks` WHERE id IN (SELECT MAX(id) FROM `system_tasks` WHERE type IN (?) GROUP BY `type`)[0m

2026/10/02 15:00:33 [32mgithub.com/QuantumNous/new-api/model/system_task.go:169 [33mSLOW SQL >= 200ms
[0m[31;1m[528.166ms] [33m[rows:0][35m SELECT * FROM `system_tasks` WHERE id IN (SELECT MIN(id) FROM `system_tasks` WHERE type IN (?,?,?,?,?) AND status = ? GROUP BY `type`)[0m

2026/10/02 15:00:35 [32mgithub.com/QuantumNous/new-api/zsy/runninghub/queue.go:203 [33mSLOW SQL >= 200ms
[0m[31;1m[669.533ms] [33m[rows:0][35m SELECT * FROM `rh_queued_tasks` WHERE created_at < ? ORDER BY created_at asc LIMIT 50[0m

2026/10/02 15:00:36 [32mgithub.com/QuantumNous/new-api/zsy/runninghub/queue.go:116 [33mSLOW SQL >= 200ms
[0m[31;1m[926.786ms] [33m[rows:0][35m SELECT * FROM `rh_queued_tasks` ORDER BY created_at asc, id asc LIMIT 20[0m

2026/10/02 15:00:38 [32mgithub.com/QuantumNous/new-api/zsy/runninghub/queue.go:203 [33mSLOW SQL >= 200ms
[0m[31;1m[383.489ms] [33m[rows:0][35m SELECT * FROM `rh_queued_tasks` WHERE created_at < ? ORDER BY created_at asc LIMIT 50[0m

2026/10/02 15:00:38 [32mgithub.com/QuantumNous/new-api/zsy/runninghub/queue.go:116 [33mSLOW SQL >= 200ms
[0m[31;1m[566.792ms] [33m[rows:0][35m SELECT * FROM `rh_queued_tasks` ORDER BY created_at asc, id asc LIMIT 20[0m

2026/10/02 15:00:41 [32mgithub.com/QuantumNous/new-api/zsy/runninghub/queue.go:203 [33mSLOW SQL >= 200ms
[0m[31;1m[521.004ms] [33m[rows:0][35m SELECT * FROM `rh_queued_tasks` WHERE created_at < ? ORDER BY created_at asc LIMIT 50[0m

2026/10/02 15:00:41 [32mgithub.com/QuantumNous/new-api/zsy/runninghub/queue.go:116 [33mSLOW SQL >= 200ms
[0m[31;1m[483.310ms] [33m[rows:0][35m SELECT * FROM `rh_queued_tasks` ORDER BY created_at asc, id asc LIMIT 20[0m

2026/10/02 15:00:44 [32mgithub.com/QuantumNous/new-api/zsy/runninghub/queue.go:203 [33mSLOW SQL >= 200ms
[0m[31;1m[263.840ms] [33m[rows:0][35m SELECT * FROM `rh_queued_tasks` WHERE created_at < ? ORDER BY created_at asc LIMIT 50[0m

2026/10/02 15:00:45 [32mgithub.com/QuantumNous/new-api/zsy/runninghub/queue.go:116 [33mSLOW SQL >= 200ms
[0m[31;1m[1108.215ms] [33m[rows:0][35m SELECT * FROM `rh_queued_tasks` ORDER BY created_at asc, id asc LIMIT 20[0m

2026/10/02 15:00:46 [32mgithub.com/QuantumNous/new-api/zsy/runninghub/queue.go:203 [33mSLOW SQL >= 200ms
[0m[31;1m[230.346ms] [33m[rows:0][35m SELECT * FROM `rh_queued_tasks` WHERE created_at < ? ORDER BY created_at asc LIMIT 50[0m

2026/10/02 15:00:46 [32mgithub.com/QuantumNous/new-api/model/system_task.go:169 [33mSLOW SQL >= 200ms
[0m[31;1m[231.035ms] [33m[rows:0][35m SELECT * FROM `system_tasks` WHERE id IN (SELECT MIN(id) FROM `system_tasks` WHERE type IN (?,?,?,?,?) AND status = ? GROUP BY `type`)[0m

2026/10/02 15:00:47 [32mgithub.com/QuantumNous/new-api/zsy/runninghub/queue.go:116 [33mSLOW SQL >= 200ms
[0m[31;1m[276.451ms] [33m[rows:0][35m SELECT * FROM `rh_queued_tasks` ORDER BY created_at asc, id asc LIMIT 20[0m
[SYS] 2026/10/02 - 15:01:01 | 正在更新数据看板数据... 
[SYS] 2026/10/02 - 15:01:01 | 保存数据看板数据成功，共保存0条数据 

2026/10/02 15:01:01 [32mgithub.com/QuantumNous/new-api/model/task.go:355 [33mSLOW SQL >= 200ms
[0m[31;1m[225.152ms] [33m[rows:0][35m SELECT `id` FROM `tasks` WHERE progress != ? AND status != ? AND status != ? LIMIT 1[0m

2026/10/02 15:01:02 [32mgithub.com/QuantumNous/new-api/model/db_time.go:16 [33mSLOW SQL >= 200ms
[0m[31;1m[378.005ms] [33m[rows:1][35m SELECT UNIX_TIMESTAMP()[0m

2026/10/02 15:01:02 [32mgithub.com/QuantumNous/new-api/model/subscription.go:1149 [33mSLOW SQL >= 200ms
[0m[31;1m[311.422ms] [33m[rows:0][35m SELECT * FROM `user_subscriptions` WHERE status = ? AND end_time > 0 AND end_time <= ? ORDER BY end_time asc, id asc LIMIT 300[0m

2026/10/02 15:01:02 [32mgithub.com/QuantumNous/new-api/model/system_task.go:169 [33mSLOW SQL >= 200ms
[0m[31;1m[220.361ms] [33m[rows:0][35m SELECT * FROM `system_tasks` WHERE id IN (SELECT MIN(id) FROM `system_tasks` WHERE type IN (?,?,?,?,?) AND status = ? GROUP BY `type`)[0m

2026/10/02 15:01:03 [32mgithub.com/QuantumNous/new-api/model/db_time.go:16 [33mSLOW SQL >= 200ms
[0m[31;1m[1434.195ms] [33m[rows:1][35m SELECT UNIX_TIMESTAMP()[0m

2026/10/02 15:01:04 [32mgithub.com/QuantumNous/new-api/model/subscription.go:1437 [33mSLOW SQL >= 200ms
[0m[31;1m[294.394ms] [33m[rows:0][35m SELECT * FROM `user_subscriptions` WHERE next_reset_time > 0 AND next_reset_time <= ? AND status = ? ORDER BY next_reset_time asc LIMIT 300[0m

2026/10/02 15:01:04 [32mgithub.com/QuantumNous/new-api/zsy/runninghub/queue.go:203 [33mSLOW SQL >= 200ms
[0m[31;1m[2995.970ms] [33m[rows:0][35m SELECT * FROM `rh_queued_tasks` WHERE created_at < ? ORDER BY created_at asc LIMIT 50[0m

2026/10/02 15:01:05 [32mgithub.com/QuantumNous/new-api/zsy/runninghub/queue.go:116 [33mSLOW SQL >= 200ms
[0m[31;1m[982.509ms] [33m[rows:0][35m SELECT * FROM `rh_queued_tasks` ORDER BY created_at asc, id asc LIMIT 20[0m

2026/10/02 15:01:06 [32mgithub.com/QuantumNous/new-api/zsy/runninghub/queue.go:203 [33mSLOW SQL >= 200ms
[0m[31;1m[316.032ms] [33m[rows:0][35m SELECT * FROM `rh_queued_tasks` WHERE created_at < ? ORDER BY created_at asc LIMIT 50[0m

2026/10/02 15:01:06 [32mgithub.com/QuantumNous/new-api/model/system_instance.go:69 [33mSLOW SQL >= 200ms
[0m[31;1m[4083.260ms] [33m[rows:2][35m INSERT INTO `system_instances` (`node_name`,`info`,`started_at`,`last_seen_at`,`created_at`,`updated_at`) VALUES (?,?,?,?,?,?) ON DUPLICATE KEY UPDATE `info`=VALUES(`info`),`started_at`=VALUES(`started_at`),`last_seen_at`=VALUES(`last_seen_at`),`updated_at`=VALUES(`updated_at`)[0m

2026/10/02 15:01:06 [32mgithub.com/QuantumNous/new-api/zsy/runninghub/queue.go:116 [33mSLOW SQL >= 200ms
[0m[31;1m[263.569ms] [33m[rows:0][35m SELECT * FROM `rh_queued_tasks` ORDER BY created_at asc, id asc LIMIT 20[0m

2026/10/02 15:01:08 [32mgithub.com/QuantumNous/new-api/zsy/runninghub/queue.go:116 [33mSLOW SQL >= 200ms
[0m[31;1m[340.812ms] [33m[rows:0][35m SELECT * FROM `rh_queued_tasks` ORDER BY created_at asc, id asc LIMIT 20[0m

2026/10/02 15:01:11 [32mgithub.com/QuantumNous/new-api/zsy/runninghub/queue.go:116 [33mSLOW SQL >= 200ms
[0m[31;1m[524.030ms] [33m[rows:0][35m SELECT * FROM `rh_queued_tasks` ORDER BY created_at asc, id asc LIMIT 20[0m
[SYS] 2026/10/02 - 15:01:13 | syncing options from database 

2026/10/02 15:01:14 [32mgithub.com/QuantumNous/new-api/model/option.go:26 [33mSLOW SQL >= 200ms
[0m[31;1m[677.526ms] [33m[rows:37][35m SELECT * FROM `options`[0m

2026/10/02 15:01:17 [32mgithub.com/QuantumNous/new-api/zsy/runninghub/queue.go:116 [33mSLOW SQL >= 200ms
[0m[31;1m[443.014ms] [33m[rows:0][35m SELECT * FROM `rh_queued_tasks` ORDER BY created_at asc, id asc LIMIT 20[0m

2026/10/02 15:01:17 [32mgithub.com/QuantumNous/new-api/model/system_task.go:169 [33mSLOW SQL >= 200ms
[0m[31;1m[449.651ms] [33m[rows:0][35m SELECT * FROM `system_tasks` WHERE id IN (SELECT MIN(id) FROM `system_tasks` WHERE type IN (?,?,?,?,?) AND status = ? GROUP BY `type`)[0m

2026/10/02 15:01:32 [32mgithub.com/QuantumNous/new-api/zsy/runninghub/queue.go:203 [33mSLOW SQL >= 200ms
[0m[31;1m[335.593ms] [33m[rows:0][35m SELECT * FROM `rh_queued_tasks` WHERE created_at < ? ORDER BY created_at asc LIMIT 50[0m

2026/10/02 15:01:32 [32mgithub.com/QuantumNous/new-api/zsy/runninghub/queue.go:116 [33mSLOW SQL >= 200ms
[0m[31;1m[206.575ms] [33m[rows:0][35m SELECT * FROM `rh_queued_tasks` ORDER BY created_at asc, id asc LIMIT 20[0m

2026/10/02 15:01:32 [32mgithub.com/QuantumNous/new-api/model/task.go:355 [33mSLOW SQL >= 200ms
[0m[31;1m[542.707ms] [33m[rows:0][35m SELECT `id` FROM `tasks` WHERE progress != ? AND status != ? AND status != ? LIMIT 1[0m

2026/10/02 15:01:32 [32mgithub.com/QuantumNous/new-api/model/midjourney.go:116 [33mSLOW SQL >= 200ms
[0m[31;1m[362.932ms] [33m[rows:0][35m SELECT `id` FROM `midjourneys` WHERE progress != ? LIMIT 1[0m

2026/10/02 15:01:33 [32mgithub.com/QuantumNous/new-api/model/system_task.go:169 [33mSLOW SQL >= 200ms
[0m[31;1m[244.708ms] [33m[rows:0][35m SELECT * FROM `system_tasks` WHERE id IN (SELECT MIN(id) FROM `system_tasks` WHERE type IN (?,?,?,?,?) AND status = ? GROUP BY `type`)[0m

2026/10/02 15:01:33 [32mgithub.com/QuantumNous/new-api/model/system_instance.go:69 [33mSLOW SQL >= 200ms
[0m[31;1m[1557.653ms] [33m[rows:2][35m INSERT INTO `system_instances` (`node_name`,`info`,`started_at`,`last_seen_at`,`created_at`,`updated_at`) VALUES (?,?,?,?,?,?) ON DUPLICATE KEY UPDATE `info`=VALUES(`info`),`started_at`=VALUES(`started_at`),`last_seen_at`=VALUES(`last_seen_at`),`updated_at`=VALUES(`updated_at`)[0m

2026/10/02 15:01:35 [32mgithub.com/QuantumNous/new-api/zsy/runninghub/queue.go:203 [33mSLOW SQL >= 200ms
[0m[31;1m[430.879ms] [33m[rows:0][35m SELECT * FROM `rh_queued_tasks` WHERE created_at < ? ORDER BY created_at asc LIMIT 50[0m

2026/10/02 15:01:35 [32mgithub.com/QuantumNous/new-api/zsy/runninghub/queue.go:116 [33mSLOW SQL >= 200ms
[0m[31;1m[333.146ms] [33m[rows:0][35m SELECT * FROM `rh_queued_tasks` ORDER BY created_at asc, id asc LIMIT 20[0m

2026/10/02 15:01:38 [32mgithub.com/QuantumNous/new-api/zsy/runninghub/queue.go:203 [33mSLOW SQL >= 200ms
[0m[31;1m[398.471ms] [33m[rows:0][35m SELECT * FROM `rh_queued_tasks` WHERE created_at < ? ORDER BY created_at asc LIMIT 50[0m

2026/10/02 15:01:43 [32mgithub.com/QuantumNous/new-api/zsy/runninghub/queue.go:203 [33mSLOW SQL >= 200ms
[0m[31;1m[237.159ms] [33m[rows:0][35m SELECT * FROM `rh_queued_tasks` WHERE created_at < ? ORDER BY created_at asc LIMIT 50[0m

2026/10/02 15:01:46 [32mgithub.com/QuantumNous/new-api/zsy/runninghub/queue.go:203 [33mSLOW SQL >= 200ms
[0m[31;1m[230.403ms] [33m[rows:0][35m SELECT * FROM `rh_queued_tasks` WHERE created_at < ? ORDER BY created_at asc LIMIT 50[0m

2026/10/02 15:01:47 [32mgithub.com/QuantumNous/new-api/model/system_task.go:362 [33mSLOW SQL >= 200ms
[0m[31;1m[396.185ms] [33m[rows:0][35m SELECT * FROM `system_task_locks` WHERE locked_until < ?[0m

2026/10/02 15:01:47 [32mgithub.com/QuantumNous/new-api/model/midjourney.go:116 [33mSLOW SQL >= 200ms
[0m[31;1m[400.285ms] [33m[rows:0][35m SELECT `id` FROM `midjourneys` WHERE progress != ? LIMIT 1[0m

2026/10/02 15:01:48 [32mgithub.com/QuantumNous/new-api/model/system_task.go:216 [33mSLOW SQL >= 200ms
[0m[31;1m[681.719ms] [33m[rows:1][35m SELECT * FROM `system_tasks` WHERE id IN (SELECT MAX(id) FROM `system_tasks` WHERE type IN (?) GROUP BY `type`)[0m

2026/10/02 15:01:49 [32mgithub.com/QuantumNous/new-api/model/system_task.go:169 [33mSLOW SQL >= 200ms
[0m[31;1m[716.349ms] [33m[rows:0][35m SELECT * FROM `system_tasks` WHERE id IN (SELECT MIN(id) FROM `system_tasks` WHERE type IN (?,?,?,?,?) AND status = ? GROUP BY `type`)[0m

2026/10/02 15:01:50 [32mgithub.com/QuantumNous/new-api/zsy/runninghub/queue.go:116 [33mSLOW SQL >= 200ms
[0m[31;1m[250.189ms] [33m[rows:0][35m SELECT * FROM `rh_queued_tasks` ORDER BY created_at asc, id asc LIMIT 20[0m

2026/10/02 15:01:53 [32mgithub.com/QuantumNous/new-api/zsy/runninghub/queue.go:203 [33mSLOW SQL >= 200ms
[0m[31;1m[669.422ms] [33m[rows:0][35m SELECT * FROM `rh_queued_tasks` WHERE created_at < ? ORDER BY created_at asc LIMIT 50[0m

2026/10/02 15:01:56 [32mgithub.com/QuantumNous/new-api/zsy/runninghub/queue.go:203 [33mSLOW SQL >= 200ms
[0m[31;1m[523.276ms] [33m[rows:0][35m SELECT * FROM `rh_queued_tasks` WHERE created_at < ? ORDER BY created_at asc LIMIT 50[0m

2026/10/02 15:01:59 [32mgithub.com/QuantumNous/new-api/zsy/runninghub/queue.go:203 [33mSLOW SQL >= 200ms
[0m[31;1m[500.280ms] [33m[rows:0][35m SELECT * FROM `rh_queued_tasks` WHERE created_at < ? ORDER BY created_at asc LIMIT 50[0m

2026/10/02 15:01:59 [32mgithub.com/QuantumNous/new-api/zsy/runninghub/queue.go:116 [33mSLOW SQL >= 200ms
[0m[31;1m[409.896ms] [33m[rows:0][35m SELECT * FROM `rh_queued_tasks` ORDER BY created_at asc, id asc LIMIT 20[0m

2026/10/02 15:02:02 [32mgithub.com/QuantumNous/new-api/model/subscription.go:1437 [33mSLOW SQL >= 200ms
[0m[31;1m[271.053ms] [33m[rows:0][35m SELECT * FROM `user_subscriptions` WHERE next_reset_time > 0 AND next_reset_time <= ? AND status = ? ORDER BY next_reset_time asc LIMIT 300[0m

2026/10/02 15:02:02 [32mgithub.com/QuantumNous/new-api/model/system_instance.go:69 [33mSLOW SQL >= 200ms
[0m[31;1m[389.663ms] [33m[rows:2][35m INSERT INTO `system_instances` (`node_name`,`info`,`started_at`,`last_seen_at`,`created_at`,`updated_at`) VALUES (?,?,?,?,?,?) ON DUPLICATE KEY UPDATE `info`=VALUES(`info`),`started_at`=VALUES(`started_at`),`last_seen_at`=VALUES(`last_seen_at`),`updated_at`=VALUES(`updated_at`)[0m

2026/10/02 15:02:05 [32mgithub.com/QuantumNous/new-api/zsy/runninghub/queue.go:203 [33mSLOW SQL >= 200ms
[0m[31;1m[657.540ms] [33m[rows:0][35m SELECT * FROM `rh_queued_tasks` WHERE created_at < ? ORDER BY created_at asc LIMIT 50[0m

2026/10/02 15:02:08 [32mgithub.com/QuantumNous/new-api/zsy/runninghub/queue.go:203 [33mSLOW SQL >= 200ms
[0m[31;1m[589.845ms] [33m[rows:0][35m SELECT * FROM `rh_queued_tasks` WHERE created_at < ? ORDER BY created_at asc LIMIT 50[0m

2026/10/02 15:02:09 [32mgithub.com/QuantumNous/new-api/zsy/runninghub/queue.go:116 [33mSLOW SQL >= 200ms
[0m[31;1m[993.339ms] [33m[rows:0][35m SELECT * FROM `rh_queued_tasks` ORDER BY created_at asc, id asc LIMIT 20[0m

2026/10/02 15:02:11 [32mgithub.com/QuantumNous/new-api/zsy/runninghub/queue.go:203 [33mSLOW SQL >= 200ms
[0m[31;1m[793.511ms] [33m[rows:0][35m SELECT * FROM `rh_queued_tasks` WHERE created_at < ? ORDER BY created_at asc LIMIT 50[0m

2026/10/02 15:02:13 [32mgithub.com/QuantumNous/new-api/service/authz/adapter.go:23 [33mSLOW SQL >= 200ms
[0m[31;1m[1944.207ms] [33m[rows:3][35m SELECT * FROM `casbin_rule` ORDER BY id asc[0m

2026/10/02 15:02:14 [32mgithub.com/QuantumNous/new-api/zsy/runninghub/queue.go:203 [33mSLOW SQL >= 200ms
[0m[31;1m[691.468ms] [33m[rows:0][35m SELECT * FROM `rh_queued_tasks` WHERE created_at < ? ORDER BY created_at asc LIMIT 50[0m
[SYS] 2026/10/02 - 15:02:14 | syncing options from database 

2026/10/02 15:02:14 [32mgithub.com/QuantumNous/new-api/zsy/runninghub/queue.go:116 [33mSLOW SQL >= 200ms
[0m[31;1m[485.608ms] [33m[rows:0][35m SELECT * FROM `rh_queued_tasks` ORDER BY created_at asc, id asc LIMIT 20[0m

2026/10/02 15:02:15 [32mgithub.com/QuantumNous/new-api/model/option.go:26 [33mSLOW SQL >= 200ms
[0m[31;1m[1032.731ms] [33m[rows:37][35m SELECT * FROM `options`[0m

2026/10/02 15:02:16 [32mgithub.com/QuantumNous/new-api/zsy/runninghub/queue.go:203 [33mSLOW SQL >= 200ms
[0m[31;1m[226.452ms] [33m[rows:0][35m SELECT * FROM `rh_queued_tasks` WHERE created_at < ? ORDER BY created_at asc LIMIT 50[0m

2026/10/02 15:02:16 [32mgithub.com/QuantumNous/new-api/model/system_task.go:169 [33mSLOW SQL >= 200ms
[0m[31;1m[231.273ms] [33m[rows:0][35m SELECT * FROM `system_tasks` WHERE id IN (SELECT MIN(id) FROM `system_tasks` WHERE type IN (?,?,?,?,?) AND status = ? GROUP BY `type`)[0m

2026/10/02 15:02:23 [32mgithub.com/QuantumNous/new-api/zsy/runninghub/queue.go:203 [33mSLOW SQL >= 200ms
[0m[31;1m[463.559ms] [33m[rows:0][35m SELECT * FROM `rh_queued_tasks` WHERE created_at < ? ORDER BY created_at asc LIMIT 50[0m

2026/10/02 15:02:32 [32mgithub.com/QuantumNous/new-api/zsy/runninghub/queue.go:203 [33mSLOW SQL >= 200ms
[0m[31;1m[508.835ms] [33m[rows:0][35m SELECT * FROM `rh_queued_tasks` WHERE created_at < ? ORDER BY created_at asc LIMIT 50[0m

2026/10/02 15:02:32 [32mgithub.com/QuantumNous/new-api/model/system_task.go:362 [33mSLOW SQL >= 200ms
[0m[31;1m[635.828ms] [33m[rows:0][35m SELECT * FROM `system_task_locks` WHERE locked_until < ?[0m

2026/10/02 15:02:34 [32mgithub.com/QuantumNous/new-api/model/system_instance.go:69 [33mSLOW SQL >= 200ms
[0m[31;1m[1865.279ms] [33m[rows:2][35m INSERT INTO `system_instances` (`node_name`,`info`,`started_at`,`last_seen_at`,`created_at`,`updated_at`) VALUES (?,?,?,?,?,?) ON DUPLICATE KEY UPDATE `info`=VALUES(`info`),`started_at`=VALUES(`started_at`),`last_seen_at`=VALUES(`last_seen_at`),`updated_at`=VALUES(`updated_at`)[0m

2026/10/02 15:02:35 [32mgithub.com/QuantumNous/new-api/zsy/runninghub/queue.go:203 [33mSLOW SQL >= 200ms
[0m[31;1m[690.941ms] [33m[rows:0][35m SELECT * FROM `rh_queued_tasks` WHERE created_at < ? ORDER BY created_at asc LIMIT 50[0m

2026/10/02 15:02:36 [32mgithub.com/QuantumNous/new-api/zsy/runninghub/queue.go:116 [33mSLOW SQL >= 200ms
[0m[31;1m[955.223ms] [33m[rows:0][35m SELECT * FROM `rh_queued_tasks` ORDER BY created_at asc, id asc LIMIT 20[0m

2026/10/02 15:02:38 [32mgithub.com/QuantumNous/new-api/zsy/runninghub/queue.go:203 [33mSLOW SQL >= 200ms
[0m[31;1m[347.964ms] [33m[rows:0][35m SELECT * FROM `rh_queued_tasks` WHERE created_at < ? ORDER BY created_at asc LIMIT 50[0m

2026/10/02 15:02:41 [32mgithub.com/QuantumNous/new-api/zsy/runninghub/queue.go:203 [33mSLOW SQL >= 200ms
[0m[31;1m[765.595ms] [33m[rows:0][35m SELECT * FROM `rh_queued_tasks` WHERE created_at < ? ORDER BY created_at asc LIMIT 50[0m

2026/10/02 15:02:42 [32mgithub.com/QuantumNous/new-api/zsy/runninghub/queue.go:116 [33mSLOW SQL >= 200ms
[0m[31;1m[485.295ms] [33m[rows:0][35m SELECT * FROM `rh_queued_tasks` ORDER BY created_at asc, id asc LIMIT 20[0m

2026/10/02 15:02:44 [32mgithub.com/QuantumNous/new-api/zsy/runninghub/queue.go:203 [33mSLOW SQL >= 200ms
[0m[31;1m[293.772ms] [33m[rows:0][35m SELECT * FROM `rh_queued_tasks` WHERE created_at < ? ORDER BY created_at asc LIMIT 50[0m

2026/10/02 15:02:44 [32mgithub.com/QuantumNous/new-api/zsy/runninghub/queue.go:116 [33mSLOW SQL >= 200ms
[0m[31;1m[372.761ms] [33m[rows:0][35m SELECT * FROM `rh_queued_tasks` ORDER BY created_at asc, id asc LIMIT 20[0m

2026/10/02 15:02:47 [32mgithub.com/QuantumNous/new-api/model/system_task.go:169 [33mSLOW SQL >= 200ms
[0m[31;1m[263.816ms] [33m[rows:0][35m SELECT * FROM `system_tasks` WHERE id IN (SELECT MIN(id) FROM `system_tasks` WHERE type IN (?,?,?,?,?) AND status = ? GROUP BY `type`)[0m

2026/10/02 15:02:50 [32mgithub.com/QuantumNous/new-api/zsy/runninghub/queue.go:203 [33mSLOW SQL >= 200ms
[0m[31;1m[380.501ms] [33m[rows:0][35m SELECT * FROM `rh_queued_tasks` WHERE created_at < ? ORDER BY created_at asc LIMIT 50[0m

2026/10/02 15:02:52 [32mgithub.com/QuantumNous/new-api/zsy/runninghub/queue.go:203 [33mSLOW SQL >= 200ms
[0m[31;1m[220.666ms] [33m[rows:0][35m SELECT * FROM `rh_queued_tasks` WHERE created_at < ? ORDER BY created_at asc LIMIT 50[0m

2026/10/02 15:02:53 [32mgithub.com/QuantumNous/new-api/zsy/runninghub/queue.go:116 [33mSLOW SQL >= 200ms
[0m[31;1m[428.642ms] [33m[rows:0][35m SELECT * FROM `rh_queued_tasks` ORDER BY created_at asc, id asc LIMIT 20[0m

2026/10/02 15:02:56 [32mgithub.com/QuantumNous/new-api/zsy/runninghub/queue.go:203 [33mSLOW SQL >= 200ms
[0m[31;1m[287.177ms] [33m[rows:0][35m SELECT * FROM `rh_queued_tasks` WHERE created_at < ? ORDER BY created_at asc LIMIT 50[0m

2026/10/02 15:02:56 [32mgithub.com/QuantumNous/new-api/zsy/runninghub/queue.go:116 [33mSLOW SQL >= 200ms
[0m[31;1m[613.131ms] [33m[rows:0][35m SELECT * FROM `rh_queued_tasks` ORDER BY created_at asc, id asc LIMIT 20[0m

2026/10/02 15:03:02 [32mgithub.com/QuantumNous/new-api/model/db_time.go:16 [33mSLOW SQL >= 200ms
[0m[31;1m[273.948ms] [33m[rows:1][35m SELECT UNIX_TIMESTAMP()[0m

2026/10/02 15:03:02 [32mgithub.com/QuantumNous/new-api/model/midjourney.go:116 [33mSLOW SQL >= 200ms
[0m[31;1m[326.907ms] [33m[rows:0][35m SELECT `id` FROM `midjourneys` WHERE progress != ? LIMIT 1[0m

2026/10/02 15:03:02 [32mgithub.com/QuantumNous/new-api/model/task.go:355 [33mSLOW SQL >= 200ms
[0m[31;1m[306.877ms] [33m[rows:0][35m SELECT `id` FROM `tasks` WHERE progress != ? AND status != ? AND status != ? LIMIT 1[0m

2026/10/02 15:03:02 [32mgithub.com/QuantumNous/new-api/model/system_task.go:216 [33mSLOW SQL >= 200ms
[0m[31;1m[282.891ms] [33m[rows:1][35m SELECT * FROM `system_tasks` WHERE id IN (SELECT MAX(id) FROM `system_tasks` WHERE type IN (?) GROUP BY `type`)[0m

2026/10/02 15:03:02 [32mgithub.com/QuantumNous/new-api/model/subscription.go:1149 [33mSLOW SQL >= 200ms
[0m[31;1m[847.463ms] [33m[rows:0][35m SELECT * FROM `user_subscriptions` WHERE status = ? AND end_time > 0 AND end_time <= ? ORDER BY end_time asc, id asc LIMIT 300[0m

2026/10/02 15:03:03 [32mgithub.com/QuantumNous/new-api/model/db_time.go:16 [33mSLOW SQL >= 200ms
[0m[31;1m[274.320ms] [33m[rows:1][35m SELECT UNIX_TIMESTAMP()[0m

2026/10/02 15:03:03 [32mgithub.com/QuantumNous/new-api/zsy/runninghub/queue.go:203 [33mSLOW SQL >= 200ms
[0m[31;1m[1821.022ms] [33m[rows:0][35m SELECT * FROM `rh_queued_tasks` WHERE created_at < ? ORDER BY created_at asc LIMIT 50[0m

2026/10/02 15:03:03 [32mgithub.com/QuantumNous/new-api/model/subscription.go:1437 [33mSLOW SQL >= 200ms
[0m[31;1m[719.481ms] [33m[rows:0][35m SELECT * FROM `user_subscriptions` WHERE next_reset_time > 0 AND next_reset_time <= ? AND status = ? ORDER BY next_reset_time asc LIMIT 300[0m

2026/10/02 15:03:04 [32mgithub.com/QuantumNous/new-api/zsy/runninghub/queue.go:116 [33mSLOW SQL >= 200ms
[0m[31;1m[729.749ms] [33m[rows:0][35m SELECT * FROM `rh_queued_tasks` ORDER BY created_at asc, id asc LIMIT 20[0m

2026/10/02 15:03:04 [32mgithub.com/QuantumNous/new-api/model/system_task.go:115 [33mSLOW SQL >= 200ms
[0m[31;1m[1822.920ms] [33m[rows:1][35m INSERT INTO `system_tasks` (`task_id`,`type`,`status`,`active_key`,`payload`,`state`,`result`,`error`,`locked_by`,`created_at`,`updated_at`) VALUES (?,?,?,?,?,?,?,?,?,?,?)[0m

2026/10/02 15:03:04 [32mgithub.com/QuantumNous/new-api/model/system_instance.go:69 [33mSLOW SQL >= 200ms
[0m[31;1m[2294.351ms] [33m[rows:2][35m INSERT INTO `system_instances` (`node_name`,`info`,`started_at`,`last_seen_at`,`created_at`,`updated_at`) VALUES (?,?,?,?,?,?) ON DUPLICATE KEY UPDATE `info`=VALUES(`info`),`started_at`=VALUES(`started_at`),`last_seen_at`=VALUES(`last_seen_at`),`updated_at`=VALUES(`updated_at`)[0m

2026/10/02 15:03:05 [32mgithub.com/QuantumNous/new-api/model/system_task.go:276 [33mSLOW SQL >= 200ms
[0m[31;1m[922.840ms] [33m[rows:1][35m INSERT INTO `system_task_locks` (`type`,`task_id`,`locked_by`,`locked_until`,`updated_at`) VALUES (?,?,?,?,?)[0m

2026/10/02 15:03:08 [32mgithub.com/QuantumNous/new-api/zsy/runninghub/queue.go:116 [33mSLOW SQL >= 200ms
[0m[31;1m[233.637ms] [33m[rows:0][35m SELECT * FROM `rh_queued_tasks` ORDER BY created_at asc, id asc LIMIT 20[0m

2026/10/02 15:03:09 [32mgithub.com/QuantumNous/new-api/model/system_task.go:248 [33mSLOW SQL >= 200ms
[0m[31;1m[3561.205ms] [33m[rows:1][35m UPDATE `system_tasks` SET `locked_by`=?,`status`=?,`updated_at`=? WHERE id = ? AND type = ? AND status = ?[0m

2026/10/02 15:03:09 [32mgithub.com/QuantumNous/new-api/model/system_task.go:262 [33mSLOW SQL >= 200ms
[0m[31;1m[657.475ms] [33m[rows:1][35m SELECT * FROM `system_tasks` WHERE id = ? AND `system_tasks`.`id` = ? ORDER BY `system_tasks`.`id` LIMIT 1[0m

2026/10/02 15:03:11 [32mgithub.com/QuantumNous/new-api/controller/channel_upstream_update.go:716 [33mSLOW SQL >= 200ms
[0m[31;1m[1883.347ms] [33m[rows:29][35m SELECT `id`,`name`,`type`,`key`,`status`,`base_url`,`models`,`model_mapping`,`settings`,`setting`,`other`,`group`,`priority`,`weight`,`tag`,`channel_info`,`header_override` FROM `channels` WHERE status = ? ORDER BY id asc LIMIT 100[0m

2026/10/02 15:03:13 [32mgithub.com/QuantumNous/new-api/model/system_task.go:318 [33mSLOW SQL >= 200ms
[0m[31;1m[1338.217ms] [33m[rows:1][35m UPDATE `system_tasks` SET `state`=?,`updated_at`=? WHERE (task_id = ? AND status = ? AND locked_by = ?) AND (EXISTS (SELECT 1 FROM system_task_locks WHERE system_task_locks.task_id = system_tasks.task_id AND system_task_locks.locked_by = ? AND system_task_locks.locked_until >= ?))[0m

2026/10/02 15:03:14 [32mgithub.com/QuantumNous/new-api/zsy/runninghub/queue.go:203 [33mSLOW SQL >= 200ms
[0m[31;1m[271.718ms] [33m[rows:0][35m SELECT * FROM `rh_queued_tasks` WHERE created_at < ? ORDER BY created_at asc LIMIT 50[0m

2026/10/02 15:03:14 [32mgithub.com/QuantumNous/new-api/zsy/runninghub/queue.go:116 [33mSLOW SQL >= 200ms
[0m[31;1m[914.368ms] [33m[rows:0][35m SELECT * FROM `rh_queued_tasks` ORDER BY created_at asc, id asc LIMIT 20[0m

2026/10/02 15:03:14 [32mgithub.com/QuantumNous/new-api/service/authz/adapter.go:23 [33mSLOW SQL >= 200ms
[0m[31;1m[1276.544ms] [33m[rows:3][35m SELECT * FROM `casbin_rule` ORDER BY id asc[0m
[SYS] 2026/10/02 - 15:03:15 | syncing options from database 

2026/10/02 15:03:16 [32mgithub.com/QuantumNous/new-api/model/option.go:26 [33mSLOW SQL >= 200ms
[0m[31;1m[653.400ms] [33m[rows:37][35m SELECT * FROM `options`[0m

2026/10/02 15:03:17 [32mgithub.com/QuantumNous/new-api/model/system_task.go:362 [33mSLOW SQL >= 200ms
[0m[31;1m[268.883ms] [33m[rows:0][35m SELECT * FROM `system_task_locks` WHERE locked_until < ?[0m

2026/10/02 15:03:17 [32mgithub.com/QuantumNous/new-api/model/midjourney.go:116 [33mSLOW SQL >= 200ms
[0m[31;1m[253.336ms] [33m[rows:0][35m SELECT `id` FROM `midjourneys` WHERE progress != ? LIMIT 1[0m

2026/10/02 15:03:17 [32mgithub.com/QuantumNous/new-api/model/task.go:355 [33mSLOW SQL >= 200ms
[0m[31;1m[290.672ms] [33m[rows:0][35m SELECT `id` FROM `tasks` WHERE progress != ? AND status != ? AND status != ? LIMIT 1[0m

2026/10/02 15:03:17 [32mgithub.com/QuantumNous/new-api/controller/channel_upstream_update.go:499 [33mSLOW SQL >= 200ms
[0m[31;1m[1304.411ms] [33m[rows:1][35m UPDATE `channels` SET `settings`=? WHERE id = ?[0m

2026/10/02 15:03:17 [32mgithub.com/QuantumNous/new-api/model/system_task.go:216 [33mSLOW SQL >= 200ms
[0m[31;1m[422.309ms] [33m[rows:1][35m SELECT * FROM `system_tasks` WHERE id IN (SELECT MAX(id) FROM `system_tasks` WHERE type IN (?) GROUP BY `type`)[0m

2026/10/02 15:03:18 [32mgithub.com/QuantumNous/new-api/model/system_task.go:169 [33mSLOW SQL >= 200ms
[0m[31;1m[829.218ms] [33m[rows:0][35m SELECT * FROM `system_tasks` WHERE id IN (SELECT MIN(id) FROM `system_tasks` WHERE type IN (?,?,?,?,?) AND status = ? GROUP BY `type`)[0m

2026/10/02 15:03:20 [32mgithub.com/QuantumNous/new-api/model/system_task.go:318 [33mSLOW SQL >= 200ms
[0m[31;1m[2864.323ms] [33m[rows:1][35m UPDATE `system_tasks` SET `state`=?,`updated_at`=? WHERE (task_id = ? AND status = ? AND locked_by = ?) AND (EXISTS (SELECT 1 FROM system_task_locks WHERE system_task_locks.task_id = system_tasks.task_id AND system_task_locks.locked_by = ? AND system_task_locks.locked_until >= ?))[0m

2026/10/02 15:03:22 [32mgithub.com/QuantumNous/new-api/model/system_task.go:318 [33mSLOW SQL >= 200ms
[0m[31;1m[2081.731ms] [33m[rows:1][35m UPDATE `system_tasks` SET `state`=?,`updated_at`=? WHERE (task_id = ? AND status = ? AND locked_by = ?) AND (EXISTS (SELECT 1 FROM system_task_locks WHERE system_task_locks.task_id = system_tasks.task_id AND system_task_locks.locked_by = ? AND system_task_locks.locked_until >= ?))[0m

2026/10/02 15:03:23 [32mgithub.com/QuantumNous/new-api/model/system_task.go:318 [33mSLOW SQL >= 200ms
[0m[31;1m[765.660ms] [33m[rows:1][35m UPDATE `system_tasks` SET `state`=?,`updated_at`=? WHERE (task_id = ? AND status = ? AND locked_by = ?) AND (EXISTS (SELECT 1 FROM system_task_locks WHERE system_task_locks.task_id = system_tasks.task_id AND system_task_locks.locked_by = ? AND system_task_locks.locked_until >= ?))[0m

2026/10/02 15:03:24 [32mgithub.com/QuantumNous/new-api/controller/channel_upstream_update.go:499 [33mSLOW SQL >= 200ms
[0m[31;1m[605.063ms] [33m[rows:1][35m UPDATE `channels` SET `settings`=? WHERE id = ?[0m

2026/10/02 15:03:25 [32mgithub.com/QuantumNous/new-api/controller/channel_upstream_update.go:499 [33mSLOW SQL >= 200ms
[0m[31;1m[672.785ms] [33m[rows:1][35m UPDATE `channels` SET `settings`=? WHERE id = ?[0m

2026/10/02 15:03:26 [32mgithub.com/QuantumNous/new-api/zsy/runninghub/queue.go:203 [33mSLOW SQL >= 200ms
[0m[31;1m[470.410ms] [33m[rows:0][35m SELECT * FROM `rh_queued_tasks` WHERE created_at < ? ORDER BY created_at asc LIMIT 50[0m

2026/10/02 15:03:26 [32mgithub.com/QuantumNous/new-api/model/system_task.go:318 [33mSLOW SQL >= 200ms
[0m[31;1m[1004.241ms] [33m[rows:1][35m UPDATE `system_tasks` SET `state`=?,`updated_at`=? WHERE (task_id = ? AND status = ? AND locked_by = ?) AND (EXISTS (SELECT 1 FROM system_task_locks WHERE system_task_locks.task_id = system_tasks.task_id AND system_task_locks.locked_by = ? AND system_task_locks.locked_until >= ?))[0m

2026/10/02 15:03:26 [32mgithub.com/QuantumNous/new-api/zsy/runninghub/queue.go:116 [33mSLOW SQL >= 200ms
[0m[31;1m[243.402ms] [33m[rows:0][35m SELECT * FROM `rh_queued_tasks` ORDER BY created_at asc, id asc LIMIT 20[0m

2026/10/02 15:03:29 [32mgithub.com/QuantumNous/new-api/zsy/runninghub/queue.go:203 [33mSLOW SQL >= 200ms
[0m[31;1m[751.558ms] [33m[rows:0][35m SELECT * FROM `rh_queued_tasks` WHERE created_at < ? ORDER BY created_at asc LIMIT 50[0m

2026/10/02 15:03:29 [32mgithub.com/QuantumNous/new-api/controller/channel_upstream_update.go:499 [33mSLOW SQL >= 200ms
[0m[31;1m[2186.439ms] [33m[rows:1][35m UPDATE `channels` SET `settings`=? WHERE id = ?[0m

2026/10/02 15:03:29 [32mgithub.com/QuantumNous/new-api/zsy/runninghub/queue.go:116 [33mSLOW SQL >= 200ms
[0m[31;1m[267.705ms] [33m[rows:0][35m SELECT * FROM `rh_queued_tasks` ORDER BY created_at asc, id asc LIMIT 20[0m

2026/10/02 15:03:31 [32mgithub.com/QuantumNous/new-api/model/system_task.go:318 [33mSLOW SQL >= 200ms
[0m[31;1m[1767.088ms] [33m[rows:1][35m UPDATE `system_tasks` SET `state`=?,`updated_at`=? WHERE (task_id = ? AND status = ? AND locked_by = ?) AND (EXISTS (SELECT 1 FROM system_task_locks WHERE system_task_locks.task_id = system_tasks.task_id AND system_task_locks.locked_by = ? AND system_task_locks.locked_until >= ?))[0m

2026/10/02 15:03:31 [32mgithub.com/QuantumNous/new-api/model/system_task.go:335 [33mSLOW SQL >= 200ms
[0m[31;1m[1787.310ms] [33m[rows:1][35m UPDATE `system_task_locks` SET `locked_until`=?,`updated_at`=? WHERE task_id = ? AND locked_by = ? AND locked_until >= ?[0m

2026/10/02 15:03:32 [32mgithub.com/QuantumNous/new-api/zsy/runninghub/queue.go:203 [33mSLOW SQL >= 200ms
[0m[31;1m[515.086ms] [33m[rows:0][35m SELECT * FROM `rh_queued_tasks` WHERE created_at < ? ORDER BY created_at asc LIMIT 50[0m

2026/10/02 15:03:32 [32mgithub.com/QuantumNous/new-api/model/midjourney.go:116 [33mSLOW SQL >= 200ms
[0m[31;1m[695.820ms] [33m[rows:0][35m SELECT `id` FROM `midjourneys` WHERE progress != ? LIMIT 1[0m

2026/10/02 15:03:33 [32mgithub.com/QuantumNous/new-api/model/task.go:355 [33mSLOW SQL >= 200ms
[0m[31;1m[840.865ms] [33m[rows:0][35m SELECT `id` FROM `tasks` WHERE progress != ? AND status != ? AND status != ? LIMIT 1[0m

2026/10/02 15:03:33 [32mgithub.com/QuantumNous/new-api/model/system_instance.go:69 [33mSLOW SQL >= 200ms
[0m[31;1m[1256.039ms] [33m[rows:2][35m INSERT INTO `system_instances` (`node_name`,`info`,`started_at`,`last_seen_at`,`created_at`,`updated_at`) VALUES (?,?,?,?,?,?) ON DUPLICATE KEY UPDATE `info`=VALUES(`info`),`started_at`=VALUES(`started_at`),`last_seen_at`=VALUES(`last_seen_at`),`updated_at`=VALUES(`updated_at`)[0m

2026/10/02 15:03:33 [32mgithub.com/QuantumNous/new-api/model/system_task.go:216 [33mSLOW SQL >= 200ms
[0m[31;1m[397.917ms] [33m[rows:1][35m SELECT * FROM `system_tasks` WHERE id IN (SELECT MAX(id) FROM `system_tasks` WHERE type IN (?) GROUP BY `type`)[0m

2026/10/02 15:03:35 [32mgithub.com/QuantumNous/new-api/zsy/runninghub/queue.go:203 [33mSLOW SQL >= 200ms
[0m[31;1m[451.146ms] [33m[rows:0][35m SELECT * FROM `rh_queued_tasks` WHERE created_at < ? ORDER BY created_at asc LIMIT 50[0m

2026/10/02 15:03:35 [32mgithub.com/QuantumNous/new-api/model/system_task.go:169 [33mSLOW SQL >= 200ms
[0m[31;1m[1692.883ms] [33m[rows:0][35m SELECT * FROM `system_tasks` WHERE id IN (SELECT MIN(id) FROM `system_tasks` WHERE type IN (?,?,?,?,?) AND status = ? GROUP BY `type`)[0m

2026/10/02 15:03:36 [32mgithub.com/QuantumNous/new-api/zsy/runninghub/queue.go:116 [33mSLOW SQL >= 200ms
[0m[31;1m[901.068ms] [33m[rows:0][35m SELECT * FROM `rh_queued_tasks` ORDER BY created_at asc, id asc LIMIT 20[0m

2026/10/02 15:03:36 [32mgithub.com/QuantumNous/new-api/controller/channel_upstream_update.go:499 [33mSLOW SQL >= 200ms
[0m[31;1m[3881.011ms] [33m[rows:1][35m UPDATE `channels` SET `settings`=? WHERE id = ?[0m

2026/10/02 15:03:38 [32mgithub.com/QuantumNous/new-api/zsy/runninghub/queue.go:203 [33mSLOW SQL >= 200ms
[0m[31;1m[582.900ms] [33m[rows:0][35m SELECT * FROM `rh_queued_tasks` WHERE created_at < ? ORDER BY created_at asc LIMIT 50[0m

2026/10/02 15:03:38 [32mgithub.com/QuantumNous/new-api/zsy/runninghub/queue.go:116 [33mSLOW SQL >= 200ms
[0m[31;1m[269.689ms] [33m[rows:0][35m SELECT * FROM `rh_queued_tasks` ORDER BY created_at asc, id asc LIMIT 20[0m

2026/10/02 15:03:39 [32mgithub.com/QuantumNous/new-api/model/system_task.go:318 [33mSLOW SQL >= 200ms
[0m[31;1m[3613.689ms] [33m[rows:1][35m UPDATE `system_tasks` SET `state`=?,`updated_at`=? WHERE (task_id = ? AND status = ? AND locked_by = ?) AND (EXISTS (SELECT 1 FROM system_task_locks WHERE system_task_locks.task_id = system_tasks.task_id AND system_task_locks.locked_by = ? AND system_task_locks.locked_until >= ?))[0m

2026/10/02 15:03:41 [32mgithub.com/QuantumNous/new-api/zsy/runninghub/queue.go:203 [33mSLOW SQL >= 200ms
[0m[31;1m[251.150ms] [33m[rows:0][35m SELECT * FROM `rh_queued_tasks` WHERE created_at < ? ORDER BY created_at asc LIMIT 50[0m

2026/10/02 15:03:41 [32mgithub.com/QuantumNous/new-api/controller/channel_upstream_update.go:499 [33mSLOW SQL >= 200ms
[0m[31;1m[938.116ms] [33m[rows:1][35m UPDATE `channels` SET `settings`=? WHERE id = ?[0m

2026/10/02 15:03:43 [32mgithub.com/QuantumNous/new-api/model/system_task.go:318 [33mSLOW SQL >= 200ms
[0m[31;1m[1988.243ms] [33m[rows:1][35m UPDATE `system_tasks` SET `state`=?,`updated_at`=? WHERE (task_id = ? AND status = ? AND locked_by = ?) AND (EXISTS (SELECT 1 FROM system_task_locks WHERE system_task_locks.task_id = system_tasks.task_id AND system_task_locks.locked_by = ? AND system_task_locks.locked_until >= ?))[0m

2026/10/02 15:03:43 [32mgithub.com/QuantumNous/new-api/zsy/runninghub/queue.go:203 [33mSLOW SQL >= 200ms
[0m[31;1m[219.868ms] [33m[rows:0][35m SELECT * FROM `rh_queued_tasks` WHERE created_at < ? ORDER BY created_at asc LIMIT 50[0m

2026/10/02 15:03:45 [32mgithub.com/QuantumNous/new-api/controller/channel_upstream_update.go:499 [33mSLOW SQL >= 200ms
[0m[31;1m[1649.044ms] [33m[rows:1][35m UPDATE `channels` SET `settings`=? WHERE id = ?[0m

2026/10/02 15:03:46 [32mgithub.com/QuantumNous/new-api/model/system_task.go:318 [33mSLOW SQL >= 200ms
[0m[31;1m[956.882ms] [33m[rows:1][35m UPDATE `system_tasks` SET `state`=?,`updated_at`=? WHERE (task_id = ? AND status = ? AND locked_by = ?) AND (EXISTS (SELECT 1 FROM system_task_locks WHERE system_task_locks.task_id = system_tasks.task_id AND system_task_locks.locked_by = ? AND system_task_locks.locked_until >= ?))[0m

2026/10/02 15:03:47 [32mgithub.com/QuantumNous/new-api/zsy/runninghub/queue.go:203 [33mSLOW SQL >= 200ms
[0m[31;1m[551.787ms] [33m[rows:0][35m SELECT * FROM `rh_queued_tasks` WHERE created_at < ? ORDER BY created_at asc LIMIT 50[0m

2026/10/02 15:03:47 [32mgithub.com/QuantumNous/new-api/zsy/runninghub/queue.go:116 [33mSLOW SQL >= 200ms
[0m[31;1m[240.823ms] [33m[rows:0][35m SELECT * FROM `rh_queued_tasks` ORDER BY created_at asc, id asc LIMIT 20[0m

2026/10/02 15:03:47 [32mgithub.com/QuantumNous/new-api/model/system_task.go:169 [33mSLOW SQL >= 200ms
[0m[31;1m[795.838ms] [33m[rows:0][35m SELECT * FROM `system_tasks` WHERE id IN (SELECT MIN(id) FROM `system_tasks` WHERE type IN (?,?,?,?,?) AND status = ? GROUP BY `type`)[0m

2026/10/02 15:03:48 [32mgithub.com/QuantumNous/new-api/controller/channel_upstream_update.go:499 [33mSLOW SQL >= 200ms
[0m[31;1m[1045.136ms] [33m[rows:1][35m UPDATE `channels` SET `settings`=? WHERE id = ?[0m

2026/10/02 15:03:48 [32mgithub.com/QuantumNous/new-api/model/system_task.go:318 [33mSLOW SQL >= 200ms
[0m[31;1m[353.101ms] [33m[rows:1][35m UPDATE `system_tasks` SET `state`=?,`updated_at`=? WHERE (task_id = ? AND status = ? AND locked_by = ?) AND (EXISTS (SELECT 1 FROM system_task_locks WHERE system_task_locks.task_id = system_tasks.task_id AND system_task_locks.locked_by = ? AND system_task_locks.locked_until >= ?))[0m

2026/10/02 15:03:49 [32mgithub.com/QuantumNous/new-api/controller/channel_upstream_update.go:499 [33mSLOW SQL >= 200ms
[0m[31;1m[425.575ms] [33m[rows:1][35m UPDATE `channels` SET `settings`=? WHERE id = ?[0m

2026/10/02 15:03:50 [32mgithub.com/QuantumNous/new-api/zsy/runninghub/queue.go:203 [33mSLOW SQL >= 200ms
[0m[31;1m[615.610ms] [33m[rows:0][35m SELECT * FROM `rh_queued_tasks` WHERE created_at < ? ORDER BY created_at asc LIMIT 50[0m

2026/10/02 15:03:51 [32mgithub.com/QuantumNous/new-api/zsy/runninghub/queue.go:116 [33mSLOW SQL >= 200ms
[0m[31;1m[723.676ms] [33m[rows:0][35m SELECT * FROM `rh_queued_tasks` ORDER BY created_at asc, id asc LIMIT 20[0m

2026/10/02 15:03:51 [32mgithub.com/QuantumNous/new-api/model/system_task.go:335 [33mSLOW SQL >= 200ms
[0m[31;1m[1489.811ms] [33m[rows:1][35m UPDATE `system_task_locks` SET `locked_until`=?,`updated_at`=? WHERE task_id = ? AND locked_by = ? AND locked_until >= ?[0m

2026/10/02 15:03:51 [32mgithub.com/QuantumNous/new-api/controller/channel_upstream_update.go:499 [33mSLOW SQL >= 200ms
[0m[31;1m[1057.241ms] [33m[rows:1][35m UPDATE `channels` SET `settings`=? WHERE id = ?[0m

2026/10/02 15:03:51 [32mgithub.com/QuantumNous/new-api/model/system_task.go:318 [33mSLOW SQL >= 200ms
[0m[31;1m[331.407ms] [33m[rows:1][35m UPDATE `system_tasks` SET `state`=?,`updated_at`=? WHERE (task_id = ? AND status = ? AND locked_by = ?) AND (EXISTS (SELECT 1 FROM system_task_locks WHERE system_task_locks.task_id = system_tasks.task_id AND system_task_locks.locked_by = ? AND system_task_locks.locked_until >= ?))[0m

2026/10/02 15:03:53 [32mgithub.com/QuantumNous/new-api/zsy/runninghub/queue.go:203 [33mSLOW SQL >= 200ms
[0m[31;1m[608.934ms] [33m[rows:0][35m SELECT * FROM `rh_queued_tasks` WHERE created_at < ? ORDER BY created_at asc LIMIT 50[0m

2026/10/02 15:03:53 [32mgithub.com/QuantumNous/new-api/controller/channel_upstream_update.go:499 [33mSLOW SQL >= 200ms
[0m[31;1m[1038.705ms] [33m[rows:1][35m UPDATE `channels` SET `settings`=? WHERE id = ?[0m

2026/10/02 15:03:53 [32mgithub.com/QuantumNous/new-api/zsy/runninghub/queue.go:116 [33mSLOW SQL >= 200ms
[0m[31;1m[548.731ms] [33m[rows:0][35m SELECT * FROM `rh_queued_tasks` ORDER BY created_at asc, id asc LIMIT 20[0m

2026/10/02 15:03:55 [32mgithub.com/QuantumNous/new-api/controller/channel_upstream_update.go:499 [33mSLOW SQL >= 200ms
[0m[31;1m[1843.981ms] [33m[rows:1][35m UPDATE `channels` SET `settings`=? WHERE id = ?[0m

2026/10/02 15:03:56 [32mgithub.com/QuantumNous/new-api/zsy/runninghub/queue.go:116 [33mSLOW SQL >= 200ms
[0m[31;1m[682.455ms] [33m[rows:0][35m SELECT * FROM `rh_queued_tasks` ORDER BY created_at asc, id asc LIMIT 20[0m

2026/10/02 15:03:58 [32mgithub.com/QuantumNous/new-api/model/system_task.go:318 [33mSLOW SQL >= 200ms
[0m[31;1m[2265.538ms] [33m[rows:1][35m UPDATE `system_tasks` SET `state`=?,`updated_at`=? WHERE (task_id = ? AND status = ? AND locked_by = ?) AND (EXISTS (SELECT 1 FROM system_task_locks WHERE system_task_locks.task_id = system_tasks.task_id AND system_task_locks.locked_by = ? AND system_task_locks.locked_until >= ?))[0m

2026/10/02 15:04:00 [32mgithub.com/QuantumNous/new-api/controller/channel_upstream_update.go:499 [33mSLOW SQL >= 200ms
[0m[31;1m[1534.711ms] [33m[rows:1][35m UPDATE `channels` SET `settings`=? WHERE id = ?[0m

2026/10/02 15:04:02 [32mgithub.com/QuantumNous/new-api/model/system_task.go:362 [33mSLOW SQL >= 200ms
[0m[31;1m[704.342ms] [33m[rows:0][35m SELECT * FROM `system_task_locks` WHERE locked_until < ?[0m

2026/10/02 15:04:02 [32mgithub.com/QuantumNous/new-api/model/db_time.go:16 [33mSLOW SQL >= 200ms
[0m[31;1m[1023.213ms] [33m[rows:1][35m SELECT UNIX_TIMESTAMP()[0m

2026/10/02 15:04:02 [32mgithub.com/QuantumNous/new-api/model/midjourney.go:116 [33mSLOW SQL >= 200ms
[0m[31;1m[324.312ms] [33m[rows:0][35m SELECT `id` FROM `midjourneys` WHERE progress != ? LIMIT 1[0m

2026/10/02 15:04:03 [32mgithub.com/QuantumNous/new-api/model/system_task.go:318 [33mSLOW SQL >= 200ms
[0m[31;1m[2189.052ms] [33m[rows:1][35m UPDATE `system_tasks` SET `state`=?,`updated_at`=? WHERE (task_id = ? AND status = ? AND locked_by = ?) AND (EXISTS (SELECT 1 FROM system_task_locks WHERE system_task_locks.task_id = system_tasks.task_id AND system_task_locks.locked_by = ? AND system_task_locks.locked_until >= ?))[0m

2026/10/02 15:04:03 [32mgithub.com/QuantumNous/new-api/zsy/runninghub/queue.go:203 [33mSLOW SQL >= 200ms
[0m[31;1m[1579.149ms] [33m[rows:0][35m SELECT * FROM `rh_queued_tasks` WHERE created_at < ? ORDER BY created_at asc LIMIT 50[0m

2026/10/02 15:04:03 [32mgithub.com/QuantumNous/new-api/model/task.go:355 [33mSLOW SQL >= 200ms
[0m[31;1m[625.909ms] [33m[rows:0][35m SELECT `id` FROM `tasks` WHERE progress != ? AND status != ? AND status != ? LIMIT 1[0m

2026/10/02 15:04:03 [32mgithub.com/QuantumNous/new-api/model/subscription.go:1149 [33mSLOW SQL >= 200ms
[0m[31;1m[758.534ms] [33m[rows:0][35m SELECT * FROM `user_subscriptions` WHERE status = ? AND end_time > 0 AND end_time <= ? ORDER BY end_time asc, id asc LIMIT 300[0m

2026/10/02 15:04:03 [32mgithub.com/QuantumNous/new-api/model/system_instance.go:69 [33mSLOW SQL >= 200ms
[0m[31;1m[1343.735ms] [33m[rows:2][35m INSERT INTO `system_instances` (`node_name`,`info`,`started_at`,`last_seen_at`,`created_at`,`updated_at`) VALUES (?,?,?,?,?,?) ON DUPLICATE KEY UPDATE `info`=VALUES(`info`),`started_at`=VALUES(`started_at`),`last_seen_at`=VALUES(`last_seen_at`),`updated_at`=VALUES(`updated_at`)[0m

2026/10/02 15:04:03 [32mgithub.com/QuantumNous/new-api/controller/channel_upstream_update.go:499 [33mSLOW SQL >= 200ms
[0m[31;1m[371.870ms] [33m[rows:1][35m UPDATE `channels` SET `settings`=? WHERE id = ?[0m

2026/10/02 15:04:03 [32mgithub.com/QuantumNous/new-api/model/system_task.go:169 [33mSLOW SQL >= 200ms
[0m[31;1m[322.274ms] [33m[rows:0][35m SELECT * FROM `system_tasks` WHERE id IN (SELECT MIN(id) FROM `system_tasks` WHERE type IN (?,?,?,?,?) AND status = ? GROUP BY `type`)[0m

2026/10/02 15:04:04 [32mgithub.com/QuantumNous/new-api/model/subscription.go:1437 [33mSLOW SQL >= 200ms
[0m[31;1m[338.918ms] [33m[rows:0][35m SELECT * FROM `user_subscriptions` WHERE next_reset_time > 0 AND next_reset_time <= ? AND status = ? ORDER BY next_reset_time asc LIMIT 300[0m

2026/10/02 15:04:04 [32mgithub.com/QuantumNous/new-api/zsy/runninghub/queue.go:203 [33mSLOW SQL >= 200ms
[0m[31;1m[210.293ms] [33m[rows:0][35m SELECT * FROM `rh_queued_tasks` WHERE created_at < ? ORDER BY created_at asc LIMIT 50[0m

2026/10/02 15:04:05 [32mgithub.com/QuantumNous/new-api/model/system_task.go:318 [33mSLOW SQL >= 200ms
[0m[31;1m[1776.480ms] [33m[rows:1][35m UPDATE `system_tasks` SET `state`=?,`updated_at`=? WHERE (task_id = ? AND status = ? AND locked_by = ?) AND (EXISTS (SELECT 1 FROM system_task_locks WHERE system_task_locks.task_id = system_tasks.task_id AND system_task_locks.locked_by = ? AND system_task_locks.locked_until >= ?))[0m

2026/10/02 15:04:07 [32mgithub.com/QuantumNous/new-api/controller/channel_upstream_update.go:499 [33mSLOW SQL >= 200ms
[0m[31;1m[1544.651ms] [33m[rows:1][35m UPDATE `channels` SET `settings`=? WHERE id = ?[0m

2026/10/02 15:04:08 [32mgithub.com/QuantumNous/new-api/zsy/runninghub/queue.go:203 [33mSLOW SQL >= 200ms
[0m[31;1m[572.474ms] [33m[rows:0][35m SELECT * FROM `rh_queued_tasks` WHERE created_at < ? ORDER BY created_at asc LIMIT 50[0m

2026/10/02 15:04:08 [32mgithub.com/QuantumNous/new-api/zsy/runninghub/queue.go:116 [33mSLOW SQL >= 200ms
[0m[31;1m[576.046ms] [33m[rows:0][35m SELECT * FROM `rh_queued_tasks` ORDER BY created_at asc, id asc LIMIT 20[0m

2026/10/02 15:04:10 [32mgithub.com/QuantumNous/new-api/model/system_task.go:318 [33mSLOW SQL >= 200ms
[0m[31;1m[2808.387ms] [33m[rows:1][35m UPDATE `system_tasks` SET `state`=?,`updated_at`=? WHERE (task_id = ? AND status = ? AND locked_by = ?) AND (EXISTS (SELECT 1 FROM system_task_locks WHERE system_task_locks.task_id = system_tasks.task_id AND system_task_locks.locked_by = ? AND system_task_locks.locked_until >= ?))[0m

2026/10/02 15:04:10 [32mgithub.com/QuantumNous/new-api/zsy/runninghub/queue.go:203 [33mSLOW SQL >= 200ms
[0m[31;1m[217.373ms] [33m[rows:0][35m SELECT * FROM `rh_queued_tasks` WHERE created_at < ? ORDER BY created_at asc LIMIT 50[0m

2026/10/02 15:04:11 [32mgithub.com/QuantumNous/new-api/zsy/runninghub/queue.go:116 [33mSLOW SQL >= 200ms
[0m[31;1m[388.974ms] [33m[rows:0][35m SELECT * FROM `rh_queued_tasks` ORDER BY created_at asc, id asc LIMIT 20[0m

2026/10/02 15:04:11 [32mgithub.com/QuantumNous/new-api/model/system_task.go:335 [33mSLOW SQL >= 200ms
[0m[31;1m[1742.829ms] [33m[rows:1][35m UPDATE `system_task_locks` SET `locked_until`=?,`updated_at`=? WHERE task_id = ? AND locked_by = ? AND locked_until >= ?[0m

2026/10/02 15:04:15 [32mgithub.com/QuantumNous/new-api/service/authz/adapter.go:23 [33mSLOW SQL >= 200ms
[0m[31;1m[322.916ms] [33m[rows:3][35m SELECT * FROM `casbin_rule` ORDER BY id asc[0m

2026/10/02 15:04:15 [32mgithub.com/QuantumNous/new-api/controller/channel_upstream_update.go:499 [33mSLOW SQL >= 200ms
[0m[31;1m[2634.167ms] [33m[rows:1][35m UPDATE `channels` SET `settings`=? WHERE id = ?[0m
[SYS] 2026/10/02 - 15:04:16 | syncing options from database 

2026/10/02 15:04:17 [32mgithub.com/QuantumNous/new-api/zsy/runninghub/queue.go:203 [33mSLOW SQL >= 200ms
[0m[31;1m[319.806ms] [33m[rows:0][35m SELECT * FROM `rh_queued_tasks` WHERE created_at < ? ORDER BY created_at asc LIMIT 50[0m

2026/10/02 15:04:17 [32mgithub.com/QuantumNous/new-api/model/midjourney.go:116 [33mSLOW SQL >= 200ms
[0m[31;1m[321.324ms] [33m[rows:0][35m SELECT `id` FROM `midjourneys` WHERE progress != ? LIMIT 1[0m

2026/10/02 15:04:17 [32mgithub.com/QuantumNous/new-api/model/option.go:26 [33mSLOW SQL >= 200ms
[0m[31;1m[779.924ms] [33m[rows:37][35m SELECT * FROM `options`[0m

2026/10/02 15:04:17 [32mgithub.com/QuantumNous/new-api/model/system_task.go:318 [33mSLOW SQL >= 200ms
[0m[31;1m[2213.991ms] [33m[rows:1][35m UPDATE `system_tasks` SET `state`=?,`updated_at`=? WHERE (task_id = ? AND status = ? AND locked_by = ?) AND (EXISTS (SELECT 1 FROM system_task_locks WHERE system_task_locks.task_id = system_tasks.task_id AND system_task_locks.locked_by = ? AND system_task_locks.locked_until >= ?))[0m

2026/10/02 15:04:17 [32mgithub.com/QuantumNous/new-api/model/system_task.go:216 [33mSLOW SQL >= 200ms
[0m[31;1m[405.502ms] [33m[rows:1][35m SELECT * FROM `system_tasks` WHERE id IN (SELECT MAX(id) FROM `system_tasks` WHERE type IN (?) GROUP BY `type`)[0m

2026/10/02 15:04:19 [32mgithub.com/QuantumNous/new-api/controller/channel_upstream_update.go:499 [33mSLOW SQL >= 200ms
[0m[31;1m[1581.140ms] [33m[rows:1][35m UPDATE `channels` SET `settings`=? WHERE id = ?[0m

2026/10/02 15:04:20 [32mgithub.com/QuantumNous/new-api/zsy/runninghub/queue.go:203 [33mSLOW SQL >= 200ms
[0m[31;1m[539.115ms] [33m[rows:0][35m SELECT * FROM `rh_queued_tasks` WHERE created_at < ? ORDER BY created_at asc LIMIT 50[0m

2026/10/02 15:04:22 [32mgithub.com/QuantumNous/new-api/model/system_task.go:318 [33mSLOW SQL >= 200ms
[0m[31;1m[2327.508ms] [33m[rows:1][35m UPDATE `system_tasks` SET `state`=?,`updated_at`=? WHERE (task_id = ? AND status = ? AND locked_by = ?) AND (EXISTS (SELECT 1 FROM system_task_locks WHERE system_task_locks.task_id = system_tasks.task_id AND system_task_locks.locked_by = ? AND system_task_locks.locked_until >= ?))[0m

2026/10/02 15:04:23 [32mgithub.com/QuantumNous/new-api/zsy/runninghub/queue.go:203 [33mSLOW SQL >= 200ms
[0m[31;1m[351.334ms] [33m[rows:0][35m SELECT * FROM `rh_queued_tasks` WHERE created_at < ? ORDER BY created_at asc LIMIT 50[0m

2026/10/02 15:04:24 [32mgithub.com/QuantumNous/new-api/zsy/runninghub/queue.go:116 [33mSLOW SQL >= 200ms
[0m[31;1m[923.858ms] [33m[rows:0][35m SELECT * FROM `rh_queued_tasks` ORDER BY created_at asc, id asc LIMIT 20[0m

2026/10/02 15:04:24 [32mgithub.com/QuantumNous/new-api/controller/channel_upstream_update.go:499 [33mSLOW SQL >= 200ms
[0m[31;1m[1982.934ms] [33m[rows:1][35m UPDATE `channels` SET `settings`=? WHERE id = ?[0m

2026/10/02 15:04:25 [32mgithub.com/QuantumNous/new-api/model/system_task.go:318 [33mSLOW SQL >= 200ms
[0m[31;1m[780.017ms] [33m[rows:1][35m UPDATE `system_tasks` SET `state`=?,`updated_at`=? WHERE (task_id = ? AND status = ? AND locked_by = ?) AND (EXISTS (SELECT 1 FROM system_task_locks WHERE system_task_locks.task_id = system_tasks.task_id AND system_task_locks.locked_by = ? AND system_task_locks.locked_until >= ?))[0m

2026/10/02 15:04:28 [32mgithub.com/QuantumNous/new-api/controller/channel_upstream_update.go:499 [33mSLOW SQL >= 200ms
[0m[31;1m[1428.466ms] [33m[rows:1][35m UPDATE `channels` SET `settings`=? WHERE id = ?[0m

2026/10/02 15:04:29 [32mgithub.com/QuantumNous/new-api/model/system_task.go:318 [33mSLOW SQL >= 200ms
[0m[31;1m[1267.184ms] [33m[rows:1][35m UPDATE `system_tasks` SET `state`=?,`updated_at`=? WHERE (task_id = ? AND status = ? AND locked_by = ?) AND (EXISTS (SELECT 1 FROM system_task_locks WHERE system_task_locks.task_id = system_tasks.task_id AND system_task_locks.locked_by = ? AND system_task_locks.locked_until >= ?))[0m

2026/10/02 15:04:30 [32mgithub.com/QuantumNous/new-api/model/system_task.go:318 [33mSLOW SQL >= 200ms
[0m[31;1m[512.236ms] [33m[rows:1][35m UPDATE `system_tasks` SET `state`=?,`updated_at`=? WHERE (task_id = ? AND status = ? AND locked_by = ?) AND (EXISTS (SELECT 1 FROM system_task_locks WHERE system_task_locks.task_id = system_tasks.task_id AND system_task_locks.locked_by = ? AND system_task_locks.locked_until >= ?))[0m

2026/10/02 15:04:30 [32mgithub.com/QuantumNous/new-api/model/system_task.go:335 [33mSLOW SQL >= 200ms
[0m[31;1m[892.651ms] [33m[rows:1][35m UPDATE `system_task_locks` SET `locked_until`=?,`updated_at`=? WHERE task_id = ? AND locked_by = ? AND locked_until >= ?[0m

2026/10/02 15:04:31 [32mgithub.com/QuantumNous/new-api/model/system_task.go:318 [33mSLOW SQL >= 200ms
[0m[31;1m[1171.272ms] [33m[rows:1][35m UPDATE `system_tasks` SET `state`=?,`updated_at`=? WHERE (task_id = ? AND status = ? AND locked_by = ?) AND (EXISTS (SELECT 1 FROM system_task_locks WHERE system_task_locks.task_id = system_tasks.task_id AND system_task_locks.locked_by = ? AND system_task_locks.locked_until >= ?))[0m
[SYS] 2026/10/02 - 15:04:31 | upstream model update task done: checked_channels=19 changed_channels=19 detected_add_models=2497 detected_remove_models=0 failed_channels=0 auto_added_models=0 

2026/10/02 15:04:31 [32mgithub.com/QuantumNous/new-api/service/user_notify.go:29 [33mSLOW SQL >= 200ms
[0m[31;1m[623.110ms] [33m[rows:2][35m SELECT `id`,`email`,`role`,`status`,`setting` FROM `users` WHERE (status = ? AND role >= ?) AND `users`.`deleted_at` IS NULL[0m
[SYS] 2026/10/02 - 15:04:31 | failed to notify user 1 for upstream model update: invalid SMTP account 
[SYS] 2026/10/02 - 15:04:31 | upstream model update notifications sent: 0 

2026/10/02 15:04:32 [32mgithub.com/QuantumNous/new-api/model/system_task.go:362 [33mSLOW SQL >= 200ms
[0m[31;1m[625.962ms] [33m[rows:0][35m SELECT * FROM `system_task_locks` WHERE locked_until < ?[0m

2026/10/02 15:04:32 [32mgithub.com/QuantumNous/new-api/zsy/runninghub/queue.go:203 [33mSLOW SQL >= 200ms
[0m[31;1m[625.395ms] [33m[rows:0][35m SELECT * FROM `rh_queued_tasks` WHERE created_at < ? ORDER BY created_at asc LIMIT 50[0m

2026/10/02 15:04:32 [32mgithub.com/QuantumNous/new-api/model/system_instance.go:69 [33mSLOW SQL >= 200ms
[0m[31;1m[429.966ms] [33m[rows:2][35m INSERT INTO `system_instances` (`node_name`,`info`,`started_at`,`last_seen_at`,`created_at`,`updated_at`) VALUES (?,?,?,?,?,?) ON DUPLICATE KEY UPDATE `info`=VALUES(`info`),`started_at`=VALUES(`started_at`),`last_seen_at`=VALUES(`last_seen_at`),`updated_at`=VALUES(`updated_at`)[0m

2026/10/02 15:04:32 [32mgithub.com/QuantumNous/new-api/model/system_task.go:392 [33mSLOW SQL >= 200ms
[0m[31;1m[817.572ms] [33m[rows:1][35m UPDATE `system_tasks` SET `active_key`=?,`error`=?,`result`=?,`status`=?,`updated_at`=? WHERE (task_id = ? AND status = ? AND locked_by = ?) AND (EXISTS (SELECT 1 FROM system_task_locks WHERE system_task_locks.task_id = system_tasks.task_id AND system_task_locks.locked_by = ? AND system_task_locks.locked_until >= ?))[0m

2026/10/02 15:04:33 [32mgithub.com/QuantumNous/new-api/model/system_task.go:379 [33mSLOW SQL >= 200ms
[0m[31;1m[1031.767ms] [33m[rows:1][35m DELETE FROM `system_task_locks` WHERE task_id = ? AND locked_by = ?[0m

2026/10/02 15:04:38 [32mgithub.com/QuantumNous/new-api/zsy/runninghub/queue.go:116 [33mSLOW SQL >= 200ms
[0m[31;1m[209.978ms] [33m[rows:0][35m SELECT * FROM `rh_queued_tasks` ORDER BY created_at asc, id asc LIMIT 20[0m

2026/10/02 15:04:41 [32mgithub.com/QuantumNous/new-api/zsy/runninghub/queue.go:116 [33mSLOW SQL >= 200ms
[0m[31;1m[202.368ms] [33m[rows:0][35m SELECT * FROM `rh_queued_tasks` ORDER BY created_at asc, id asc LIMIT 20[0m

2026/10/02 15:04:47 [32mgithub.com/QuantumNous/new-api/model/midjourney.go:116 [33mSLOW SQL >= 200ms
[0m[31;1m[273.482ms] [33m[rows:0][35m SELECT `id` FROM `midjourneys` WHERE progress != ? LIMIT 1[0m

2026/10/02 15:04:47 [32mgithub.com/QuantumNous/new-api/zsy/runninghub/queue.go:116 [33mSLOW SQL >= 200ms
[0m[31;1m[320.179ms] [33m[rows:0][35m SELECT * FROM `rh_queued_tasks` ORDER BY created_at asc, id asc LIMIT 20[0m

2026/10/02 15:04:53 [32mgithub.com/QuantumNous/new-api/zsy/runninghub/queue.go:203 [33mSLOW SQL >= 200ms
[0m[31;1m[275.498ms] [33m[rows:0][35m SELECT * FROM `rh_queued_tasks` WHERE created_at < ? ORDER BY created_at asc LIMIT 50[0m

2026/10/02 15:04:53 [32mgithub.com/QuantumNous/new-api/zsy/runninghub/queue.go:116 [33mSLOW SQL >= 200ms
[0m[31;1m[588.094ms] [33m[rows:0][35m SELECT * FROM `rh_queued_tasks` ORDER BY created_at asc, id asc LIMIT 20[0m

2026/10/02 15:04:56 [32mgithub.com/QuantumNous/new-api/zsy/runninghub/queue.go:116 [33mSLOW SQL >= 200ms
[0m[31;1m[336.996ms] [33m[rows:0][35m SELECT * FROM `rh_queued_tasks` ORDER BY created_at asc, id asc LIMIT 20[0m

2026/10/02 15:05:02 [32mgithub.com/QuantumNous/new-api/zsy/runninghub/queue.go:116 [33mSLOW SQL >= 200ms
[0m[31;1m[248.443ms] [33m[rows:0][35m SELECT * FROM `rh_queued_tasks` ORDER BY created_at asc, id asc LIMIT 20[0m

2026/10/02 15:05:02 [32mgithub.com/QuantumNous/new-api/model/db_time.go:16 [33mSLOW SQL >= 200ms
[0m[31;1m[349.847ms] [33m[rows:1][35m SELECT UNIX_TIMESTAMP()[0m

2026/10/02 15:05:02 [32mgithub.com/QuantumNous/new-api/model/midjourney.go:116 [33mSLOW SQL >= 200ms
[0m[31;1m[605.296ms] [33m[rows:0][35m SELECT `id` FROM `midjourneys` WHERE progress != ? LIMIT 1[0m

2026/10/02 15:05:03 [32mgithub.com/QuantumNous/new-api/model/system_task.go:216 [33mSLOW SQL >= 200ms
[0m[31;1m[930.403ms] [33m[rows:1][35m SELECT * FROM `system_tasks` WHERE id IN (SELECT MAX(id) FROM `system_tasks` WHERE type IN (?) GROUP BY `type`)[0m

2026/10/02 15:05:03 [32mgithub.com/QuantumNous/new-api/model/system_instance.go:69 [33mSLOW SQL >= 200ms
[0m[31;1m[1256.603ms] [33m[rows:2][35m INSERT INTO `system_instances` (`node_name`,`info`,`started_at`,`last_seen_at`,`created_at`,`updated_at`) VALUES (?,?,?,?,?,?) ON DUPLICATE KEY UPDATE `info`=VALUES(`info`),`started_at`=VALUES(`started_at`),`last_seen_at`=VALUES(`last_seen_at`),`updated_at`=VALUES(`updated_at`)[0m

2026/10/02 15:05:03 [32mgithub.com/QuantumNous/new-api/model/subscription.go:1149 [33mSLOW SQL >= 200ms
[0m[31;1m[1370.185ms] [33m[rows:0][35m SELECT * FROM `user_subscriptions` WHERE status = ? AND end_time > 0 AND end_time <= ? ORDER BY end_time asc, id asc LIMIT 300[0m

2026/10/02 15:05:04 [32mgithub.com/QuantumNous/new-api/model/db_time.go:16 [33mSLOW SQL >= 200ms
[0m[31;1m[718.214ms] [33m[rows:1][35m SELECT UNIX_TIMESTAMP()[0m

2026/10/02 15:05:04 [32mgithub.com/QuantumNous/new-api/model/system_task.go:169 [33mSLOW SQL >= 200ms
[0m[31;1m[720.405ms] [33m[rows:0][35m SELECT * FROM `system_tasks` WHERE id IN (SELECT MIN(id) FROM `system_tasks` WHERE type IN (?,?,?,?,?) AND status = ? GROUP BY `type`)[0m

2026/10/02 15:05:05 [32mgithub.com/QuantumNous/new-api/model/subscription.go:1437 [33mSLOW SQL >= 200ms
[0m[31;1m[818.304ms] [33m[rows:0][35m SELECT * FROM `user_subscriptions` WHERE next_reset_time > 0 AND next_reset_time <= ? AND status = ? ORDER BY next_reset_time asc LIMIT 300[0m

2026/10/02 15:05:05 [32mgithub.com/QuantumNous/new-api/zsy/runninghub/queue.go:203 [33mSLOW SQL >= 200ms
[0m[31;1m[834.787ms] [33m[rows:0][35m SELECT * FROM `rh_queued_tasks` WHERE created_at < ? ORDER BY created_at asc LIMIT 50[0m

2026/10/02 15:05:05 [32mgithub.com/QuantumNous/new-api/zsy/runninghub/queue.go:116 [33mSLOW SQL >= 200ms
[0m[31;1m[234.500ms] [33m[rows:0][35m SELECT * FROM `rh_queued_tasks` ORDER BY created_at asc, id asc LIMIT 20[0m

2026/10/02 15:05:16 [32mgithub.com/QuantumNous/new-api/zsy/runninghub/queue.go:203 [33mSLOW SQL >= 200ms
[0m[31;1m[2573.182ms] [33m[rows:0][35m SELECT * FROM `rh_queued_tasks` WHERE created_at < ? ORDER BY created_at asc LIMIT 50[0m

2026/10/02 15:05:16 [32mgithub.com/QuantumNous/new-api/zsy/runninghub/queue.go:116 [33mSLOW SQL >= 200ms
[0m[31;1m[460.133ms] [33m[rows:0][35m SELECT * FROM `rh_queued_tasks` ORDER BY created_at asc, id asc LIMIT 20[0m

2026/10/02 15:05:16 [32mgithub.com/QuantumNous/new-api/service/authz/adapter.go:23 [33mSLOW SQL >= 200ms
[0m[31;1m[1575.105ms] [33m[rows:3][35m SELECT * FROM `casbin_rule` ORDER BY id asc[0m
[SYS] 2026/10/02 - 15:05:17 | syncing options from database 

2026/10/02 15:05:17 [32mgithub.com/QuantumNous/new-api/model/option.go:26 [33mSLOW SQL >= 200ms
[0m[31;1m[263.078ms] [33m[rows:37][35m SELECT * FROM `options`[0m

2026/10/02 15:05:17 [32mgithub.com/QuantumNous/new-api/model/system_task.go:169 [33mSLOW SQL >= 200ms
[0m[31;1m[737.408ms] [33m[rows:0][35m SELECT * FROM `system_tasks` WHERE id IN (SELECT MIN(id) FROM `system_tasks` WHERE type IN (?,?,?,?,?) AND status = ? GROUP BY `type`)[0m

2026/10/02 15:05:20 [32mgithub.com/QuantumNous/new-api/zsy/runninghub/queue.go:203 [33mSLOW SQL >= 200ms
[0m[31;1m[403.665ms] [33m[rows:0][35m SELECT * FROM `rh_queued_tasks` WHERE created_at < ? ORDER BY created_at asc LIMIT 50[0m

2026/10/02 15:05:20 [32mgithub.com/QuantumNous/new-api/zsy/runninghub/queue.go:116 [33mSLOW SQL >= 200ms
[0m[31;1m[417.430ms] [33m[rows:0][35m SELECT * FROM `rh_queued_tasks` ORDER BY created_at asc, id asc LIMIT 20[0m

2026/10/02 15:05:23 [32mgithub.com/QuantumNous/new-api/zsy/runninghub/queue.go:116 [33mSLOW SQL >= 200ms
[0m[31;1m[276.334ms] [33m[rows:0][35m SELECT * FROM `rh_queued_tasks` ORDER BY created_at asc, id asc LIMIT 20[0m

2026/10/02 15:05:29 [32mgithub.com/QuantumNous/new-api/zsy/runninghub/queue.go:203 [33mSLOW SQL >= 200ms
[0m[31;1m[358.726ms] [33m[rows:0][35m SELECT * FROM `rh_queued_tasks` WHERE created_at < ? ORDER BY created_at asc LIMIT 50[0m

2026/10/02 15:05:32 [32mgithub.com/QuantumNous/new-api/zsy/runninghub/queue.go:203 [33mSLOW SQL >= 200ms
[0m[31;1m[274.292ms] [33m[rows:0][35m SELECT * FROM `rh_queued_tasks` WHERE created_at < ? ORDER BY created_at asc LIMIT 50[0m

2026/10/02 15:05:32 [32mgithub.com/QuantumNous/new-api/model/midjourney.go:116 [33mSLOW SQL >= 200ms
[0m[31;1m[365.627ms] [33m[rows:0][35m SELECT `id` FROM `midjourneys` WHERE progress != ? LIMIT 1[0m

2026/10/02 15:05:32 [32mgithub.com/QuantumNous/new-api/model/task.go:355 [33mSLOW SQL >= 200ms
[0m[31;1m[245.095ms] [33m[rows:0][35m SELECT `id` FROM `tasks` WHERE progress != ? AND status != ? AND status != ? LIMIT 1[0m

2026/10/02 15:05:32 [32mgithub.com/QuantumNous/new-api/model/system_task.go:216 [33mSLOW SQL >= 200ms
[0m[31;1m[443.418ms] [33m[rows:1][35m SELECT * FROM `system_tasks` WHERE id IN (SELECT MAX(id) FROM `system_tasks` WHERE type IN (?) GROUP BY `type`)[0m

2026/10/02 15:05:32 [32mgithub.com/QuantumNous/new-api/model/system_instance.go:69 [33mSLOW SQL >= 200ms
[0m[31;1m[660.565ms] [33m[rows:2][35m INSERT INTO `system_instances` (`node_name`,`info`,`started_at`,`last_seen_at`,`created_at`,`updated_at`) VALUES (?,?,?,?,?,?) ON DUPLICATE KEY UPDATE `info`=VALUES(`info`),`started_at`=VALUES(`started_at`),`last_seen_at`=VALUES(`last_seen_at`),`updated_at`=VALUES(`updated_at`)[0m

2026/10/02 15:05:47 [32mgithub.com/QuantumNous/new-api/zsy/runninghub/queue.go:203 [33mSLOW SQL >= 200ms
[0m[31;1m[544.273ms] [33m[rows:0][35m SELECT * FROM `rh_queued_tasks` WHERE created_at < ? ORDER BY created_at asc LIMIT 50[0m

2026/10/02 15:05:47 [32mgithub.com/QuantumNous/new-api/model/system_task.go:362 [33mSLOW SQL >= 200ms
[0m[31;1m[835.535ms] [33m[rows:0][35m SELECT * FROM `system_task_locks` WHERE locked_until < ?[0m

2026/10/02 15:05:47 [32mgithub.com/QuantumNous/new-api/zsy/runninghub/queue.go:116 [33mSLOW SQL >= 200ms
[0m[31;1m[292.228ms] [33m[rows:0][35m SELECT * FROM `rh_queued_tasks` ORDER BY created_at asc, id asc LIMIT 20[0m

2026/10/02 15:05:50 [32mgithub.com/QuantumNous/new-api/zsy/runninghub/queue.go:203 [33mSLOW SQL >= 200ms
[0m[31;1m[681.635ms] [33m[rows:0][35m SELECT * FROM `rh_queued_tasks` WHERE created_at < ? ORDER BY created_at asc LIMIT 50[0m

2026/10/02 15:05:56 [32mgithub.com/QuantumNous/new-api/zsy/runninghub/queue.go:203 [33mSLOW SQL >= 200ms
[0m[31;1m[679.185ms] [33m[rows:0][35m SELECT * FROM `rh_queued_tasks` WHERE created_at < ? ORDER BY created_at asc LIMIT 50[0m

2026/10/02 15:05:57 [32mgithub.com/QuantumNous/new-api/zsy/runninghub/queue.go:116 [33mSLOW SQL >= 200ms
[0m[31;1m[618.719ms] [33m[rows:0][35m SELECT * FROM `rh_queued_tasks` ORDER BY created_at asc, id asc LIMIT 20[0m
[SYS] 2026/10/02 - 15:06:01 | 正在更新数据看板数据... 
[SYS] 2026/10/02 - 15:06:01 | 保存数据看板数据成功，共保存0条数据 

2026/10/02 15:06:02 [32mgithub.com/QuantumNous/new-api/service/codex_credential_refresh_task.go:80 [33mSLOW SQL >= 200ms
[0m[31;1m[660.288ms] [33m[rows:0][35m SELECT `id`,`name`,`key`,`status`,`channel_info` FROM `channels` WHERE type = ? AND (status = ? OR status = ?) ORDER BY id asc LIMIT 200[0m

2026/10/02 15:06:02 [32mgithub.com/QuantumNous/new-api/model/db_time.go:16 [33mSLOW SQL >= 200ms
[0m[31;1m[664.828ms] [33m[rows:1][35m SELECT UNIX_TIMESTAMP()[0m

2026/10/02 15:06:02 [32mgithub.com/QuantumNous/new-api/zsy/runninghub/queue.go:203 [33mSLOW SQL >= 200ms
[0m[31;1m[664.626ms] [33m[rows:0][35m SELECT * FROM `rh_queued_tasks` WHERE created_at < ? ORDER BY created_at asc LIMIT 50[0m

2026/10/02 15:06:02 [32mgithub.com/QuantumNous/new-api/zsy/runninghub/queue.go:116 [33mSLOW SQL >= 200ms
[0m[31;1m[283.636ms] [33m[rows:0][35m SELECT * FROM `rh_queued_tasks` ORDER BY created_at asc, id asc LIMIT 20[0m

2026/10/02 15:06:03 [32mgithub.com/QuantumNous/new-api/model/subscription.go:1149 [33mSLOW SQL >= 200ms
[0m[31;1m[739.058ms] [33m[rows:0][35m SELECT * FROM `user_subscriptions` WHERE status = ? AND end_time > 0 AND end_time <= ? ORDER BY end_time asc, id asc LIMIT 300[0m

2026/10/02 15:06:04 [32mgithub.com/QuantumNous/new-api/model/midjourney.go:116 [33mSLOW SQL >= 200ms
[0m[31;1m[2978.049ms] [33m[rows:0][35m SELECT `id` FROM `midjourneys` WHERE progress != ? LIMIT 1[0m

2026/10/02 15:06:05 [32mgithub.com/QuantumNous/new-api/model/task.go:355 [33mSLOW SQL >= 200ms
[0m[31;1m[375.998ms] [33m[rows:0][35m SELECT `id` FROM `tasks` WHERE progress != ? AND status != ? AND status != ? LIMIT 1[0m

2026/10/02 15:06:05 [32mgithub.com/QuantumNous/new-api/model/system_instance.go:69 [33mSLOW SQL >= 200ms
[0m[31;1m[2983.586ms] [33m[rows:2][35m INSERT INTO `system_instances` (`node_name`,`info`,`started_at`,`last_seen_at`,`created_at`,`updated_at`) VALUES (?,?,?,?,?,?) ON DUPLICATE KEY UPDATE `info`=VALUES(`info`),`started_at`=VALUES(`started_at`),`last_seen_at`=VALUES(`last_seen_at`),`updated_at`=VALUES(`updated_at`)[0m

2026/10/02 15:06:05 [32mgithub.com/QuantumNous/new-api/zsy/runninghub/queue.go:203 [33mSLOW SQL >= 200ms
[0m[31;1m[521.811ms] [33m[rows:0][35m SELECT * FROM `rh_queued_tasks` WHERE created_at < ? ORDER BY created_at asc LIMIT 50[0m

2026/10/02 15:06:05 [32mgithub.com/QuantumNous/new-api/model/system_task.go:216 [33mSLOW SQL >= 200ms
[0m[31;1m[231.451ms] [33m[rows:1][35m SELECT * FROM `system_tasks` WHERE id IN (SELECT MAX(id) FROM `system_tasks` WHERE type IN (?) GROUP BY `type`)[0m

2026/10/02 15:06:05 [32mgithub.com/QuantumNous/new-api/model/system_task.go:169 [33mSLOW SQL >= 200ms
[0m[31;1m[211.088ms] [33m[rows:0][35m SELECT * FROM `system_tasks` WHERE id IN (SELECT MIN(id) FROM `system_tasks` WHERE type IN (?,?,?,?,?) AND status = ? GROUP BY `type`)[0m

2026/10/02 15:06:08 [32mgithub.com/QuantumNous/new-api/zsy/runninghub/queue.go:203 [33mSLOW SQL >= 200ms
[0m[31;1m[422.517ms] [33m[rows:0][35m SELECT * FROM `rh_queued_tasks` WHERE created_at < ? ORDER BY created_at asc LIMIT 50[0m

2026/10/02 15:06:11 [32mgithub.com/QuantumNous/new-api/zsy/runninghub/queue.go:116 [33mSLOW SQL >= 200ms
[0m[31;1m[229.427ms] [33m[rows:0][35m SELECT * FROM `rh_queued_tasks` ORDER BY created_at asc, id asc LIMIT 20[0m

2026/10/02 15:06:14 [32mgithub.com/QuantumNous/new-api/zsy/runninghub/queue.go:203 [33mSLOW SQL >= 200ms
[0m[31;1m[780.840ms] [33m[rows:0][35m SELECT * FROM `rh_queued_tasks` WHERE created_at < ? ORDER BY created_at asc LIMIT 50[0m

2026/10/02 15:06:17 [32mgithub.com/QuantumNous/new-api/zsy/runninghub/queue.go:203 [33mSLOW SQL >= 200ms
[0m[31;1m[357.872ms] [33m[rows:0][35m SELECT * FROM `rh_queued_tasks` WHERE created_at < ? ORDER BY created_at asc LIMIT 50[0m

2026/10/02 15:06:17 [32mgithub.com/QuantumNous/new-api/model/system_task.go:169 [33mSLOW SQL >= 200ms
[0m[31;1m[358.979ms] [33m[rows:0][35m SELECT * FROM `system_tasks` WHERE id IN (SELECT MIN(id) FROM `system_tasks` WHERE type IN (?,?,?,?,?) AND status = ? GROUP BY `type`)[0m
[SYS] 2026/10/02 - 15:06:17 | syncing options from database 

2026/10/02 15:06:17 [32mgithub.com/QuantumNous/new-api/service/authz/adapter.go:23 [33mSLOW SQL >= 200ms
[0m[31;1m[995.996ms] [33m[rows:3][35m SELECT * FROM `casbin_rule` ORDER BY id asc[0m

2026/10/02 15:06:17 [32mgithub.com/QuantumNous/new-api/model/option.go:26 [33mSLOW SQL >= 200ms
[0m[31;1m[561.771ms] [33m[rows:37][35m SELECT * FROM `options`[0m

2026/10/02 15:06:20 [32mgithub.com/QuantumNous/new-api/zsy/runninghub/queue.go:203 [33mSLOW SQL >= 200ms
[0m[31;1m[433.913ms] [33m[rows:0][35m SELECT * FROM `rh_queued_tasks` WHERE created_at < ? ORDER BY created_at asc LIMIT 50[0m

2026/10/02 15:06:20 [32mgithub.com/QuantumNous/new-api/zsy/runninghub/queue.go:116 [33mSLOW SQL >= 200ms
[0m[31;1m[314.972ms] [33m[rows:0][35m SELECT * FROM `rh_queued_tasks` ORDER BY created_at asc, id asc LIMIT 20[0m

2026/10/02 15:06:26 [32mgithub.com/QuantumNous/new-api/zsy/runninghub/queue.go:116 [33mSLOW SQL >= 200ms
[0m[31;1m[282.360ms] [33m[rows:0][35m SELECT * FROM `rh_queued_tasks` ORDER BY created_at asc, id asc LIMIT 20[0m

2026/10/02 15:06:32 [32mgithub.com/QuantumNous/new-api/model/system_instance.go:69 [33mSLOW SQL >= 200ms
[0m[31;1m[497.521ms] [33m[rows:2][35m INSERT INTO `system_instances` (`node_name`,`info`,`started_at`,`last_seen_at`,`created_at`,`updated_at`) VALUES (?,?,?,?,?,?) ON DUPLICATE KEY UPDATE `info`=VALUES(`info`),`started_at`=VALUES(`started_at`),`last_seen_at`=VALUES(`last_seen_at`),`updated_at`=VALUES(`updated_at`)[0m

2026/10/02 15:06:32 [32mgithub.com/QuantumNous/new-api/model/system_task.go:362 [33mSLOW SQL >= 200ms
[0m[31;1m[1136.238ms] [33m[rows:0][35m SELECT * FROM `system_task_locks` WHERE locked_until < ?[0m

2026/10/02 15:06:33 [32mgithub.com/QuantumNous/new-api/model/midjourney.go:116 [33mSLOW SQL >= 200ms
[0m[31;1m[239.644ms] [33m[rows:0][35m SELECT `id` FROM `midjourneys` WHERE progress != ? LIMIT 1[0m

2026/10/02 15:06:41 [32mgithub.com/QuantumNous/new-api/zsy/runninghub/queue.go:203 [33mSLOW SQL >= 200ms
[0m[31;1m[249.278ms] [33m[rows:0][35m SELECT * FROM `rh_queued_tasks` WHERE created_at < ? ORDER BY created_at asc LIMIT 50[0m

2026/10/02 15:06:44 [32mgithub.com/QuantumNous/new-api/zsy/runninghub/queue.go:203 [33mSLOW SQL >= 200ms
[0m[31;1m[339.365ms] [33m[rows:0][35m SELECT * FROM `rh_queued_tasks` WHERE created_at < ? ORDER BY created_at asc LIMIT 50[0m

2026/10/02 15:06:44 [32mgithub.com/QuantumNous/new-api/zsy/runninghub/queue.go:116 [33mSLOW SQL >= 200ms
[0m[31;1m[308.036ms] [33m[rows:0][35m SELECT * FROM `rh_queued_tasks` ORDER BY created_at asc, id asc LIMIT 20[0m

2026/10/02 15:06:47 [32mgithub.com/QuantumNous/new-api/zsy/runninghub/queue.go:116 [33mSLOW SQL >= 200ms
[0m[31;1m[276.993ms] [33m[rows:0][35m SELECT * FROM `rh_queued_tasks` ORDER BY created_at asc, id asc LIMIT 20[0m

2026/10/02 15:06:50 [32mgithub.com/QuantumNous/new-api/zsy/runninghub/queue.go:203 [33mSLOW SQL >= 200ms
[0m[31;1m[260.247ms] [33m[rows:0][35m SELECT * FROM `rh_queued_tasks` WHERE created_at < ? ORDER BY created_at asc LIMIT 50[0m

2026/10/02 15:06:50 [32mgithub.com/QuantumNous/new-api/zsy/runninghub/queue.go:116 [33mSLOW SQL >= 200ms
[0m[31;1m[583.907ms] [33m[rows:0][35m SELECT * FROM `rh_queued_tasks` ORDER BY created_at asc, id asc LIMIT 20[0m

2026/10/02 15:06:53 [32mgithub.com/QuantumNous/new-api/zsy/runninghub/queue.go:203 [33mSLOW SQL >= 200ms
[0m[31;1m[385.505ms] [33m[rows:0][35m SELECT * FROM `rh_queued_tasks` WHERE created_at < ? ORDER BY created_at asc LIMIT 50[0m

2026/10/02 15:06:53 [32mgithub.com/QuantumNous/new-api/zsy/runninghub/queue.go:116 [33mSLOW SQL >= 200ms
[0m[31;1m[235.939ms] [33m[rows:0][35m SELECT * FROM `rh_queued_tasks` ORDER BY created_at asc, id asc LIMIT 20[0m

2026/10/02 15:06:56 [32mgithub.com/QuantumNous/new-api/zsy/runninghub/queue.go:203 [33mSLOW SQL >= 200ms
[0m[31;1m[338.053ms] [33m[rows:0][35m SELECT * FROM `rh_queued_tasks` WHERE created_at < ? ORDER BY created_at asc LIMIT 50[0m

2026/10/02 15:06:56 [32mgithub.com/QuantumNous/new-api/zsy/runninghub/queue.go:116 [33mSLOW SQL >= 200ms
[0m[31;1m[580.699ms] [33m[rows:0][35m SELECT * FROM `rh_queued_tasks` ORDER BY created_at asc, id asc LIMIT 20[0m

2026/10/02 15:06:59 [32mgithub.com/QuantumNous/new-api/zsy/runninghub/queue.go:116 [33mSLOW SQL >= 200ms
[0m[31;1m[1100.631ms] [33m[rows:0][35m SELECT * FROM `rh_queued_tasks` ORDER BY created_at asc, id asc LIMIT 20[0m

2026/10/02 15:07:02 [32mgithub.com/QuantumNous/new-api/model/midjourney.go:116 [33mSLOW SQL >= 200ms
[0m[31;1m[932.760ms] [33m[rows:0][35m SELECT `id` FROM `midjourneys` WHERE progress != ? LIMIT 1[0m

2026/10/02 15:07:02 [32mgithub.com/QuantumNous/new-api/model/db_time.go:16 [33mSLOW SQL >= 200ms
[0m[31;1m[932.760ms] [33m[rows:1][35m SELECT UNIX_TIMESTAMP()[0m

2026/10/02 15:07:02 [32mgithub.com/QuantumNous/new-api/model/task.go:355 [33mSLOW SQL >= 200ms
[0m[31;1m[246.150ms] [33m[rows:0][35m SELECT `id` FROM `tasks` WHERE progress != ? AND status != ? AND status != ? LIMIT 1[0m

2026/10/02 15:07:03 [32mgithub.com/QuantumNous/new-api/model/subscription.go:1149 [33mSLOW SQL >= 200ms
[0m[31;1m[757.797ms] [33m[rows:0][35m SELECT * FROM `user_subscriptions` WHERE status = ? AND end_time > 0 AND end_time <= ? ORDER BY end_time asc, id asc LIMIT 300[0m

2026/10/02 15:07:03 [32mgithub.com/QuantumNous/new-api/model/system_task.go:216 [33mSLOW SQL >= 200ms
[0m[31;1m[517.205ms] [33m[rows:1][35m SELECT * FROM `system_tasks` WHERE id IN (SELECT MAX(id) FROM `system_tasks` WHERE type IN (?) GROUP BY `type`)[0m

2026/10/02 15:07:12 [32mgithub.com/QuantumNous/new-api/model/db_time.go:16 [33mSLOW SQL >= 200ms
[0m[31;1m[9449.799ms] [33m[rows:1][35m SELECT UNIX_TIMESTAMP()[0m

2026/10/02 15:07:12 [32mgithub.com/QuantumNous/new-api/zsy/runninghub/queue.go:203 [33mSLOW SQL >= 200ms
[0m[31;1m[11140.504ms] [33m[rows:0][35m SELECT * FROM `rh_queued_tasks` WHERE created_at < ? ORDER BY created_at asc LIMIT 50[0m

2026/10/02 15:07:12 [32mgithub.com/QuantumNous/new-api/model/system_task.go:169 [33mSLOW SQL >= 200ms
[0m[31;1m[9449.840ms] [33m[rows:0][35m SELECT * FROM `system_tasks` WHERE id IN (SELECT MIN(id) FROM `system_tasks` WHERE type IN (?,?,?,?,?) AND status = ? GROUP BY `type`)[0m

2026/10/02 15:07:15 [32mgithub.com/QuantumNous/new-api/model/system_instance.go:69 [33mSLOW SQL >= 200ms
[0m[31;1m[12917.918ms] [33m[rows:2][35m INSERT INTO `system_instances` (`node_name`,`info`,`started_at`,`last_seen_at`,`created_at`,`updated_at`) VALUES (?,?,?,?,?,?) ON DUPLICATE KEY UPDATE `info`=VALUES(`info`),`started_at`=VALUES(`started_at`),`last_seen_at`=VALUES(`last_seen_at`),`updated_at`=VALUES(`updated_at`)[0m

2026/10/02 15:07:17 [32mgithub.com/QuantumNous/new-api/model/system_task.go:362 [33mSLOW SQL >= 200ms
[0m[31;1m[1109.477ms] [33m[rows:0][35m SELECT * FROM `system_task_locks` WHERE locked_until < ?[0m
[SYS] 2026/10/02 - 15:07:17 | syncing options from database 

2026/10/02 15:07:18 [32mgithub.com/QuantumNous/new-api/model/midjourney.go:116 [33mSLOW SQL >= 200ms
[0m[31;1m[201.363ms] [33m[rows:0][35m SELECT `id` FROM `midjourneys` WHERE progress != ? LIMIT 1[0m

2026/10/02 15:07:18 [32mgithub.com/QuantumNous/new-api/model/task.go:355 [33mSLOW SQL >= 200ms
[0m[31;1m[249.605ms] [33m[rows:0][35m SELECT `id` FROM `tasks` WHERE progress != ? AND status != ? AND status != ? LIMIT 1[0m

2026/10/02 15:07:18 [32mgithub.com/QuantumNous/new-api/model/option.go:26 [33mSLOW SQL >= 200ms
[0m[31;1m[443.051ms] [33m[rows:37][35m SELECT * FROM `options`[0m

2026/10/02 15:07:18 [32mgithub.com/QuantumNous/new-api/service/authz/adapter.go:23 [33mSLOW SQL >= 200ms
[0m[31;1m[1017.666ms] [33m[rows:3][35m SELECT * FROM `casbin_rule` ORDER BY id asc[0m

2026/10/02 15:07:19 [32mgithub.com/QuantumNous/new-api/model/system_task.go:216 [33mSLOW SQL >= 200ms
[0m[31;1m[799.808ms] [33m[rows:1][35m SELECT * FROM `system_tasks` WHERE id IN (SELECT MAX(id) FROM `system_tasks` WHERE type IN (?) GROUP BY `type`)[0m

2026/10/02 15:07:19 [32mgithub.com/QuantumNous/new-api/model/system_task.go:169 [33mSLOW SQL >= 200ms
[0m[31;1m[333.746ms] [33m[rows:0][35m SELECT * FROM `system_tasks` WHERE id IN (SELECT MIN(id) FROM `system_tasks` WHERE type IN (?,?,?,?,?) AND status = ? GROUP BY `type`)[0m

2026/10/02 15:07:24 [32mgithub.com/QuantumNous/new-api/zsy/runninghub/queue.go:203 [33mSLOW SQL >= 200ms
[0m[31;1m[4407.356ms] [33m[rows:0][35m SELECT * FROM `rh_queued_tasks` WHERE created_at < ? ORDER BY created_at asc LIMIT 50[0m

2026/10/02 15:07:24 [32mgithub.com/QuantumNous/new-api/zsy/runninghub/queue.go:116 [33mSLOW SQL >= 200ms
[0m[31;1m[701.052ms] [33m[rows:0][35m SELECT * FROM `rh_queued_tasks` ORDER BY created_at asc, id asc LIMIT 20[0m

2026/10/02 15:07:25 [32mgithub.com/QuantumNous/new-api/zsy/runninghub/queue.go:203 [33mSLOW SQL >= 200ms
[0m[31;1m[361.872ms] [33m[rows:0][35m SELECT * FROM `rh_queued_tasks` WHERE created_at < ? ORDER BY created_at asc LIMIT 50[0m

2026/10/02 15:07:25 [32mgithub.com/QuantumNous/new-api/zsy/runninghub/queue.go:116 [33mSLOW SQL >= 200ms
[0m[31;1m[224.751ms] [33m[rows:0][35m SELECT * FROM `rh_queued_tasks` ORDER BY created_at asc, id asc LIMIT 20[0m

2026/10/02 15:07:26 [32mgithub.com/QuantumNous/new-api/zsy/runninghub/queue.go:203 [33mSLOW SQL >= 200ms
[0m[31;1m[397.912ms] [33m[rows:0][35m SELECT * FROM `rh_queued_tasks` WHERE created_at < ? ORDER BY created_at asc LIMIT 50[0m

2026/10/02 15:07:29 [32mgithub.com/QuantumNous/new-api/zsy/runninghub/queue.go:203 [33mSLOW SQL >= 200ms
[0m[31;1m[365.199ms] [33m[rows:0][35m SELECT * FROM `rh_queued_tasks` WHERE created_at < ? ORDER BY created_at asc LIMIT 50[0m

2026/10/02 15:07:29 [32mgithub.com/QuantumNous/new-api/zsy/runninghub/queue.go:116 [33mSLOW SQL >= 200ms
[0m[31;1m[249.319ms] [33m[rows:0][35m SELECT * FROM `rh_queued_tasks` ORDER BY created_at asc, id asc LIMIT 20[0m

2026/10/02 15:07:32 [32mgithub.com/QuantumNous/new-api/zsy/runninghub/queue.go:116 [33mSLOW SQL >= 200ms
[0m[31;1m[213.642ms] [33m[rows:0][35m SELECT * FROM `rh_queued_tasks` ORDER BY created_at asc, id asc LIMIT 20[0m

2026/10/02 15:07:32 [32mgithub.com/QuantumNous/new-api/model/system_task.go:169 [33mSLOW SQL >= 200ms
[0m[31;1m[291.904ms] [33m[rows:0][35m SELECT * FROM `system_tasks` WHERE id IN (SELECT MIN(id) FROM `system_tasks` WHERE type IN (?,?,?,?,?) AND status = ? GROUP BY `type`)[0m

2026/10/02 15:07:32 [32mgithub.com/QuantumNous/new-api/model/system_instance.go:69 [33mSLOW SQL >= 200ms
[0m[31;1m[640.867ms] [33m[rows:2][35m INSERT INTO `system_instances` (`node_name`,`info`,`started_at`,`last_seen_at`,`created_at`,`updated_at`) VALUES (?,?,?,?,?,?) ON DUPLICATE KEY UPDATE `info`=VALUES(`info`),`started_at`=VALUES(`started_at`),`last_seen_at`=VALUES(`last_seen_at`),`updated_at`=VALUES(`updated_at`)[0m

2026/10/02 15:07:35 [32mgithub.com/QuantumNous/new-api/zsy/runninghub/queue.go:116 [33mSLOW SQL >= 200ms
[0m[31;1m[286.644ms] [33m[rows:0][35m SELECT * FROM `rh_queued_tasks` ORDER BY created_at asc, id asc LIMIT 20[0m

2026/10/02 15:07:38 [32mgithub.com/QuantumNous/new-api/zsy/runninghub/queue.go:116 [33mSLOW SQL >= 200ms
[0m[31;1m[671.151ms] [33m[rows:0][35m SELECT * FROM `rh_queued_tasks` ORDER BY created_at asc, id asc LIMIT 20[0m

2026/10/02 15:07:47 [32mgithub.com/QuantumNous/new-api/model/system_task.go:362 [33mSLOW SQL >= 200ms
[0m[31;1m[489.497ms] [33m[rows:0][35m SELECT * FROM `system_task_locks` WHERE locked_until < ?[0m

2026/10/02 15:07:47 [32mgithub.com/QuantumNous/new-api/zsy/runninghub/queue.go:203 [33mSLOW SQL >= 200ms
[0m[31;1m[490.571ms] [33m[rows:0][35m SELECT * FROM `rh_queued_tasks` WHERE created_at < ? ORDER BY created_at asc LIMIT 50[0m

2026/10/02 15:07:48 [32mgithub.com/QuantumNous/new-api/model/task.go:355 [33mSLOW SQL >= 200ms
[0m[31;1m[866.543ms] [33m[rows:0][35m SELECT `id` FROM `tasks` WHERE progress != ? AND status != ? AND status != ? LIMIT 1[0m

2026/10/02 15:07:48 [32mgithub.com/QuantumNous/new-api/model/system_task.go:216 [33mSLOW SQL >= 200ms
[0m[31;1m[255.168ms] [33m[rows:1][35m SELECT * FROM `system_tasks` WHERE id IN (SELECT MAX(id) FROM `system_tasks` WHERE type IN (?) GROUP BY `type`)[0m

2026/10/02 15:07:50 [32mgithub.com/QuantumNous/new-api/zsy/runninghub/queue.go:203 [33mSLOW SQL >= 200ms
[0m[31;1m[472.514ms] [33m[rows:0][35m SELECT * FROM `rh_queued_tasks` WHERE created_at < ? ORDER BY created_at asc LIMIT 50[0m

2026/10/02 15:07:53 [32mgithub.com/QuantumNous/new-api/zsy/runninghub/queue.go:203 [33mSLOW SQL >= 200ms
[0m[31;1m[462.741ms] [33m[rows:0][35m SELECT * FROM `rh_queued_tasks` WHERE created_at < ? ORDER BY created_at asc LIMIT 50[0m

2026/10/02 15:07:53 [32mgithub.com/QuantumNous/new-api/zsy/runninghub/queue.go:116 [33mSLOW SQL >= 200ms
[0m[31;1m[278.822ms] [33m[rows:0][35m SELECT * FROM `rh_queued_tasks` ORDER BY created_at asc, id asc LIMIT 20[0m

2026/10/02 15:08:02 [32mgithub.com/QuantumNous/new-api/model/system_task.go:169 [33mSLOW SQL >= 200ms
[0m[31;1m[950.205ms] [33m[rows:0][35m SELECT * FROM `system_tasks` WHERE id IN (SELECT MIN(id) FROM `system_tasks` WHERE type IN (?,?,?,?,?) AND status = ? GROUP BY `type`)[0m

2026/10/02 15:08:02 [32mgithub.com/QuantumNous/new-api/model/db_time.go:16 [33mSLOW SQL >= 200ms
[0m[31;1m[1033.312ms] [33m[rows:1][35m SELECT UNIX_TIMESTAMP()[0m

2026/10/02 15:08:02 [32mgithub.com/QuantumNous/new-api/zsy/runninghub/queue.go:203 [33mSLOW SQL >= 200ms
[0m[31;1m[1033.631ms] [33m[rows:0][35m SELECT * FROM `rh_queued_tasks` WHERE created_at < ? ORDER BY created_at asc LIMIT 50[0m

2026/10/02 15:08:03 [32mgithub.com/QuantumNous/new-api/model/system_instance.go:69 [33mSLOW SQL >= 200ms
[0m[31;1m[1082.676ms] [33m[rows:2][35m INSERT INTO `system_instances` (`node_name`,`info`,`started_at`,`last_seen_at`,`created_at`,`updated_at`) VALUES (?,?,?,?,?,?) ON DUPLICATE KEY UPDATE `info`=VALUES(`info`),`started_at`=VALUES(`started_at`),`last_seen_at`=VALUES(`last_seen_at`),`updated_at`=VALUES(`updated_at`)[0m

2026/10/02 15:08:04 [32mgithub.com/QuantumNous/new-api/model/subscription.go:1149 [33mSLOW SQL >= 200ms
[0m[31;1m[1274.198ms] [33m[rows:0][35m SELECT * FROM `user_subscriptions` WHERE status = ? AND end_time > 0 AND end_time <= ? ORDER BY end_time asc, id asc LIMIT 300[0m

2026/10/02 15:08:04 [32mgithub.com/QuantumNous/new-api/model/subscription.go:1437 [33mSLOW SQL >= 200ms
[0m[31;1m[372.808ms] [33m[rows:0][35m SELECT * FROM `user_subscriptions` WHERE next_reset_time > 0 AND next_reset_time <= ? AND status = ? ORDER BY next_reset_time asc LIMIT 300[0m

2026/10/02 15:08:04 [32mgithub.com/QuantumNous/new-api/zsy/runninghub/queue.go:203 [33mSLOW SQL >= 200ms
[0m[31;1m[243.291ms] [33m[rows:0][35m SELECT * FROM `rh_queued_tasks` WHERE created_at < ? ORDER BY created_at asc LIMIT 50[0m

2026/10/02 15:08:05 [32mgithub.com/QuantumNous/new-api/zsy/runninghub/queue.go:116 [33mSLOW SQL >= 200ms
[0m[31;1m[246.481ms] [33m[rows:0][35m SELECT * FROM `rh_queued_tasks` ORDER BY created_at asc, id asc LIMIT 20[0m

2026/10/02 15:08:11 [32mgithub.com/QuantumNous/new-api/zsy/runninghub/queue.go:116 [33mSLOW SQL >= 200ms
[0m[31;1m[992.833ms] [33m[rows:0][35m SELECT * FROM `rh_queued_tasks` ORDER BY created_at asc, id asc LIMIT 20[0m

2026/10/02 15:08:15 [32mgithub.com/QuantumNous/new-api/zsy/runninghub/queue.go:203 [33mSLOW SQL >= 200ms
[0m[31;1m[2196.197ms] [33m[rows:0][35m SELECT * FROM `rh_queued_tasks` WHERE created_at < ? ORDER BY created_at asc LIMIT 50[0m

2026/10/02 15:08:17 [32mgithub.com/QuantumNous/new-api/zsy/runninghub/queue.go:116 [33mSLOW SQL >= 200ms
[0m[31;1m[1172.976ms] [33m[rows:0][35m SELECT * FROM `rh_queued_tasks` ORDER BY created_at asc, id asc LIMIT 20[0m

2026/10/02 15:08:17 [32mgithub.com/QuantumNous/new-api/zsy/runninghub/queue.go:203 [33mSLOW SQL >= 200ms
[0m[31;1m[740.936ms] [33m[rows:0][35m SELECT * FROM `rh_queued_tasks` WHERE created_at < ? ORDER BY created_at asc LIMIT 50[0m

2026/10/02 15:08:18 [32mgithub.com/QuantumNous/new-api/zsy/runninghub/queue.go:116 [33mSLOW SQL >= 200ms
[0m[31;1m[246.804ms] [33m[rows:0][35m SELECT * FROM `rh_queued_tasks` ORDER BY created_at asc, id asc LIMIT 20[0m
[SYS] 2026/10/02 - 15:08:18 | syncing options from database 

2026/10/02 15:08:19 [32mgithub.com/QuantumNous/new-api/model/option.go:26 [33mSLOW SQL >= 200ms
[0m[31;1m[1428.981ms] [33m[rows:37][35m SELECT * FROM `options`[0m

2026/10/02 15:08:20 [32mgithub.com/QuantumNous/new-api/model/system_task.go:362 [33mSLOW SQL >= 200ms
[0m[31;1m[3369.515ms] [33m[rows:0][35m SELECT * FROM `system_task_locks` WHERE locked_until < ?[0m

2026/10/02 15:08:21 [32mgithub.com/QuantumNous/new-api/model/midjourney.go:116 [33mSLOW SQL >= 200ms
[0m[31;1m[891.765ms] [33m[rows:0][35m SELECT `id` FROM `midjourneys` WHERE progress != ? LIMIT 1[0m

2026/10/02 15:08:21 [32mgithub.com/QuantumNous/new-api/service/authz/adapter.go:23 [33mSLOW SQL >= 200ms
[0m[31;1m[2717.627ms] [33m[rows:3][35m SELECT * FROM `casbin_rule` ORDER BY id asc[0m

2026/10/02 15:08:21 [32mgithub.com/QuantumNous/new-api/model/task.go:355 [33mSLOW SQL >= 200ms
[0m[31;1m[573.334ms] [33m[rows:0][35m SELECT `id` FROM `tasks` WHERE progress != ? AND status != ? AND status != ? LIMIT 1[0m

2026/10/02 15:08:21 [32mgithub.com/QuantumNous/new-api/model/system_task.go:216 [33mSLOW SQL >= 200ms
[0m[31;1m[277.563ms] [33m[rows:1][35m SELECT * FROM `system_tasks` WHERE id IN (SELECT MAX(id) FROM `system_tasks` WHERE type IN (?) GROUP BY `type`)[0m

2026/10/02 15:08:22 [32mgithub.com/QuantumNous/new-api/zsy/runninghub/queue.go:203 [33mSLOW SQL >= 200ms
[0m[31;1m[2435.267ms] [33m[rows:0][35m SELECT * FROM `rh_queued_tasks` WHERE created_at < ? ORDER BY created_at asc LIMIT 50[0m

2026/10/02 15:08:22 [32mgithub.com/QuantumNous/new-api/model/system_task.go:169 [33mSLOW SQL >= 200ms
[0m[31;1m[595.594ms] [33m[rows:0][35m SELECT * FROM `system_tasks` WHERE id IN (SELECT MIN(id) FROM `system_tasks` WHERE type IN (?,?,?,?,?) AND status = ? GROUP BY `type`)[0m

2026/10/02 15:08:22 [32mgithub.com/QuantumNous/new-api/zsy/runninghub/queue.go:116 [33mSLOW SQL >= 200ms
[0m[31;1m[630.160ms] [33m[rows:0][35m SELECT * FROM `rh_queued_tasks` ORDER BY created_at asc, id asc LIMIT 20[0m

2026/10/02 15:08:23 [32mgithub.com/QuantumNous/new-api/zsy/runninghub/queue.go:203 [33mSLOW SQL >= 200ms
[0m[31;1m[323.083ms] [33m[rows:0][35m SELECT * FROM `rh_queued_tasks` WHERE created_at < ? ORDER BY created_at asc LIMIT 50[0m

2026/10/02 15:08:23 [32mgithub.com/QuantumNous/new-api/zsy/runninghub/queue.go:116 [33mSLOW SQL >= 200ms
[0m[31;1m[255.342ms] [33m[rows:0][35m SELECT * FROM `rh_queued_tasks` ORDER BY created_at asc, id asc LIMIT 20[0m

2026/10/02 15:08:26 [32mgithub.com/QuantumNous/new-api/zsy/runninghub/queue.go:203 [33mSLOW SQL >= 200ms
[0m[31;1m[328.457ms] [33m[rows:0][35m SELECT * FROM `rh_queued_tasks` WHERE created_at < ? ORDER BY created_at asc LIMIT 50[0m

2026/10/02 15:08:26 [32mgithub.com/QuantumNous/new-api/zsy/runninghub/queue.go:116 [33mSLOW SQL >= 200ms
[0m[31;1m[517.872ms] [33m[rows:0][35m SELECT * FROM `rh_queued_tasks` ORDER BY created_at asc, id asc LIMIT 20[0m

2026/10/02 15:08:29 [32mgithub.com/QuantumNous/new-api/zsy/runninghub/queue.go:203 [33mSLOW SQL >= 200ms
[0m[31;1m[875.836ms] [33m[rows:0][35m SELECT * FROM `rh_queued_tasks` WHERE created_at < ? ORDER BY created_at asc LIMIT 50[0m

2026/10/02 15:08:30 [32mgithub.com/QuantumNous/new-api/zsy/runninghub/queue.go:116 [33mSLOW SQL >= 200ms
[0m[31;1m[575.339ms] [33m[rows:0][35m SELECT * FROM `rh_queued_tasks` ORDER BY created_at asc, id asc LIMIT 20[0m

2026/10/02 15:08:32 [32mgithub.com/QuantumNous/new-api/zsy/runninghub/queue.go:203 [33mSLOW SQL >= 200ms
[0m[31;1m[408.729ms] [33m[rows:0][35m SELECT * FROM `rh_queued_tasks` WHERE created_at < ? ORDER BY created_at asc LIMIT 50[0m

2026/10/02 15:08:32 [32mgithub.com/QuantumNous/new-api/model/system_task.go:169 [33mSLOW SQL >= 200ms
[0m[31;1m[410.366ms] [33m[rows:0][35m SELECT * FROM `system_tasks` WHERE id IN (SELECT MIN(id) FROM `system_tasks` WHERE type IN (?,?,?,?,?) AND status = ? GROUP BY `type`)[0m

2026/10/02 15:08:33 [32mgithub.com/QuantumNous/new-api/model/system_instance.go:69 [33mSLOW SQL >= 200ms
[0m[31;1m[1524.680ms] [33m[rows:2][35m INSERT INTO `system_instances` (`node_name`,`info`,`started_at`,`last_seen_at`,`created_at`,`updated_at`) VALUES (?,?,?,?,?,?) ON DUPLICATE KEY UPDATE `info`=VALUES(`info`),`started_at`=VALUES(`started_at`),`last_seen_at`=VALUES(`last_seen_at`),`updated_at`=VALUES(`updated_at`)[0m

2026/10/02 15:08:35 [32mgithub.com/QuantumNous/new-api/zsy/runninghub/queue.go:203 [33mSLOW SQL >= 200ms
[0m[31;1m[1054.718ms] [33m[rows:0][35m SELECT * FROM `rh_queued_tasks` WHERE created_at < ? ORDER BY created_at asc LIMIT 50[0m

2026/10/02 15:08:40 [32mgithub.com/QuantumNous/new-api/zsy/runninghub/queue.go:203 [33mSLOW SQL >= 200ms
[0m[31;1m[216.362ms] [33m[rows:0][35m SELECT * FROM `rh_queued_tasks` WHERE created_at < ? ORDER BY created_at asc LIMIT 50[0m

2026/10/02 15:08:46 [32mgithub.com/QuantumNous/new-api/model/task.go:355 [33mSLOW SQL >= 200ms
[0m[31;1m[243.021ms] [33m[rows:0][35m SELECT `id` FROM `tasks` WHERE progress != ? AND status != ? AND status != ? LIMIT 1[0m

2026/10/02 15:08:47 [32mgithub.com/QuantumNous/new-api/model/system_task.go:216 [33mSLOW SQL >= 200ms
[0m[31;1m[210.780ms] [33m[rows:1][35m SELECT * FROM `system_tasks` WHERE id IN (SELECT MAX(id) FROM `system_tasks` WHERE type IN (?) GROUP BY `type`)[0m

2026/10/02 15:08:59 [32mgithub.com/QuantumNous/new-api/zsy/runninghub/queue.go:116 [33mSLOW SQL >= 200ms
[0m[31;1m[433.352ms] [33m[rows:0][35m SELECT * FROM `rh_queued_tasks` ORDER BY created_at asc, id asc LIMIT 20[0m

2026/10/02 15:09:02 [32mgithub.com/QuantumNous/new-api/model/db_time.go:16 [33mSLOW SQL >= 200ms
[0m[31;1m[396.024ms] [33m[rows:1][35m SELECT UNIX_TIMESTAMP()[0m

2026/10/02 15:09:02 [32mgithub.com/QuantumNous/new-api/model/system_instance.go:69 [33mSLOW SQL >= 200ms
[0m[31;1m[476.940ms] [33m[rows:2][35m INSERT INTO `system_instances` (`node_name`,`info`,`started_at`,`last_seen_at`,`created_at`,`updated_at`) VALUES (?,?,?,?,?,?) ON DUPLICATE KEY UPDATE `info`=VALUES(`info`),`started_at`=VALUES(`started_at`),`last_seen_at`=VALUES(`last_seen_at`),`updated_at`=VALUES(`updated_at`)[0m

2026/10/02 15:09:02 [32mgithub.com/QuantumNous/new-api/model/subscription.go:1437 [33mSLOW SQL >= 200ms
[0m[31;1m[357.300ms] [33m[rows:0][35m SELECT * FROM `user_subscriptions` WHERE next_reset_time > 0 AND next_reset_time <= ? AND status = ? ORDER BY next_reset_time asc LIMIT 300[0m

2026/10/02 15:09:17 [32mgithub.com/QuantumNous/new-api/zsy/runninghub/queue.go:203 [33mSLOW SQL >= 200ms
[0m[31;1m[343.521ms] [33m[rows:0][35m SELECT * FROM `rh_queued_tasks` WHERE created_at < ? ORDER BY created_at asc LIMIT 50[0m

2026/10/02 15:09:17 [32mgithub.com/QuantumNous/new-api/zsy/runninghub/queue.go:116 [33mSLOW SQL >= 200ms
[0m[31;1m[244.169ms] [33m[rows:0][35m SELECT * FROM `rh_queued_tasks` ORDER BY created_at asc, id asc LIMIT 20[0m

2026/10/02 15:09:17 [32mgithub.com/QuantumNous/new-api/model/midjourney.go:116 [33mSLOW SQL >= 200ms
[0m[31;1m[589.340ms] [33m[rows:0][35m SELECT `id` FROM `midjourneys` WHERE progress != ? LIMIT 1[0m

2026/10/02 15:09:17 [32mgithub.com/QuantumNous/new-api/model/task.go:355 [33mSLOW SQL >= 200ms
[0m[31;1m[333.881ms] [33m[rows:0][35m SELECT `id` FROM `tasks` WHERE progress != ? AND status != ? AND status != ? LIMIT 1[0m

2026/10/02 15:09:18 [32mgithub.com/QuantumNous/new-api/model/system_task.go:216 [33mSLOW SQL >= 200ms
[0m[31;1m[887.333ms] [33m[rows:1][35m SELECT * FROM `system_tasks` WHERE id IN (SELECT MAX(id) FROM `system_tasks` WHERE type IN (?) GROUP BY `type`)[0m

2026/10/02 15:09:18 [32mgithub.com/QuantumNous/new-api/model/system_task.go:169 [33mSLOW SQL >= 200ms
[0m[31;1m[221.329ms] [33m[rows:0][35m SELECT * FROM `system_tasks` WHERE id IN (SELECT MIN(id) FROM `system_tasks` WHERE type IN (?,?,?,?,?) AND status = ? GROUP BY `type`)[0m
[SYS] 2026/10/02 - 15:09:19 | syncing options from database 

2026/10/02 15:09:20 [32mgithub.com/QuantumNous/new-api/zsy/runninghub/queue.go:203 [33mSLOW SQL >= 200ms
[0m[31;1m[487.494ms] [33m[rows:0][35m SELECT * FROM `rh_queued_tasks` WHERE created_at < ? ORDER BY created_at asc LIMIT 50[0m

2026/10/02 15:09:20 [32mgithub.com/QuantumNous/new-api/model/option.go:26 [33mSLOW SQL >= 200ms
[0m[31;1m[978.771ms] [33m[rows:37][35m SELECT * FROM `options`[0m

2026/10/02 15:09:24 [32mgithub.com/QuantumNous/new-api/zsy/runninghub/queue.go:203 [33mSLOW SQL >= 200ms
[0m[31;1m[1748.951ms] [33m[rows:0][35m SELECT * FROM `rh_queued_tasks` WHERE created_at < ? ORDER BY created_at asc LIMIT 50[0m

2026/10/02 15:09:25 [32mgithub.com/QuantumNous/new-api/zsy/runninghub/queue.go:116 [33mSLOW SQL >= 200ms
[0m[31;1m[1133.466ms] [33m[rows:0][35m SELECT * FROM `rh_queued_tasks` ORDER BY created_at asc, id asc LIMIT 20[0m

2026/10/02 15:09:26 [32mgithub.com/QuantumNous/new-api/service/authz/adapter.go:23 [33mSLOW SQL >= 200ms
[0m[31;1m[4614.851ms] [33m[rows:3][35m SELECT * FROM `casbin_rule` ORDER BY id asc[0m

2026/10/02 15:09:26 [32mgithub.com/QuantumNous/new-api/zsy/runninghub/queue.go:203 [33mSLOW SQL >= 200ms
[0m[31;1m[1146.584ms] [33m[rows:0][35m SELECT * FROM `rh_queued_tasks` WHERE created_at < ? ORDER BY created_at asc LIMIT 50[0m

2026/10/02 15:09:27 [32mgithub.com/QuantumNous/new-api/zsy/runninghub/queue.go:116 [33mSLOW SQL >= 200ms
[0m[31;1m[278.353ms] [33m[rows:0][35m SELECT * FROM `rh_queued_tasks` ORDER BY created_at asc, id asc LIMIT 20[0m

2026/10/02 15:09:29 [32mgithub.com/QuantumNous/new-api/zsy/runninghub/queue.go:203 [33mSLOW SQL >= 200ms
[0m[31;1m[652.683ms] [33m[rows:0][35m SELECT * FROM `rh_queued_tasks` WHERE created_at < ? ORDER BY created_at asc LIMIT 50[0m

2026/10/02 15:09:30 [32mgithub.com/QuantumNous/new-api/zsy/runninghub/queue.go:116 [33mSLOW SQL >= 200ms
[0m[31;1m[880.534ms] [33m[rows:0][35m SELECT * FROM `rh_queued_tasks` ORDER BY created_at asc, id asc LIMIT 20[0m

2026/10/02 15:09:32 [32mgithub.com/QuantumNous/new-api/model/system_task.go:169 [33mSLOW SQL >= 200ms
[0m[31;1m[832.592ms] [33m[rows:0][35m SELECT * FROM `system_tasks` WHERE id IN (SELECT MIN(id) FROM `system_tasks` WHERE type IN (?,?,?,?,?) AND status = ? GROUP BY `type`)[0m

2026/10/02 15:09:32 [32mgithub.com/QuantumNous/new-api/zsy/runninghub/queue.go:203 [33mSLOW SQL >= 200ms
[0m[31;1m[1009.056ms] [33m[rows:0][35m SELECT * FROM `rh_queued_tasks` WHERE created_at < ? ORDER BY created_at asc LIMIT 50[0m

2026/10/02 15:09:33 [32mgithub.com/QuantumNous/new-api/zsy/runninghub/queue.go:116 [33mSLOW SQL >= 200ms
[0m[31;1m[592.141ms] [33m[rows:0][35m SELECT * FROM `rh_queued_tasks` ORDER BY created_at asc, id asc LIMIT 20[0m

2026/10/02 15:09:34 [32mgithub.com/QuantumNous/new-api/model/system_instance.go:69 [33mSLOW SQL >= 200ms
[0m[31;1m[2484.201ms] [33m[rows:2][35m INSERT INTO `system_instances` (`node_name`,`info`,`started_at`,`last_seen_at`,`created_at`,`updated_at`) VALUES (?,?,?,?,?,?) ON DUPLICATE KEY UPDATE `info`=VALUES(`info`),`started_at`=VALUES(`started_at`),`last_seen_at`=VALUES(`last_seen_at`),`updated_at`=VALUES(`updated_at`)[0m

2026/10/02 15:09:35 [32mgithub.com/QuantumNous/new-api/zsy/runninghub/queue.go:203 [33mSLOW SQL >= 200ms
[0m[31;1m[395.075ms] [33m[rows:0][35m SELECT * FROM `rh_queued_tasks` WHERE created_at < ? ORDER BY created_at asc LIMIT 50[0m

2026/10/02 15:09:35 [32mgithub.com/QuantumNous/new-api/zsy/runninghub/queue.go:116 [33mSLOW SQL >= 200ms
[0m[31;1m[292.340ms] [33m[rows:0][35m SELECT * FROM `rh_queued_tasks` ORDER BY created_at asc, id asc LIMIT 20[0m

2026/10/02 15:09:38 [32mgithub.com/QuantumNous/new-api/zsy/runninghub/queue.go:203 [33mSLOW SQL >= 200ms
[0m[31;1m[365.333ms] [33m[rows:0][35m SELECT * FROM `rh_queued_tasks` WHERE created_at < ? ORDER BY created_at asc LIMIT 50[0m

2026/10/02 15:09:41 [32mgithub.com/QuantumNous/new-api/zsy/runninghub/queue.go:203 [33mSLOW SQL >= 200ms
[0m[31;1m[540.180ms] [33m[rows:0][35m SELECT * FROM `rh_queued_tasks` WHERE created_at < ? ORDER BY created_at asc LIMIT 50[0m

2026/10/02 15:09:41 [32mgithub.com/QuantumNous/new-api/zsy/runninghub/queue.go:116 [33mSLOW SQL >= 200ms
[0m[31;1m[455.059ms] [33m[rows:0][35m SELECT * FROM `rh_queued_tasks` ORDER BY created_at asc, id asc LIMIT 20[0m

2026/10/02 15:09:44 [32mgithub.com/QuantumNous/new-api/zsy/runninghub/queue.go:203 [33mSLOW SQL >= 200ms
[0m[31;1m[303.095ms] [33m[rows:0][35m SELECT * FROM `rh_queued_tasks` WHERE created_at < ? ORDER BY created_at asc LIMIT 50[0m

2026/10/02 15:09:44 [32mgithub.com/QuantumNous/new-api/zsy/runninghub/queue.go:116 [33mSLOW SQL >= 200ms
[0m[31;1m[314.808ms] [33m[rows:0][35m SELECT * FROM `rh_queued_tasks` ORDER BY created_at asc, id asc LIMIT 20[0m

2026/10/02 15:09:47 [32mgithub.com/QuantumNous/new-api/zsy/runninghub/queue.go:203 [33mSLOW SQL >= 200ms
[0m[31;1m[291.409ms] [33m[rows:0][35m SELECT * FROM `rh_queued_tasks` WHERE created_at < ? ORDER BY created_at asc LIMIT 50[0m

2026/10/02 15:09:47 [32mgithub.com/QuantumNous/new-api/zsy/runninghub/queue.go:116 [33mSLOW SQL >= 200ms
[0m[31;1m[589.998ms] [33m[rows:0][35m SELECT * FROM `rh_queued_tasks` ORDER BY created_at asc, id asc LIMIT 20[0m

2026/10/02 15:09:48 [32mgithub.com/QuantumNous/new-api/model/system_task.go:362 [33mSLOW SQL >= 200ms
[0m[31;1m[1383.603ms] [33m[rows:0][35m SELECT * FROM `system_task_locks` WHERE locked_until < ?[0m

2026/10/02 15:09:48 [32mgithub.com/QuantumNous/new-api/model/midjourney.go:116 [33mSLOW SQL >= 200ms
[0m[31;1m[452.096ms] [33m[rows:0][35m SELECT `id` FROM `midjourneys` WHERE progress != ? LIMIT 1[0m

2026/10/02 15:09:49 [32mgithub.com/QuantumNous/new-api/model/task.go:355 [33mSLOW SQL >= 200ms
[0m[31;1m[478.124ms] [33m[rows:0][35m SELECT `id` FROM `tasks` WHERE progress != ? AND status != ? AND status != ? LIMIT 1[0m

2026/10/02 15:09:49 [32mgithub.com/QuantumNous/new-api/model/system_task.go:216 [33mSLOW SQL >= 200ms
[0m[31;1m[549.176ms] [33m[rows:1][35m SELECT * FROM `system_tasks` WHERE id IN (SELECT MAX(id) FROM `system_tasks` WHERE type IN (?) GROUP BY `type`)[0m

2026/10/02 15:09:50 [32mgithub.com/QuantumNous/new-api/model/system_task.go:169 [33mSLOW SQL >= 200ms
[0m[31;1m[681.780ms] [33m[rows:0][35m SELECT * FROM `system_tasks` WHERE id IN (SELECT MIN(id) FROM `system_tasks` WHERE type IN (?,?,?,?,?) AND status = ? GROUP BY `type`)[0m

2026/10/02 15:09:50 [32mgithub.com/QuantumNous/new-api/zsy/runninghub/queue.go:203 [33mSLOW SQL >= 200ms
[0m[31;1m[1209.656ms] [33m[rows:0][35m SELECT * FROM `rh_queued_tasks` WHERE created_at < ? ORDER BY created_at asc LIMIT 50[0m

2026/10/02 15:09:51 [32mgithub.com/QuantumNous/new-api/zsy/runninghub/queue.go:116 [33mSLOW SQL >= 200ms
[0m[31;1m[369.456ms] [33m[rows:0][35m SELECT * FROM `rh_queued_tasks` ORDER BY created_at asc, id asc LIMIT 20[0m

2026/10/02 15:09:56 [32mgithub.com/QuantumNous/new-api/zsy/runninghub/queue.go:203 [33mSLOW SQL >= 200ms
[0m[31;1m[702.913ms] [33m[rows:0][35m SELECT * FROM `rh_queued_tasks` WHERE created_at < ? ORDER BY created_at asc LIMIT 50[0m

2026/10/02 15:09:56 [32mgithub.com/QuantumNous/new-api/zsy/runninghub/queue.go:116 [33mSLOW SQL >= 200ms
[0m[31;1m[386.023ms] [33m[rows:0][35m SELECT * FROM `rh_queued_tasks` ORDER BY created_at asc, id asc LIMIT 20[0m

2026/10/02 15:09:58 [32mgithub.com/QuantumNous/new-api/zsy/runninghub/queue.go:203 [33mSLOW SQL >= 200ms
[0m[31;1m[214.930ms] [33m[rows:0][35m SELECT * FROM `rh_queued_tasks` WHERE created_at < ? ORDER BY created_at asc LIMIT 50[0m

2026/10/02 15:09:59 [32mgithub.com/QuantumNous/new-api/zsy/runninghub/queue.go:116 [33mSLOW SQL >= 200ms
[0m[31;1m[245.513ms] [33m[rows:0][35m SELECT * FROM `rh_queued_tasks` ORDER BY created_at asc, id asc LIMIT 20[0m

2026/10/02 15:10:02 [32mgithub.com/QuantumNous/new-api/model/midjourney.go:116 [33mSLOW SQL >= 200ms
[0m[31;1m[286.471ms] [33m[rows:0][35m SELECT `id` FROM `midjourneys` WHERE progress != ? LIMIT 1[0m

2026/10/02 15:10:02 [32mgithub.com/QuantumNous/new-api/zsy/runninghub/queue.go:203 [33mSLOW SQL >= 200ms
[0m[31;1m[287.104ms] [33m[rows:0][35m SELECT * FROM `rh_queued_tasks` WHERE created_at < ? ORDER BY created_at asc LIMIT 50[0m

2026/10/02 15:10:02 [32mgithub.com/QuantumNous/new-api/model/db_time.go:16 [33mSLOW SQL >= 200ms
[0m[31;1m[381.733ms] [33m[rows:1][35m SELECT UNIX_TIMESTAMP()[0m

2026/10/02 15:10:02 [32mgithub.com/QuantumNous/new-api/model/subscription.go:1149 [33mSLOW SQL >= 200ms
[0m[31;1m[207.427ms] [33m[rows:0][35m SELECT * FROM `user_subscriptions` WHERE status = ? AND end_time > 0 AND end_time <= ? ORDER BY end_time asc, id asc LIMIT 300[0m

2026/10/02 15:10:02 [32mgithub.com/QuantumNous/new-api/model/system_instance.go:69 [33mSLOW SQL >= 200ms
[0m[31;1m[664.986ms] [33m[rows:2][35m INSERT INTO `system_instances` (`node_name`,`info`,`started_at`,`last_seen_at`,`created_at`,`updated_at`) VALUES (?,?,?,?,?,?) ON DUPLICATE KEY UPDATE `info`=VALUES(`info`),`started_at`=VALUES(`started_at`),`last_seen_at`=VALUES(`last_seen_at`),`updated_at`=VALUES(`updated_at`)[0m

2026/10/02 15:10:03 [32mgithub.com/QuantumNous/new-api/model/subscription.go:1437 [33mSLOW SQL >= 200ms
[0m[31;1m[1010.744ms] [33m[rows:0][35m SELECT * FROM `user_subscriptions` WHERE next_reset_time > 0 AND next_reset_time <= ? AND status = ? ORDER BY next_reset_time asc LIMIT 300[0m

2026/10/02 15:10:05 [32mgithub.com/QuantumNous/new-api/zsy/runninghub/queue.go:203 [33mSLOW SQL >= 200ms
[0m[31;1m[461.859ms] [33m[rows:0][35m SELECT * FROM `rh_queued_tasks` WHERE created_at < ? ORDER BY created_at asc LIMIT 50[0m

2026/10/02 15:10:14 [32mgithub.com/QuantumNous/new-api/zsy/runninghub/queue.go:116 [33mSLOW SQL >= 200ms
[0m[31;1m[473.646ms] [33m[rows:0][35m SELECT * FROM `rh_queued_tasks` ORDER BY created_at asc, id asc LIMIT 20[0m

2026/10/02 15:10:17 [32mgithub.com/QuantumNous/new-api/zsy/runninghub/queue.go:116 [33mSLOW SQL >= 200ms
[0m[31;1m[368.656ms] [33m[rows:0][35m SELECT * FROM `rh_queued_tasks` ORDER BY created_at asc, id asc LIMIT 20[0m

2026/10/02 15:10:17 [32mgithub.com/QuantumNous/new-api/model/system_task.go:362 [33mSLOW SQL >= 200ms
[0m[31;1m[480.910ms] [33m[rows:0][35m SELECT * FROM `system_task_locks` WHERE locked_until < ?[0m

2026/10/02 15:10:17 [32mgithub.com/QuantumNous/new-api/model/midjourney.go:116 [33mSLOW SQL >= 200ms
[0m[31;1m[551.715ms] [33m[rows:0][35m SELECT `id` FROM `midjourneys` WHERE progress != ? LIMIT 1[0m

2026/10/02 15:10:18 [32mgithub.com/QuantumNous/new-api/model/system_task.go:216 [33mSLOW SQL >= 200ms
[0m[31;1m[220.598ms] [33m[rows:1][35m SELECT * FROM `system_tasks` WHERE id IN (SELECT MAX(id) FROM `system_tasks` WHERE type IN (?) GROUP BY `type`)[0m

2026/10/02 15:10:18 [32mgithub.com/QuantumNous/new-api/model/system_task.go:169 [33mSLOW SQL >= 200ms
[0m[31;1m[246.168ms] [33m[rows:0][35m SELECT * FROM `system_tasks` WHERE id IN (SELECT MIN(id) FROM `system_tasks` WHERE type IN (?,?,?,?,?) AND status = ? GROUP BY `type`)[0m

2026/10/02 15:10:20 [32mgithub.com/QuantumNous/new-api/zsy/runninghub/queue.go:203 [33mSLOW SQL >= 200ms
[0m[31;1m[357.268ms] [33m[rows:0][35m SELECT * FROM `rh_queued_tasks` WHERE created_at < ? ORDER BY created_at asc LIMIT 50[0m

2026/10/02 15:10:20 [32mgithub.com/QuantumNous/new-api/zsy/runninghub/queue.go:116 [33mSLOW SQL >= 200ms
[0m[31;1m[218.553ms] [33m[rows:0][35m SELECT * FROM `rh_queued_tasks` ORDER BY created_at asc, id asc LIMIT 20[0m
[SYS] 2026/10/02 - 15:10:20 | syncing options from database 

2026/10/02 15:10:21 [32mgithub.com/QuantumNous/new-api/model/option.go:26 [33mSLOW SQL >= 200ms
[0m[31;1m[475.497ms] [33m[rows:37][35m SELECT * FROM `options`[0m

2026/10/02 15:10:23 [32mgithub.com/QuantumNous/new-api/zsy/runninghub/queue.go:116 [33mSLOW SQL >= 200ms
[0m[31;1m[274.057ms] [33m[rows:0][35m SELECT * FROM `rh_queued_tasks` ORDER BY created_at asc, id asc LIMIT 20[0m

2026/10/02 15:10:29 [32mgithub.com/QuantumNous/new-api/zsy/runninghub/queue.go:203 [33mSLOW SQL >= 200ms
[0m[31;1m[682.668ms] [33m[rows:0][35m SELECT * FROM `rh_queued_tasks` WHERE created_at < ? ORDER BY created_at asc LIMIT 50[0m

2026/10/02 15:10:29 [32mgithub.com/QuantumNous/new-api/zsy/runninghub/queue.go:116 [33mSLOW SQL >= 200ms
[0m[31;1m[387.390ms] [33m[rows:0][35m SELECT * FROM `rh_queued_tasks` ORDER BY created_at asc, id asc LIMIT 20[0m

2026/10/02 15:10:32 [32mgithub.com/QuantumNous/new-api/model/system_instance.go:69 [33mSLOW SQL >= 200ms
[0m[31;1m[379.768ms] [33m[rows:2][35m INSERT INTO `system_instances` (`node_name`,`info`,`started_at`,`last_seen_at`,`created_at`,`updated_at`) VALUES (?,?,?,?,?,?) ON DUPLICATE KEY UPDATE `info`=VALUES(`info`),`started_at`=VALUES(`started_at`),`last_seen_at`=VALUES(`last_seen_at`),`updated_at`=VALUES(`updated_at`)[0m

2026/10/02 15:10:32 [32mgithub.com/QuantumNous/new-api/model/midjourney.go:116 [33mSLOW SQL >= 200ms
[0m[31;1m[1001.329ms] [33m[rows:0][35m SELECT `id` FROM `midjourneys` WHERE progress != ? LIMIT 1[0m

2026/10/02 15:10:33 [32mgithub.com/QuantumNous/new-api/model/system_task.go:216 [33mSLOW SQL >= 200ms
[0m[31;1m[369.830ms] [33m[rows:1][35m SELECT * FROM `system_tasks` WHERE id IN (SELECT MAX(id) FROM `system_tasks` WHERE type IN (?) GROUP BY `type`)[0m

2026/10/02 15:10:33 [32mgithub.com/QuantumNous/new-api/model/system_task.go:169 [33mSLOW SQL >= 200ms
[0m[31;1m[487.540ms] [33m[rows:0][35m SELECT * FROM `system_tasks` WHERE id IN (SELECT MIN(id) FROM `system_tasks` WHERE type IN (?,?,?,?,?) AND status = ? GROUP BY `type`)[0m

2026/10/02 15:10:40 [32mgithub.com/QuantumNous/new-api/zsy/runninghub/queue.go:203 [33mSLOW SQL >= 200ms
[0m[31;1m[206.305ms] [33m[rows:0][35m SELECT * FROM `rh_queued_tasks` WHERE created_at < ? ORDER BY created_at asc LIMIT 50[0m

2026/10/02 15:10:41 [32mgithub.com/QuantumNous/new-api/zsy/runninghub/queue.go:116 [33mSLOW SQL >= 200ms
[0m[31;1m[300.651ms] [33m[rows:0][35m SELECT * FROM `rh_queued_tasks` ORDER BY created_at asc, id asc LIMIT 20[0m

2026/10/02 15:10:44 [32mgithub.com/QuantumNous/new-api/zsy/runninghub/queue.go:203 [33mSLOW SQL >= 200ms
[0m[31;1m[378.182ms] [33m[rows:0][35m SELECT * FROM `rh_queued_tasks` WHERE created_at < ? ORDER BY created_at asc LIMIT 50[0m

2026/10/02 15:10:47 [32mgithub.com/QuantumNous/new-api/zsy/runninghub/queue.go:203 [33mSLOW SQL >= 200ms
[0m[31;1m[917.294ms] [33m[rows:0][35m SELECT * FROM `rh_queued_tasks` WHERE created_at < ? ORDER BY created_at asc LIMIT 50[0m

2026/10/02 15:10:50 [32mgithub.com/QuantumNous/new-api/zsy/runninghub/queue.go:203 [33mSLOW SQL >= 200ms
[0m[31;1m[1163.248ms] [33m[rows:0][35m SELECT * FROM `rh_queued_tasks` WHERE created_at < ? ORDER BY created_at asc LIMIT 50[0m

2026/10/02 15:10:53 [32mgithub.com/QuantumNous/new-api/zsy/runninghub/queue.go:116 [33mSLOW SQL >= 200ms
[0m[31;1m[300.904ms] [33m[rows:0][35m SELECT * FROM `rh_queued_tasks` ORDER BY created_at asc, id asc LIMIT 20[0m

2026/10/02 15:10:56 [32mgithub.com/QuantumNous/new-api/zsy/runninghub/queue.go:116 [33mSLOW SQL >= 200ms
[0m[31;1m[201.303ms] [33m[rows:0][35m SELECT * FROM `rh_queued_tasks` ORDER BY created_at asc, id asc LIMIT 20[0m
[SYS] 2026/10/02 - 15:11:01 | 正在更新数据看板数据... 
[SYS] 2026/10/02 - 15:11:01 | 保存数据看板数据成功，共保存0条数据 

2026/10/02 15:11:02 [32mgithub.com/QuantumNous/new-api/model/system_task.go:362 [33mSLOW SQL >= 200ms
[0m[31;1m[516.866ms] [33m[rows:0][35m SELECT * FROM `system_task_locks` WHERE locked_until < ?[0m

2026/10/02 15:11:02 [32mgithub.com/QuantumNous/new-api/model/db_time.go:16 [33mSLOW SQL >= 200ms
[0m[31;1m[518.158ms] [33m[rows:1][35m SELECT UNIX_TIMESTAMP()[0m

2026/10/02 15:11:02 [32mgithub.com/QuantumNous/new-api/model/subscription.go:1149 [33mSLOW SQL >= 200ms
[0m[31;1m[332.725ms] [33m[rows:0][35m SELECT * FROM `user_subscriptions` WHERE status = ? AND end_time > 0 AND end_time <= ? ORDER BY end_time asc, id asc LIMIT 300[0m

2026/10/02 15:11:02 [32mgithub.com/QuantumNous/new-api/model/system_task.go:216 [33mSLOW SQL >= 200ms
[0m[31;1m[247.488ms] [33m[rows:1][35m SELECT * FROM `system_tasks` WHERE id IN (SELECT MAX(id) FROM `system_tasks` WHERE type IN (?) GROUP BY `type`)[0m

2026/10/02 15:11:02 [32mgithub.com/QuantumNous/new-api/model/db_time.go:16 [33mSLOW SQL >= 200ms
[0m[31;1m[381.403ms] [33m[rows:1][35m SELECT UNIX_TIMESTAMP()[0m

2026/10/02 15:11:03 [32mgithub.com/QuantumNous/new-api/model/system_task.go:169 [33mSLOW SQL >= 200ms
[0m[31;1m[369.444ms] [33m[rows:0][35m SELECT * FROM `system_tasks` WHERE id IN (SELECT MIN(id) FROM `system_tasks` WHERE type IN (?,?,?,?,?) AND status = ? GROUP BY `type`)[0m

2026/10/02 15:11:03 [32mgithub.com/QuantumNous/new-api/model/subscription.go:1437 [33mSLOW SQL >= 200ms
[0m[31;1m[921.313ms] [33m[rows:0][35m SELECT * FROM `user_subscriptions` WHERE next_reset_time > 0 AND next_reset_time <= ? AND status = ? ORDER BY next_reset_time asc LIMIT 300[0m

2026/10/02 15:11:04 [32mgithub.com/QuantumNous/new-api/zsy/runninghub/queue.go:203 [33mSLOW SQL >= 200ms
[0m[31;1m[2515.206ms] [33m[rows:0][35m SELECT * FROM `rh_queued_tasks` WHERE created_at < ? ORDER BY created_at asc LIMIT 50[0m

2026/10/02 15:11:04 [32mgithub.com/QuantumNous/new-api/zsy/runninghub/queue.go:116 [33mSLOW SQL >= 200ms
[0m[31;1m[231.051ms] [33m[rows:0][35m SELECT * FROM `rh_queued_tasks` ORDER BY created_at asc, id asc LIMIT 20[0m

2026/10/02 15:11:04 [32mgithub.com/QuantumNous/new-api/model/system_instance.go:69 [33mSLOW SQL >= 200ms
[0m[31;1m[2370.540ms] [33m[rows:2][35m INSERT INTO `system_instances` (`node_name`,`info`,`started_at`,`last_seen_at`,`created_at`,`updated_at`) VALUES (?,?,?,?,?,?) ON DUPLICATE KEY UPDATE `info`=VALUES(`info`),`started_at`=VALUES(`started_at`),`last_seen_at`=VALUES(`last_seen_at`),`updated_at`=VALUES(`updated_at`)[0m

2026/10/02 15:11:07 [32mgithub.com/QuantumNous/new-api/zsy/runninghub/queue.go:203 [33mSLOW SQL >= 200ms
[0m[31;1m[202.941ms] [33m[rows:0][35m SELECT * FROM `rh_queued_tasks` WHERE created_at < ? ORDER BY created_at asc LIMIT 50[0m

2026/10/02 15:11:08 [32mgithub.com/QuantumNous/new-api/zsy/runninghub/queue.go:116 [33mSLOW SQL >= 200ms
[0m[31;1m[725.497ms] [33m[rows:0][35m SELECT * FROM `rh_queued_tasks` ORDER BY created_at asc, id asc LIMIT 20[0m

2026/10/02 15:11:11 [32mgithub.com/QuantumNous/new-api/zsy/runninghub/queue.go:203 [33mSLOW SQL >= 200ms
[0m[31;1m[906.886ms] [33m[rows:0][35m SELECT * FROM `rh_queued_tasks` WHERE created_at < ? ORDER BY created_at asc LIMIT 50[0m

2026/10/02 15:11:14 [32mgithub.com/QuantumNous/new-api/zsy/runninghub/queue.go:203 [33mSLOW SQL >= 200ms
[0m[31;1m[289.990ms] [33m[rows:0][35m SELECT * FROM `rh_queued_tasks` WHERE created_at < ? ORDER BY created_at asc LIMIT 50[0m

2026/10/02 15:11:17 [32mgithub.com/QuantumNous/new-api/model/system_task.go:169 [33mSLOW SQL >= 200ms
[0m[31;1m[1192.117ms] [33m[rows:0][35m SELECT * FROM `system_tasks` WHERE id IN (SELECT MIN(id) FROM `system_tasks` WHERE type IN (?,?,?,?,?) AND status = ? GROUP BY `type`)[0m

2026/10/02 15:11:18 [32mgithub.com/QuantumNous/new-api/zsy/runninghub/queue.go:203 [33mSLOW SQL >= 200ms
[0m[31;1m[1272.650ms] [33m[rows:0][35m SELECT * FROM `rh_queued_tasks` WHERE created_at < ? ORDER BY created_at asc LIMIT 50[0m

2026/10/02 15:11:18 [32mgithub.com/QuantumNous/new-api/zsy/runninghub/queue.go:116 [33mSLOW SQL >= 200ms
[0m[31;1m[658.517ms] [33m[rows:0][35m SELECT * FROM `rh_queued_tasks` ORDER BY created_at asc, id asc LIMIT 20[0m

2026/10/02 15:11:20 [32mgithub.com/QuantumNous/new-api/zsy/runninghub/queue.go:203 [33mSLOW SQL >= 200ms
[0m[31;1m[281.205ms] [33m[rows:0][35m SELECT * FROM `rh_queued_tasks` WHERE created_at < ? ORDER BY created_at asc LIMIT 50[0m
[SYS] 2026/10/02 - 15:11:21 | syncing options from database 

2026/10/02 15:11:21 [32mgithub.com/QuantumNous/new-api/model/option.go:26 [33mSLOW SQL >= 200ms
[0m[31;1m[427.601ms] [33m[rows:37][35m SELECT * FROM `options`[0m

2026/10/02 15:11:22 [32mgithub.com/QuantumNous/new-api/zsy/runninghub/queue.go:203 [33mSLOW SQL >= 200ms
[0m[31;1m[226.864ms] [33m[rows:0][35m SELECT * FROM `rh_queued_tasks` WHERE created_at < ? ORDER BY created_at asc LIMIT 50[0m

2026/10/02 15:11:26 [32mgithub.com/QuantumNous/new-api/zsy/runninghub/queue.go:203 [33mSLOW SQL >= 200ms
[0m[31;1m[475.470ms] [33m[rows:0][35m SELECT * FROM `rh_queued_tasks` WHERE created_at < ? ORDER BY created_at asc LIMIT 50[0m

2026/10/02 15:11:26 [32mgithub.com/QuantumNous/new-api/zsy/runninghub/queue.go:116 [33mSLOW SQL >= 200ms
[0m[31;1m[496.872ms] [33m[rows:0][35m SELECT * FROM `rh_queued_tasks` ORDER BY created_at asc, id asc LIMIT 20[0m

2026/10/02 15:11:27 [32mgithub.com/QuantumNous/new-api/service/authz/adapter.go:23 [33mSLOW SQL >= 200ms
[0m[31;1m[882.505ms] [33m[rows:3][35m SELECT * FROM `casbin_rule` ORDER BY id asc[0m

2026/10/02 15:11:29 [32mgithub.com/QuantumNous/new-api/zsy/runninghub/queue.go:203 [33mSLOW SQL >= 200ms
[0m[31;1m[318.358ms] [33m[rows:0][35m SELECT * FROM `rh_queued_tasks` WHERE created_at < ? ORDER BY created_at asc LIMIT 50[0m

2026/10/02 15:11:32 [32mgithub.com/QuantumNous/new-api/zsy/runninghub/queue.go:203 [33mSLOW SQL >= 200ms
[0m[31;1m[541.254ms] [33m[rows:0][35m SELECT * FROM `rh_queued_tasks` WHERE created_at < ? ORDER BY created_at asc LIMIT 50[0m

2026/10/02 15:11:32 [32mgithub.com/QuantumNous/new-api/model/task.go:355 [33mSLOW SQL >= 200ms
[0m[31;1m[819.373ms] [33m[rows:0][35m SELECT `id` FROM `tasks` WHERE progress != ? AND status != ? AND status != ? LIMIT 1[0m

2026/10/02 15:11:32 [32mgithub.com/QuantumNous/new-api/model/system_instance.go:69 [33mSLOW SQL >= 200ms
[0m[31;1m[534.693ms] [33m[rows:2][35m INSERT INTO `system_instances` (`node_name`,`info`,`started_at`,`last_seen_at`,`created_at`,`updated_at`) VALUES (?,?,?,?,?,?) ON DUPLICATE KEY UPDATE `info`=VALUES(`info`),`started_at`=VALUES(`started_at`),`last_seen_at`=VALUES(`last_seen_at`),`updated_at`=VALUES(`updated_at`)[0m

2026/10/02 15:11:33 [32mgithub.com/QuantumNous/new-api/model/system_task.go:216 [33mSLOW SQL >= 200ms
[0m[31;1m[310.646ms] [33m[rows:1][35m SELECT * FROM `system_tasks` WHERE id IN (SELECT MAX(id) FROM `system_tasks` WHERE type IN (?) GROUP BY `type`)[0m

2026/10/02 15:11:35 [32mgithub.com/QuantumNous/new-api/zsy/runninghub/queue.go:203 [33mSLOW SQL >= 200ms
[0m[31;1m[611.782ms] [33m[rows:0][35m SELECT * FROM `rh_queued_tasks` WHERE created_at < ? ORDER BY created_at asc LIMIT 50[0m

2026/10/02 15:11:35 [32mgithub.com/QuantumNous/new-api/zsy/runninghub/queue.go:116 [33mSLOW SQL >= 200ms
[0m[31;1m[527.198ms] [33m[rows:0][35m SELECT * FROM `rh_queued_tasks` ORDER BY created_at asc, id asc LIMIT 20[0m

2026/10/02 15:11:41 [32mgithub.com/QuantumNous/new-api/zsy/runninghub/queue.go:116 [33mSLOW SQL >= 200ms
[0m[31;1m[204.131ms] [33m[rows:0][35m SELECT * FROM `rh_queued_tasks` ORDER BY created_at asc, id asc LIMIT 20[0m

2026/10/02 15:11:44 [32mgithub.com/QuantumNous/new-api/zsy/runninghub/queue.go:116 [33mSLOW SQL >= 200ms
[0m[31;1m[719.590ms] [33m[rows:0][35m SELECT * FROM `rh_queued_tasks` ORDER BY created_at asc, id asc LIMIT 20[0m

2026/10/02 15:11:47 [32mgithub.com/QuantumNous/new-api/zsy/runninghub/queue.go:203 [33mSLOW SQL >= 200ms
[0m[31;1m[357.053ms] [33m[rows:0][35m SELECT * FROM `rh_queued_tasks` WHERE created_at < ? ORDER BY created_at asc LIMIT 50[0m

2026/10/02 15:11:47 [32mgithub.com/QuantumNous/new-api/zsy/runninghub/queue.go:116 [33mSLOW SQL >= 200ms
[0m[31;1m[250.405ms] [33m[rows:0][35m SELECT * FROM `rh_queued_tasks` ORDER BY created_at asc, id asc LIMIT 20[0m

2026/10/02 15:11:48 [32mgithub.com/QuantumNous/new-api/model/system_task.go:362 [33mSLOW SQL >= 200ms
[0m[31;1m[1415.124ms] [33m[rows:0][35m SELECT * FROM `system_task_locks` WHERE locked_until < ?[0m

2026/10/02 15:11:49 [32mgithub.com/QuantumNous/new-api/zsy/runninghub/queue.go:203 [33mSLOW SQL >= 200ms
[0m[31;1m[214.662ms] [33m[rows:0][35m SELECT * FROM `rh_queued_tasks` WHERE created_at < ? ORDER BY created_at asc LIMIT 50[0m

2026/10/02 15:11:53 [32mgithub.com/QuantumNous/new-api/zsy/runninghub/queue.go:116 [33mSLOW SQL >= 200ms
[0m[31;1m[625.663ms] [33m[rows:0][35m SELECT * FROM `rh_queued_tasks` ORDER BY created_at asc, id asc LIMIT 20[0m

2026/10/02 15:11:56 [32mgithub.com/QuantumNous/new-api/zsy/runninghub/queue.go:203 [33mSLOW SQL >= 200ms
[0m[31;1m[566.868ms] [33m[rows:0][35m SELECT * FROM `rh_queued_tasks` WHERE created_at < ? ORDER BY created_at asc LIMIT 50[0m

2026/10/02 15:11:59 [32mgithub.com/QuantumNous/new-api/zsy/runninghub/queue.go:203 [33mSLOW SQL >= 200ms
[0m[31;1m[266.011ms] [33m[rows:0][35m SELECT * FROM `rh_queued_tasks` WHERE created_at < ? ORDER BY created_at asc LIMIT 50[0m

2026/10/02 15:11:59 [32mgithub.com/QuantumNous/new-api/zsy/runninghub/queue.go:116 [33mSLOW SQL >= 200ms
[0m[31;1m[526.604ms] [33m[rows:0][35m SELECT * FROM `rh_queued_tasks` ORDER BY created_at asc, id asc LIMIT 20[0m

2026/10/02 15:12:02 [32mgithub.com/QuantumNous/new-api/model/subscription.go:1149 [33mSLOW SQL >= 200ms
[0m[31;1m[318.843ms] [33m[rows:0][35m SELECT * FROM `user_subscriptions` WHERE status = ? AND end_time > 0 AND end_time <= ? ORDER BY end_time asc, id asc LIMIT 300[0m

2026/10/02 15:12:02 [32mgithub.com/QuantumNous/new-api/model/system_task.go:169 [33mSLOW SQL >= 200ms
[0m[31;1m[207.526ms] [33m[rows:0][35m SELECT * FROM `system_tasks` WHERE id IN (SELECT MIN(id) FROM `system_tasks` WHERE type IN (?,?,?,?,?) AND status = ? GROUP BY `type`)[0m

2026/10/02 15:12:02 [32mgithub.com/QuantumNous/new-api/model/db_time.go:16 [33mSLOW SQL >= 200ms
[0m[31;1m[310.909ms] [33m[rows:1][35m SELECT UNIX_TIMESTAMP()[0m

2026/10/02 15:12:03 [32mgithub.com/QuantumNous/new-api/model/subscription.go:1437 [33mSLOW SQL >= 200ms
[0m[31;1m[440.825ms] [33m[rows:0][35m SELECT * FROM `user_subscriptions` WHERE next_reset_time > 0 AND next_reset_time <= ? AND status = ? ORDER BY next_reset_time asc LIMIT 300[0m

2026/10/02 15:12:03 [32mgithub.com/QuantumNous/new-api/zsy/runninghub/queue.go:203 [33mSLOW SQL >= 200ms
[0m[31;1m[1641.716ms] [33m[rows:0][35m SELECT * FROM `rh_queued_tasks` WHERE created_at < ? ORDER BY created_at asc LIMIT 50[0m

2026/10/02 15:12:04 [32mgithub.com/QuantumNous/new-api/zsy/runninghub/queue.go:116 [33mSLOW SQL >= 200ms
[0m[31;1m[723.043ms] [33m[rows:0][35m SELECT * FROM `rh_queued_tasks` ORDER BY created_at asc, id asc LIMIT 20[0m

2026/10/02 15:12:05 [32mgithub.com/QuantumNous/new-api/zsy/runninghub/queue.go:203 [33mSLOW SQL >= 200ms
[0m[31;1m[962.113ms] [33m[rows:0][35m SELECT * FROM `rh_queued_tasks` WHERE created_at < ? ORDER BY created_at asc LIMIT 50[0m

2026/10/02 15:12:05 [32mgithub.com/QuantumNous/new-api/model/system_instance.go:69 [33mSLOW SQL >= 200ms
[0m[31;1m[3608.194ms] [33m[rows:2][35m INSERT INTO `system_instances` (`node_name`,`info`,`started_at`,`last_seen_at`,`created_at`,`updated_at`) VALUES (?,?,?,?,?,?) ON DUPLICATE KEY UPDATE `info`=VALUES(`info`),`started_at`=VALUES(`started_at`),`last_seen_at`=VALUES(`last_seen_at`),`updated_at`=VALUES(`updated_at`)[0m

2026/10/02 15:12:11 [32mgithub.com/QuantumNous/new-api/zsy/runninghub/queue.go:203 [33mSLOW SQL >= 200ms
[0m[31;1m[445.779ms] [33m[rows:0][35m SELECT * FROM `rh_queued_tasks` WHERE created_at < ? ORDER BY created_at asc LIMIT 50[0m

2026/10/02 15:12:12 [32mgithub.com/QuantumNous/new-api/zsy/runninghub/queue.go:116 [33mSLOW SQL >= 200ms
[0m[31;1m[849.729ms] [33m[rows:0][35m SELECT * FROM `rh_queued_tasks` ORDER BY created_at asc, id asc LIMIT 20[0m

2026/10/02 15:12:14 [32mgithub.com/QuantumNous/new-api/zsy/runninghub/queue.go:203 [33mSLOW SQL >= 200ms
[0m[31;1m[569.578ms] [33m[rows:0][35m SELECT * FROM `rh_queued_tasks` WHERE created_at < ? ORDER BY created_at asc LIMIT 50[0m

2026/10/02 15:12:14 [32mgithub.com/QuantumNous/new-api/zsy/runninghub/queue.go:116 [33mSLOW SQL >= 200ms
[0m[31;1m[567.900ms] [33m[rows:0][35m SELECT * FROM `rh_queued_tasks` ORDER BY created_at asc, id asc LIMIT 20[0m

2026/10/02 15:12:17 [32mgithub.com/QuantumNous/new-api/zsy/runninghub/queue.go:116 [33mSLOW SQL >= 200ms
[0m[31;1m[852.985ms] [33m[rows:0][35m SELECT * FROM `rh_queued_tasks` ORDER BY created_at asc, id asc LIMIT 20[0m
[SYS] 2026/10/02 - 15:12:21 | syncing options from database 

2026/10/02 15:12:22 [32mgithub.com/QuantumNous/new-api/model/option.go:26 [33mSLOW SQL >= 200ms
[0m[31;1m[394.814ms] [33m[rows:37][35m SELECT * FROM `options`[0m

2026/10/02 15:12:23 [32mgithub.com/QuantumNous/new-api/zsy/runninghub/queue.go:203 [33mSLOW SQL >= 200ms
[0m[31;1m[325.115ms] [33m[rows:0][35m SELECT * FROM `rh_queued_tasks` WHERE created_at < ? ORDER BY created_at asc LIMIT 50[0m

2026/10/02 15:12:23 [32mgithub.com/QuantumNous/new-api/zsy/runninghub/queue.go:116 [33mSLOW SQL >= 200ms
[0m[31;1m[326.942ms] [33m[rows:0][35m SELECT * FROM `rh_queued_tasks` ORDER BY created_at asc, id asc LIMIT 20[0m

2026/10/02 15:12:26 [32mgithub.com/QuantumNous/new-api/zsy/runninghub/queue.go:203 [33mSLOW SQL >= 200ms
[0m[31;1m[495.681ms] [33m[rows:0][35m SELECT * FROM `rh_queued_tasks` WHERE created_at < ? ORDER BY created_at asc LIMIT 50[0m

2026/10/02 15:12:26 [32mgithub.com/QuantumNous/new-api/zsy/runninghub/queue.go:116 [33mSLOW SQL >= 200ms
[0m[31;1m[237.370ms] [33m[rows:0][35m SELECT * FROM `rh_queued_tasks` ORDER BY created_at asc, id asc LIMIT 20[0m

2026/10/02 15:12:31 [32mgithub.com/QuantumNous/new-api/model/system_task.go:362 [33mSLOW SQL >= 200ms
[0m[31;1m[231.200ms] [33m[rows:0][35m SELECT * FROM `system_task_locks` WHERE locked_until < ?[0m

2026/10/02 15:12:32 [32mgithub.com/QuantumNous/new-api/model/task.go:355 [33mSLOW SQL >= 200ms
[0m[31;1m[318.887ms] [33m[rows:0][35m SELECT `id` FROM `tasks` WHERE progress != ? AND status != ? AND status != ? LIMIT 1[0m

2026/10/02 15:12:32 [32mgithub.com/QuantumNous/new-api/model/system_task.go:216 [33mSLOW SQL >= 200ms
[0m[31;1m[454.934ms] [33m[rows:1][35m SELECT * FROM `system_tasks` WHERE id IN (SELECT MAX(id) FROM `system_tasks` WHERE type IN (?) GROUP BY `type`)[0m

2026/10/02 15:12:32 [32mgithub.com/QuantumNous/new-api/model/system_instance.go:69 [33mSLOW SQL >= 200ms
[0m[31;1m[714.644ms] [33m[rows:2][35m INSERT INTO `system_instances` (`node_name`,`info`,`started_at`,`last_seen_at`,`created_at`,`updated_at`) VALUES (?,?,?,?,?,?) ON DUPLICATE KEY UPDATE `info`=VALUES(`info`),`started_at`=VALUES(`started_at`),`last_seen_at`=VALUES(`last_seen_at`),`updated_at`=VALUES(`updated_at`)[0m

2026/10/02 15:12:33 [32mgithub.com/QuantumNous/new-api/model/system_task.go:169 [33mSLOW SQL >= 200ms
[0m[31;1m[814.174ms] [33m[rows:0][35m SELECT * FROM `system_tasks` WHERE id IN (SELECT MIN(id) FROM `system_tasks` WHERE type IN (?,?,?,?,?) AND status = ? GROUP BY `type`)[0m

2026/10/02 15:12:38 [32mgithub.com/QuantumNous/new-api/zsy/runninghub/queue.go:203 [33mSLOW SQL >= 200ms
[0m[31;1m[432.781ms] [33m[rows:0][35m SELECT * FROM `rh_queued_tasks` WHERE created_at < ? ORDER BY created_at asc LIMIT 50[0m

2026/10/02 15:12:39 [32mgithub.com/QuantumNous/new-api/zsy/runninghub/queue.go:116 [33mSLOW SQL >= 200ms
[0m[31;1m[843.484ms] [33m[rows:0][35m SELECT * FROM `rh_queued_tasks` ORDER BY created_at asc, id asc LIMIT 20[0m

2026/10/02 15:12:47 [32mgithub.com/QuantumNous/new-api/zsy/runninghub/queue.go:203 [33mSLOW SQL >= 200ms
[0m[31;1m[710.501ms] [33m[rows:0][35m SELECT * FROM `rh_queued_tasks` WHERE created_at < ? ORDER BY created_at asc LIMIT 50[0m

2026/10/02 15:12:47 [32mgithub.com/QuantumNous/new-api/model/midjourney.go:116 [33mSLOW SQL >= 200ms
[0m[31;1m[819.074ms] [33m[rows:0][35m SELECT `id` FROM `midjourneys` WHERE progress != ? LIMIT 1[0m

2026/10/02 15:12:47 [32mgithub.com/QuantumNous/new-api/model/system_task.go:216 [33mSLOW SQL >= 200ms
[0m[31;1m[220.338ms] [33m[rows:1][35m SELECT * FROM `system_tasks` WHERE id IN (SELECT MAX(id) FROM `system_tasks` WHERE type IN (?) GROUP BY `type`)[0m

2026/10/02 15:12:50 [32mgithub.com/QuantumNous/new-api/zsy/runninghub/queue.go:116 [33mSLOW SQL >= 200ms
[0m[31;1m[453.291ms] [33m[rows:0][35m SELECT * FROM `rh_queued_tasks` ORDER BY created_at asc, id asc LIMIT 20[0m

2026/10/02 15:12:53 [32mgithub.com/QuantumNous/new-api/zsy/runninghub/queue.go:116 [33mSLOW SQL >= 200ms
[0m[31;1m[235.900ms] [33m[rows:0][35m SELECT * FROM `rh_queued_tasks` ORDER BY created_at asc, id asc LIMIT 20[0m

2026/10/02 15:12:55 [32mgithub.com/QuantumNous/new-api/zsy/runninghub/queue.go:203 [33mSLOW SQL >= 200ms
[0m[31;1m[222.824ms] [33m[rows:0][35m SELECT * FROM `rh_queued_tasks` WHERE created_at < ? ORDER BY created_at asc LIMIT 50[0m

2026/10/02 15:12:59 [32mgithub.com/QuantumNous/new-api/zsy/runninghub/queue.go:116 [33mSLOW SQL >= 200ms
[0m[31;1m[499.367ms] [33m[rows:0][35m SELECT * FROM `rh_queued_tasks` ORDER BY created_at asc, id asc LIMIT 20[0m

2026/10/02 15:13:02 [32mgithub.com/QuantumNous/new-api/zsy/runninghub/queue.go:203 [33mSLOW SQL >= 200ms
[0m[31;1m[347.485ms] [33m[rows:0][35m SELECT * FROM `rh_queued_tasks` WHERE created_at < ? ORDER BY created_at asc LIMIT 50[0m

2026/10/02 15:13:02 [32mgithub.com/QuantumNous/new-api/model/system_task.go:362 [33mSLOW SQL >= 200ms
[0m[31;1m[425.322ms] [33m[rows:0][35m SELECT * FROM `system_task_locks` WHERE locked_until < ?[0m

2026/10/02 15:13:03 [32mgithub.com/QuantumNous/new-api/model/system_instance.go:69 [33mSLOW SQL >= 200ms
[0m[31;1m[831.909ms] [33m[rows:2][35m INSERT INTO `system_instances` (`node_name`,`info`,`started_at`,`last_seen_at`,`created_at`,`updated_at`) VALUES (?,?,?,?,?,?) ON DUPLICATE KEY UPDATE `info`=VALUES(`info`),`started_at`=VALUES(`started_at`),`last_seen_at`=VALUES(`last_seen_at`),`updated_at`=VALUES(`updated_at`)[0m

2026/10/02 15:13:04 [32mgithub.com/QuantumNous/new-api/model/db_time.go:16 [33mSLOW SQL >= 200ms
[0m[31;1m[2647.467ms] [33m[rows:1][35m SELECT UNIX_TIMESTAMP()[0m

2026/10/02 15:13:05 [32mgithub.com/QuantumNous/new-api/model/subscription.go:1149 [33mSLOW SQL >= 200ms
[0m[31;1m[744.607ms] [33m[rows:0][35m SELECT * FROM `user_subscriptions` WHERE status = ? AND end_time > 0 AND end_time <= ? ORDER BY end_time asc, id asc LIMIT 300[0m

2026/10/02 15:13:05 [32mgithub.com/QuantumNous/new-api/model/subscription.go:1437 [33mSLOW SQL >= 200ms
[0m[31;1m[229.941ms] [33m[rows:0][35m SELECT * FROM `user_subscriptions` WHERE next_reset_time > 0 AND next_reset_time <= ? AND status = ? ORDER BY next_reset_time asc LIMIT 300[0m

2026/10/02 15:13:05 [32mgithub.com/QuantumNous/new-api/zsy/runninghub/queue.go:203 [33mSLOW SQL >= 200ms
[0m[31;1m[866.910ms] [33m[rows:0][35m SELECT * FROM `rh_queued_tasks` WHERE created_at < ? ORDER BY created_at asc LIMIT 50[0m

2026/10/02 15:13:06 [32mgithub.com/QuantumNous/new-api/zsy/runninghub/queue.go:116 [33mSLOW SQL >= 200ms
[0m[31;1m[539.466ms] [33m[rows:0][35m SELECT * FROM `rh_queued_tasks` ORDER BY created_at asc, id asc LIMIT 20[0m

2026/10/02 15:13:10 [32mgithub.com/QuantumNous/new-api/zsy/runninghub/queue.go:203 [33mSLOW SQL >= 200ms
[0m[31;1m[207.448ms] [33m[rows:0][35m SELECT * FROM `rh_queued_tasks` WHERE created_at < ? ORDER BY created_at asc LIMIT 50[0m

2026/10/02 15:13:16 [32mgithub.com/QuantumNous/new-api/zsy/runninghub/queue.go:203 [33mSLOW SQL >= 200ms
[0m[31;1m[208.194ms] [33m[rows:0][35m SELECT * FROM `rh_queued_tasks` WHERE created_at < ? ORDER BY created_at asc LIMIT 50[0m

2026/10/02 15:13:16 [32mgithub.com/QuantumNous/new-api/model/midjourney.go:116 [33mSLOW SQL >= 200ms
[0m[31;1m[213.572ms] [33m[rows:0][35m SELECT `id` FROM `midjourneys` WHERE progress != ? LIMIT 1[0m

2026/10/02 15:13:17 [32mgithub.com/QuantumNous/new-api/model/system_task.go:216 [33mSLOW SQL >= 200ms
[0m[31;1m[511.866ms] [33m[rows:1][35m SELECT * FROM `system_tasks` WHERE id IN (SELECT MAX(id) FROM `system_tasks` WHERE type IN (?) GROUP BY `type`)[0m
[SYS] 2026/10/02 - 15:13:22 | syncing options from database 

2026/10/02 15:13:22 [32mgithub.com/QuantumNous/new-api/model/option.go:26 [33mSLOW SQL >= 200ms
[0m[31;1m[373.579ms] [33m[rows:37][35m SELECT * FROM `options`[0m

2026/10/02 15:13:32 [32mgithub.com/QuantumNous/new-api/zsy/runninghub/queue.go:203 [33mSLOW SQL >= 200ms
[0m[31;1m[283.908ms] [33m[rows:0][35m SELECT * FROM `rh_queued_tasks` WHERE created_at < ? ORDER BY created_at asc LIMIT 50[0m

2026/10/02 15:13:32 [32mgithub.com/QuantumNous/new-api/model/system_task.go:169 [33mSLOW SQL >= 200ms
[0m[31;1m[393.447ms] [33m[rows:0][35m SELECT * FROM `system_tasks` WHERE id IN (SELECT MIN(id) FROM `system_tasks` WHERE type IN (?,?,?,?,?) AND status = ? GROUP BY `type`)[0m

2026/10/02 15:13:34 [32mgithub.com/QuantumNous/new-api/model/system_instance.go:69 [33mSLOW SQL >= 200ms
[0m[31;1m[1889.715ms] [33m[rows:2][35m INSERT INTO `system_instances` (`node_name`,`info`,`started_at`,`last_seen_at`,`created_at`,`updated_at`) VALUES (?,?,?,?,?,?) ON DUPLICATE KEY UPDATE `info`=VALUES(`info`),`started_at`=VALUES(`started_at`),`last_seen_at`=VALUES(`last_seen_at`),`updated_at`=VALUES(`updated_at`)[0m

2026/10/02 15:13:34 [32mgithub.com/QuantumNous/new-api/zsy/runninghub/queue.go:203 [33mSLOW SQL >= 200ms
[0m[31;1m[200.907ms] [33m[rows:0][35m SELECT * FROM `rh_queued_tasks` WHERE created_at < ? ORDER BY created_at asc LIMIT 50[0m

2026/10/02 15:13:35 [32mgithub.com/QuantumNous/new-api/zsy/runninghub/queue.go:116 [33mSLOW SQL >= 200ms
[0m[31;1m[602.560ms] [33m[rows:0][35m SELECT * FROM `rh_queued_tasks` ORDER BY created_at asc, id asc LIMIT 20[0m

2026/10/02 15:13:41 [32mgithub.com/QuantumNous/new-api/zsy/runninghub/queue.go:203 [33mSLOW SQL >= 200ms
[0m[31;1m[1007.455ms] [33m[rows:0][35m SELECT * FROM `rh_queued_tasks` WHERE created_at < ? ORDER BY created_at asc LIMIT 50[0m

2026/10/02 15:13:42 [32mgithub.com/QuantumNous/new-api/zsy/runninghub/queue.go:116 [33mSLOW SQL >= 200ms
[0m[31;1m[610.188ms] [33m[rows:0][35m SELECT * FROM `rh_queued_tasks` ORDER BY created_at asc, id asc LIMIT 20[0m

2026/10/02 15:13:44 [32mgithub.com/QuantumNous/new-api/zsy/runninghub/queue.go:203 [33mSLOW SQL >= 200ms
[0m[31;1m[521.765ms] [33m[rows:0][35m SELECT * FROM `rh_queued_tasks` WHERE created_at < ? ORDER BY created_at asc LIMIT 50[0m

2026/10/02 15:13:44 [32mgithub.com/QuantumNous/new-api/zsy/runninghub/queue.go:116 [33mSLOW SQL >= 200ms
[0m[31;1m[208.561ms] [33m[rows:0][35m SELECT * FROM `rh_queued_tasks` ORDER BY created_at asc, id asc LIMIT 20[0m

2026/10/02 15:13:47 [32mgithub.com/QuantumNous/new-api/model/system_task.go:362 [33mSLOW SQL >= 200ms
[0m[31;1m[290.101ms] [33m[rows:0][35m SELECT * FROM `system_task_locks` WHERE locked_until < ?[0m

2026/10/02 15:13:47 [32mgithub.com/QuantumNous/new-api/model/midjourney.go:116 [33mSLOW SQL >= 200ms
[0m[31;1m[739.420ms] [33m[rows:0][35m SELECT `id` FROM `midjourneys` WHERE progress != ? LIMIT 1[0m

2026/10/02 15:13:48 [32mgithub.com/QuantumNous/new-api/model/task.go:355 [33mSLOW SQL >= 200ms
[0m[31;1m[600.695ms] [33m[rows:0][35m SELECT `id` FROM `tasks` WHERE progress != ? AND status != ? AND status != ? LIMIT 1[0m

2026/10/02 15:13:48 [32mgithub.com/QuantumNous/new-api/model/system_task.go:216 [33mSLOW SQL >= 200ms
[0m[31;1m[261.835ms] [33m[rows:1][35m SELECT * FROM `system_tasks` WHERE id IN (SELECT MAX(id) FROM `system_tasks` WHERE type IN (?) GROUP BY `type`)[0m

2026/10/02 15:13:53 [32mgithub.com/QuantumNous/new-api/zsy/runninghub/queue.go:203 [33mSLOW SQL >= 200ms
[0m[31;1m[593.098ms] [33m[rows:0][35m SELECT * FROM `rh_queued_tasks` WHERE created_at < ? ORDER BY created_at asc LIMIT 50[0m

2026/10/02 15:13:53 [32mgithub.com/QuantumNous/new-api/zsy/runninghub/queue.go:116 [33mSLOW SQL >= 200ms
[0m[31;1m[611.033ms] [33m[rows:0][35m SELECT * FROM `rh_queued_tasks` ORDER BY created_at asc, id asc LIMIT 20[0m

2026/10/02 15:14:02 [32mgithub.com/QuantumNous/new-api/zsy/runninghub/queue.go:116 [33mSLOW SQL >= 200ms
[0m[31;1m[281.093ms] [33m[rows:0][35m SELECT * FROM `rh_queued_tasks` ORDER BY created_at asc, id asc LIMIT 20[0m

2026/10/02 15:14:02 [32mgithub.com/QuantumNous/new-api/model/subscription.go:1149 [33mSLOW SQL >= 200ms
[0m[31;1m[344.966ms] [33m[rows:0][35m SELECT * FROM `user_subscriptions` WHERE status = ? AND end_time > 0 AND end_time <= ? ORDER BY end_time asc, id asc LIMIT 300[0m

2026/10/02 15:14:02 [32mgithub.com/QuantumNous/new-api/model/db_time.go:16 [33mSLOW SQL >= 200ms
[0m[31;1m[401.753ms] [33m[rows:1][35m SELECT UNIX_TIMESTAMP()[0m

2026/10/02 15:14:02 [32mgithub.com/QuantumNous/new-api/model/subscription.go:1437 [33mSLOW SQL >= 200ms
[0m[31;1m[324.048ms] [33m[rows:0][35m SELECT * FROM `user_subscriptions` WHERE next_reset_time > 0 AND next_reset_time <= ? AND status = ? ORDER BY next_reset_time asc LIMIT 300[0m

2026/10/02 15:14:04 [32mgithub.com/QuantumNous/new-api/model/system_instance.go:69 [33mSLOW SQL >= 200ms
[0m[31;1m[1931.401ms] [33m[rows:2][35m INSERT INTO `system_instances` (`node_name`,`info`,`started_at`,`last_seen_at`,`created_at`,`updated_at`) VALUES (?,?,?,?,?,?) ON DUPLICATE KEY UPDATE `info`=VALUES(`info`),`started_at`=VALUES(`started_at`),`last_seen_at`=VALUES(`last_seen_at`),`updated_at`=VALUES(`updated_at`)[0m

2026/10/02 15:14:04 [32mgithub.com/QuantumNous/new-api/model/midjourney.go:116 [33mSLOW SQL >= 200ms
[0m[31;1m[2563.412ms] [33m[rows:0][35m SELECT `id` FROM `midjourneys` WHERE progress != ? LIMIT 1[0m

2026/10/02 15:14:04 [32mgithub.com/QuantumNous/new-api/model/task.go:355 [33mSLOW SQL >= 200ms
[0m[31;1m[410.631ms] [33m[rows:0][35m SELECT `id` FROM `tasks` WHERE progress != ? AND status != ? AND status != ? LIMIT 1[0m

2026/10/02 15:14:05 [32mgithub.com/QuantumNous/new-api/zsy/runninghub/queue.go:203 [33mSLOW SQL >= 200ms
[0m[31;1m[348.485ms] [33m[rows:0][35m SELECT * FROM `rh_queued_tasks` WHERE created_at < ? ORDER BY created_at asc LIMIT 50[0m

2026/10/02 15:14:05 [32mgithub.com/QuantumNous/new-api/model/system_task.go:216 [33mSLOW SQL >= 200ms
[0m[31;1m[1047.059ms] [33m[rows:1][35m SELECT * FROM `system_tasks` WHERE id IN (SELECT MAX(id) FROM `system_tasks` WHERE type IN (?) GROUP BY `type`)[0m

2026/10/02 15:14:07 [32mgithub.com/QuantumNous/new-api/model/system_task.go:169 [33mSLOW SQL >= 200ms
[0m[31;1m[1703.863ms] [33m[rows:0][35m SELECT * FROM `system_tasks` WHERE id IN (SELECT MIN(id) FROM `system_tasks` WHERE type IN (?,?,?,?,?) AND status = ? GROUP BY `type`)[0m

2026/10/02 15:14:08 [32mgithub.com/QuantumNous/new-api/zsy/runninghub/queue.go:203 [33mSLOW SQL >= 200ms
[0m[31;1m[430.030ms] [33m[rows:0][35m SELECT * FROM `rh_queued_tasks` WHERE created_at < ? ORDER BY created_at asc LIMIT 50[0m

2026/10/02 15:14:08 [32mgithub.com/QuantumNous/new-api/zsy/runninghub/queue.go:116 [33mSLOW SQL >= 200ms
[0m[31;1m[322.737ms] [33m[rows:0][35m SELECT * FROM `rh_queued_tasks` ORDER BY created_at asc, id asc LIMIT 20[0m

2026/10/02 15:14:17 [32mgithub.com/QuantumNous/new-api/model/system_task.go:362 [33mSLOW SQL >= 200ms
[0m[31;1m[255.210ms] [33m[rows:0][35m SELECT * FROM `system_task_locks` WHERE locked_until < ?[0m

2026/10/02 15:14:17 [32mgithub.com/QuantumNous/new-api/model/system_task.go:169 [33mSLOW SQL >= 200ms
[0m[31;1m[313.206ms] [33m[rows:0][35m SELECT * FROM `system_tasks` WHERE id IN (SELECT MIN(id) FROM `system_tasks` WHERE type IN (?,?,?,?,?) AND status = ? GROUP BY `type`)[0m

2026/10/02 15:14:19 [32mgithub.com/QuantumNous/new-api/zsy/runninghub/queue.go:203 [33mSLOW SQL >= 200ms
[0m[31;1m[2279.845ms] [33m[rows:0][35m SELECT * FROM `rh_queued_tasks` WHERE created_at < ? ORDER BY created_at asc LIMIT 50[0m

2026/10/02 15:14:20 [32mgithub.com/QuantumNous/new-api/zsy/runninghub/queue.go:116 [33mSLOW SQL >= 200ms
[0m[31;1m[298.292ms] [33m[rows:0][35m SELECT * FROM `rh_queued_tasks` ORDER BY created_at asc, id asc LIMIT 20[0m
[SYS] 2026/10/02 - 15:14:22 | syncing options from database 

2026/10/02 15:14:23 [32mgithub.com/QuantumNous/new-api/zsy/runninghub/queue.go:203 [33mSLOW SQL >= 200ms
[0m[31;1m[730.419ms] [33m[rows:0][35m SELECT * FROM `rh_queued_tasks` WHERE created_at < ? ORDER BY created_at asc LIMIT 50[0m

2026/10/02 15:14:24 [32mgithub.com/QuantumNous/new-api/model/option.go:26 [33mSLOW SQL >= 200ms
[0m[31;1m[2032.230ms] [33m[rows:37][35m SELECT * FROM `options`[0m

2026/10/02 15:14:24 [32mgithub.com/QuantumNous/new-api/zsy/runninghub/queue.go:116 [33mSLOW SQL >= 200ms
[0m[31;1m[1126.466ms] [33m[rows:0][35m SELECT * FROM `rh_queued_tasks` ORDER BY created_at asc, id asc LIMIT 20[0m

2026/10/02 15:14:26 [32mgithub.com/QuantumNous/new-api/zsy/runninghub/queue.go:203 [33mSLOW SQL >= 200ms
[0m[31;1m[432.278ms] [33m[rows:0][35m SELECT * FROM `rh_queued_tasks` WHERE created_at < ? ORDER BY created_at asc LIMIT 50[0m

2026/10/02 15:14:26 [32mgithub.com/QuantumNous/new-api/zsy/runninghub/queue.go:116 [33mSLOW SQL >= 200ms
[0m[31;1m[281.324ms] [33m[rows:0][35m SELECT * FROM `rh_queued_tasks` ORDER BY created_at asc, id asc LIMIT 20[0m

2026/10/02 15:14:27 [32mgithub.com/QuantumNous/new-api/service/authz/adapter.go:23 [33mSLOW SQL >= 200ms
[0m[31;1m[375.615ms] [33m[rows:3][35m SELECT * FROM `casbin_rule` ORDER BY id asc[0m

2026/10/02 15:14:31 [32mgithub.com/QuantumNous/new-api/model/midjourney.go:116 [33mSLOW SQL >= 200ms
[0m[31;1m[235.668ms] [33m[rows:0][35m SELECT `id` FROM `midjourneys` WHERE progress != ? LIMIT 1[0m

2026/10/02 15:14:32 [32mgithub.com/QuantumNous/new-api/model/system_instance.go:69 [33mSLOW SQL >= 200ms
[0m[31;1m[328.575ms] [33m[rows:2][35m INSERT INTO `system_instances` (`node_name`,`info`,`started_at`,`last_seen_at`,`created_at`,`updated_at`) VALUES (?,?,?,?,?,?) ON DUPLICATE KEY UPDATE `info`=VALUES(`info`),`started_at`=VALUES(`started_at`),`last_seen_at`=VALUES(`last_seen_at`),`updated_at`=VALUES(`updated_at`)[0m

2026/10/02 15:14:35 [32mgithub.com/QuantumNous/new-api/zsy/runninghub/queue.go:203 [33mSLOW SQL >= 200ms
[0m[31;1m[821.098ms] [33m[rows:0][35m SELECT * FROM `rh_queued_tasks` WHERE created_at < ? ORDER BY created_at asc LIMIT 50[0m

2026/10/02 15:14:35 [32mgithub.com/QuantumNous/new-api/zsy/runninghub/queue.go:116 [33mSLOW SQL >= 200ms
[0m[31;1m[330.142ms] [33m[rows:0][35m SELECT * FROM `rh_queued_tasks` ORDER BY created_at asc, id asc LIMIT 20[0m

2026/10/02 15:14:43 [32mgithub.com/QuantumNous/new-api/zsy/runninghub/queue.go:203 [33mSLOW SQL >= 200ms
[0m[31;1m[211.876ms] [33m[rows:0][35m SELECT * FROM `rh_queued_tasks` WHERE created_at < ? ORDER BY created_at asc LIMIT 50[0m

2026/10/02 15:14:46 [32mgithub.com/QuantumNous/new-api/zsy/runninghub/queue.go:203 [33mSLOW SQL >= 200ms
[0m[31;1m[238.043ms] [33m[rows:0][35m SELECT * FROM `rh_queued_tasks` WHERE created_at < ? ORDER BY created_at asc LIMIT 50[0m

2026/10/02 15:14:47 [32mgithub.com/QuantumNous/new-api/model/system_task.go:362 [33mSLOW SQL >= 200ms
[0m[31;1m[325.710ms] [33m[rows:0][35m SELECT * FROM `system_task_locks` WHERE locked_until < ?[0m

2026/10/02 15:14:50 [32mgithub.com/QuantumNous/new-api/zsy/runninghub/queue.go:203 [33mSLOW SQL >= 200ms
[0m[31;1m[310.783ms] [33m[rows:0][35m SELECT * FROM `rh_queued_tasks` WHERE created_at < ? ORDER BY created_at asc LIMIT 50[0m

2026/10/02 15:14:53 [32mgithub.com/QuantumNous/new-api/zsy/runninghub/queue.go:203 [33mSLOW SQL >= 200ms
[0m[31;1m[394.638ms] [33m[rows:0][35m SELECT * FROM `rh_queued_tasks` WHERE created_at < ? ORDER BY created_at asc LIMIT 50[0m

2026/10/02 15:14:59 [32mgithub.com/QuantumNous/new-api/zsy/runninghub/queue.go:203 [33mSLOW SQL >= 200ms
[0m[31;1m[344.409ms] [33m[rows:0][35m SELECT * FROM `rh_queued_tasks` WHERE created_at < ? ORDER BY created_at asc LIMIT 50[0m

2026/10/02 15:15:02 [32mgithub.com/QuantumNous/new-api/model/subscription.go:1437 [33mSLOW SQL >= 200ms
[0m[31;1m[204.500ms] [33m[rows:0][35m SELECT * FROM `user_subscriptions` WHERE next_reset_time > 0 AND next_reset_time <= ? AND status = ? ORDER BY next_reset_time asc LIMIT 300[0m

2026/10/02 15:15:03 [32mgithub.com/QuantumNous/new-api/model/midjourney.go:116 [33mSLOW SQL >= 200ms
[0m[31;1m[1331.276ms] [33m[rows:0][35m SELECT `id` FROM `midjourneys` WHERE progress != ? LIMIT 1[0m

2026/10/02 15:15:03 [32mgithub.com/QuantumNous/new-api/model/system_instance.go:69 [33mSLOW SQL >= 200ms
[0m[31;1m[1381.495ms] [33m[rows:2][35m INSERT INTO `system_instances` (`node_name`,`info`,`started_at`,`last_seen_at`,`created_at`,`updated_at`) VALUES (?,?,?,?,?,?) ON DUPLICATE KEY UPDATE `info`=VALUES(`info`),`started_at`=VALUES(`started_at`),`last_seen_at`=VALUES(`last_seen_at`),`updated_at`=VALUES(`updated_at`)[0m

2026/10/02 15:15:04 [32mgithub.com/QuantumNous/new-api/model/task.go:355 [33mSLOW SQL >= 200ms
[0m[31;1m[1471.965ms] [33m[rows:0][35m SELECT `id` FROM `tasks` WHERE progress != ? AND status != ? AND status != ? LIMIT 1[0m

2026/10/02 15:15:05 [32mgithub.com/QuantumNous/new-api/zsy/runninghub/queue.go:203 [33mSLOW SQL >= 200ms
[0m[31;1m[655.155ms] [33m[rows:0][35m SELECT * FROM `rh_queued_tasks` WHERE created_at < ? ORDER BY created_at asc LIMIT 50[0m

2026/10/02 15:15:05 [32mgithub.com/QuantumNous/new-api/model/system_task.go:216 [33mSLOW SQL >= 200ms
[0m[31;1m[1141.502ms] [33m[rows:1][35m SELECT * FROM `system_tasks` WHERE id IN (SELECT MAX(id) FROM `system_tasks` WHERE type IN (?) GROUP BY `type`)[0m

2026/10/02 15:15:05 [32mgithub.com/QuantumNous/new-api/model/system_task.go:169 [33mSLOW SQL >= 200ms
[0m[31;1m[283.904ms] [33m[rows:0][35m SELECT * FROM `system_tasks` WHERE id IN (SELECT MIN(id) FROM `system_tasks` WHERE type IN (?,?,?,?,?) AND status = ? GROUP BY `type`)[0m

2026/10/02 15:15:08 [32mgithub.com/QuantumNous/new-api/zsy/runninghub/queue.go:203 [33mSLOW SQL >= 200ms
[0m[31;1m[1137.650ms] [33m[rows:0][35m SELECT * FROM `rh_queued_tasks` WHERE created_at < ? ORDER BY created_at asc LIMIT 50[0m

2026/10/02 15:15:09 [32mgithub.com/QuantumNous/new-api/zsy/runninghub/queue.go:116 [33mSLOW SQL >= 200ms
[0m[31;1m[841.625ms] [33m[rows:0][35m SELECT * FROM `rh_queued_tasks` ORDER BY created_at asc, id asc LIMIT 20[0m

2026/10/02 15:15:11 [32mgithub.com/QuantumNous/new-api/zsy/runninghub/queue.go:203 [33mSLOW SQL >= 200ms
[0m[31;1m[970.898ms] [33m[rows:0][35m SELECT * FROM `rh_queued_tasks` WHERE created_at < ? ORDER BY created_at asc LIMIT 50[0m

2026/10/02 15:15:11 [32mgithub.com/QuantumNous/new-api/zsy/runninghub/queue.go:116 [33mSLOW SQL >= 200ms
[0m[31;1m[219.134ms] [33m[rows:0][35m SELECT * FROM `rh_queued_tasks` ORDER BY created_at asc, id asc LIMIT 20[0m

2026/10/02 15:15:14 [32mgithub.com/QuantumNous/new-api/zsy/runninghub/queue.go:203 [33mSLOW SQL >= 200ms
[0m[31;1m[483.044ms] [33m[rows:0][35m SELECT * FROM `rh_queued_tasks` WHERE created_at < ? ORDER BY created_at asc LIMIT 50[0m

2026/10/02 15:15:14 [32mgithub.com/QuantumNous/new-api/zsy/runninghub/queue.go:116 [33mSLOW SQL >= 200ms
[0m[31;1m[222.641ms] [33m[rows:0][35m SELECT * FROM `rh_queued_tasks` ORDER BY created_at asc, id asc LIMIT 20[0m

2026/10/02 15:15:23 [32mgithub.com/QuantumNous/new-api/zsy/runninghub/queue.go:203 [33mSLOW SQL >= 200ms
[0m[31;1m[391.695ms] [33m[rows:0][35m SELECT * FROM `rh_queued_tasks` WHERE created_at < ? ORDER BY created_at asc LIMIT 50[0m

2026/10/02 15:15:23 [32mgithub.com/QuantumNous/new-api/zsy/runninghub/queue.go:116 [33mSLOW SQL >= 200ms
[0m[31;1m[534.744ms] [33m[rows:0][35m SELECT * FROM `rh_queued_tasks` ORDER BY created_at asc, id asc LIMIT 20[0m
[SYS] 2026/10/02 - 15:15:24 | syncing options from database 

2026/10/02 15:15:24 [32mgithub.com/QuantumNous/new-api/model/option.go:26 [33mSLOW SQL >= 200ms
[0m[31;1m[312.523ms] [33m[rows:37][35m SELECT * FROM `options`[0m

2026/10/02 15:15:26 [32mgithub.com/QuantumNous/new-api/zsy/runninghub/queue.go:203 [33mSLOW SQL >= 200ms
[0m[31;1m[504.806ms] [33m[rows:0][35m SELECT * FROM `rh_queued_tasks` WHERE created_at < ? ORDER BY created_at asc LIMIT 50[0m

2026/10/02 15:15:26 [32mgithub.com/QuantumNous/new-api/zsy/runninghub/queue.go:116 [33mSLOW SQL >= 200ms
[0m[31;1m[599.204ms] [33m[rows:0][35m SELECT * FROM `rh_queued_tasks` ORDER BY created_at asc, id asc LIMIT 20[0m

2026/10/02 15:15:32 [32mgithub.com/QuantumNous/new-api/model/system_task.go:169 [33mSLOW SQL >= 200ms
[0m[31;1m[272.680ms] [33m[rows:0][35m SELECT * FROM `system_tasks` WHERE id IN (SELECT MIN(id) FROM `system_tasks` WHERE type IN (?,?,?,?,?) AND status = ? GROUP BY `type`)[0m

2026/10/02 15:15:33 [32mgithub.com/QuantumNous/new-api/model/system_instance.go:69 [33mSLOW SQL >= 200ms
[0m[31;1m[1090.765ms] [33m[rows:2][35m INSERT INTO `system_instances` (`node_name`,`info`,`started_at`,`last_seen_at`,`created_at`,`updated_at`) VALUES (?,?,?,?,?,?) ON DUPLICATE KEY UPDATE `info`=VALUES(`info`),`started_at`=VALUES(`started_at`),`last_seen_at`=VALUES(`last_seen_at`),`updated_at`=VALUES(`updated_at`)[0m

2026/10/02 15:15:33 [32mgithub.com/QuantumNous/new-api/zsy/runninghub/queue.go:203 [33mSLOW SQL >= 200ms
[0m[31;1m[1919.978ms] [33m[rows:0][35m SELECT * FROM `rh_queued_tasks` WHERE created_at < ? ORDER BY created_at asc LIMIT 50[0m

2026/10/02 15:15:34 [32mgithub.com/QuantumNous/new-api/zsy/runninghub/queue.go:116 [33mSLOW SQL >= 200ms
[0m[31;1m[785.219ms] [33m[rows:0][35m SELECT * FROM `rh_queued_tasks` ORDER BY created_at asc, id asc LIMIT 20[0m

2026/10/02 15:15:38 [32mgithub.com/QuantumNous/new-api/zsy/runninghub/queue.go:203 [33mSLOW SQL >= 200ms
[0m[31;1m[837.297ms] [33m[rows:0][35m SELECT * FROM `rh_queued_tasks` WHERE created_at < ? ORDER BY created_at asc LIMIT 50[0m

2026/10/02 15:15:39 [32mgithub.com/QuantumNous/new-api/zsy/runninghub/queue.go:116 [33mSLOW SQL >= 200ms
[0m[31;1m[635.343ms] [33m[rows:0][35m SELECT * FROM `rh_queued_tasks` ORDER BY created_at asc, id asc LIMIT 20[0m

2026/10/02 15:15:44 [32mgithub.com/QuantumNous/new-api/zsy/runninghub/queue.go:203 [33mSLOW SQL >= 200ms
[0m[31;1m[653.045ms] [33m[rows:0][35m SELECT * FROM `rh_queued_tasks` WHERE created_at < ? ORDER BY created_at asc LIMIT 50[0m

2026/10/02 15:15:45 [32mgithub.com/QuantumNous/new-api/zsy/runninghub/queue.go:116 [33mSLOW SQL >= 200ms
[0m[31;1m[628.492ms] [33m[rows:0][35m SELECT * FROM `rh_queued_tasks` ORDER BY created_at asc, id asc LIMIT 20[0m

2026/10/02 15:15:47 [32mgithub.com/QuantumNous/new-api/model/midjourney.go:116 [33mSLOW SQL >= 200ms
[0m[31;1m[431.134ms] [33m[rows:0][35m SELECT `id` FROM `midjourneys` WHERE progress != ? LIMIT 1[0m

2026/10/02 15:15:47 [32mgithub.com/QuantumNous/new-api/zsy/runninghub/queue.go:116 [33mSLOW SQL >= 200ms
[0m[31;1m[269.488ms] [33m[rows:0][35m SELECT * FROM `rh_queued_tasks` ORDER BY created_at asc, id asc LIMIT 20[0m

2026/10/02 15:15:47 [32mgithub.com/QuantumNous/new-api/model/task.go:355 [33mSLOW SQL >= 200ms
[0m[31;1m[418.115ms] [33m[rows:0][35m SELECT `id` FROM `tasks` WHERE progress != ? AND status != ? AND status != ? LIMIT 1[0m

2026/10/02 15:15:48 [32mgithub.com/QuantumNous/new-api/model/system_task.go:216 [33mSLOW SQL >= 200ms
[0m[31;1m[432.645ms] [33m[rows:1][35m SELECT * FROM `system_tasks` WHERE id IN (SELECT MAX(id) FROM `system_tasks` WHERE type IN (?) GROUP BY `type`)[0m

2026/10/02 15:15:48 [32mgithub.com/QuantumNous/new-api/model/system_task.go:169 [33mSLOW SQL >= 200ms
[0m[31;1m[261.906ms] [33m[rows:0][35m SELECT * FROM `system_tasks` WHERE id IN (SELECT MIN(id) FROM `system_tasks` WHERE type IN (?,?,?,?,?) AND status = ? GROUP BY `type`)[0m

2026/10/02 15:15:56 [32mgithub.com/QuantumNous/new-api/zsy/runninghub/queue.go:203 [33mSLOW SQL >= 200ms
[0m[31;1m[539.680ms] [33m[rows:0][35m SELECT * FROM `rh_queued_tasks` WHERE created_at < ? ORDER BY created_at asc LIMIT 50[0m

2026/10/02 15:15:56 [32mgithub.com/QuantumNous/new-api/zsy/runninghub/queue.go:116 [33mSLOW SQL >= 200ms
[0m[31;1m[382.068ms] [33m[rows:0][35m SELECT * FROM `rh_queued_tasks` ORDER BY created_at asc, id asc LIMIT 20[0m

2026/10/02 15:15:59 [32mgithub.com/QuantumNous/new-api/zsy/runninghub/queue.go:116 [33mSLOW SQL >= 200ms
[0m[31;1m[203.086ms] [33m[rows:0][35m SELECT * FROM `rh_queued_tasks` ORDER BY created_at asc, id asc LIMIT 20[0m
[SYS] 2026/10/02 - 15:16:01 | 正在更新数据看板数据... 
[SYS] 2026/10/02 - 15:16:01 | 保存数据看板数据成功，共保存0条数据 

2026/10/02 15:16:02 [32mgithub.com/QuantumNous/new-api/model/system_task.go:362 [33mSLOW SQL >= 200ms
[0m[31;1m[274.418ms] [33m[rows:0][35m SELECT * FROM `system_task_locks` WHERE locked_until < ?[0m

2026/10/02 15:16:02 [32mgithub.com/QuantumNous/new-api/model/db_time.go:16 [33mSLOW SQL >= 200ms
[0m[31;1m[379.004ms] [33m[rows:1][35m SELECT UNIX_TIMESTAMP()[0m

2026/10/02 15:16:02 [32mgithub.com/QuantumNous/new-api/model/subscription.go:1149 [33mSLOW SQL >= 200ms
[0m[31;1m[462.863ms] [33m[rows:0][35m SELECT * FROM `user_subscriptions` WHERE status = ? AND end_time > 0 AND end_time <= ? ORDER BY end_time asc, id asc LIMIT 300[0m

2026/10/02 15:16:03 [32mgithub.com/QuantumNous/new-api/model/db_time.go:16 [33mSLOW SQL >= 200ms
[0m[31;1m[494.820ms] [33m[rows:1][35m SELECT UNIX_TIMESTAMP()[0m

2026/10/02 15:16:03 [32mgithub.com/QuantumNous/new-api/model/subscription.go:1437 [33mSLOW SQL >= 200ms
[0m[31;1m[209.976ms] [33m[rows:0][35m SELECT * FROM `user_subscriptions` WHERE next_reset_time > 0 AND next_reset_time <= ? AND status = ? ORDER BY next_reset_time asc LIMIT 300[0m

2026/10/02 15:16:03 [32mgithub.com/QuantumNous/new-api/model/system_instance.go:69 [33mSLOW SQL >= 200ms
[0m[31;1m[1473.995ms] [33m[rows:2][35m INSERT INTO `system_instances` (`node_name`,`info`,`started_at`,`last_seen_at`,`created_at`,`updated_at`) VALUES (?,?,?,?,?,?) ON DUPLICATE KEY UPDATE `info`=VALUES(`info`),`started_at`=VALUES(`started_at`),`last_seen_at`=VALUES(`last_seen_at`),`updated_at`=VALUES(`updated_at`)[0m

2026/10/02 15:16:04 [32mgithub.com/QuantumNous/new-api/zsy/runninghub/queue.go:203 [33mSLOW SQL >= 200ms
[0m[31;1m[3164.177ms] [33m[rows:0][35m SELECT * FROM `rh_queued_tasks` WHERE created_at < ? ORDER BY created_at asc LIMIT 50[0m

2026/10/02 15:16:04 [32mgithub.com/QuantumNous/new-api/service/codex_credential_refresh_task.go:80 [33mSLOW SQL >= 200ms
[0m[31;1m[3165.296ms] [33m[rows:0][35m SELECT `id`,`name`,`key`,`status`,`channel_info` FROM `channels` WHERE type = ? AND (status = ? OR status = ?) ORDER BY id asc LIMIT 200[0m

2026/10/02 15:16:05 [32mgithub.com/QuantumNous/new-api/zsy/runninghub/queue.go:116 [33mSLOW SQL >= 200ms
[0m[31;1m[405.967ms] [33m[rows:0][35m SELECT * FROM `rh_queued_tasks` ORDER BY created_at asc, id asc LIMIT 20[0m

2026/10/02 15:16:05 [32mgithub.com/QuantumNous/new-api/zsy/runninghub/queue.go:203 [33mSLOW SQL >= 200ms
[0m[31;1m[338.758ms] [33m[rows:0][35m SELECT * FROM `rh_queued_tasks` WHERE created_at < ? ORDER BY created_at asc LIMIT 50[0m

2026/10/02 15:16:05 [32mgithub.com/QuantumNous/new-api/zsy/runninghub/queue.go:116 [33mSLOW SQL >= 200ms
[0m[31;1m[200.744ms] [33m[rows:0][35m SELECT * FROM `rh_queued_tasks` ORDER BY created_at asc, id asc LIMIT 20[0m

2026/10/02 15:16:08 [32mgithub.com/QuantumNous/new-api/zsy/runninghub/queue.go:203 [33mSLOW SQL >= 200ms
[0m[31;1m[350.389ms] [33m[rows:0][35m SELECT * FROM `rh_queued_tasks` WHERE created_at < ? ORDER BY created_at asc LIMIT 50[0m

2026/10/02 15:16:08 [32mgithub.com/QuantumNous/new-api/zsy/runninghub/queue.go:116 [33mSLOW SQL >= 200ms
[0m[31;1m[562.056ms] [33m[rows:0][35m SELECT * FROM `rh_queued_tasks` ORDER BY created_at asc, id asc LIMIT 20[0m

2026/10/02 15:16:11 [32mgithub.com/QuantumNous/new-api/zsy/runninghub/queue.go:203 [33mSLOW SQL >= 200ms
[0m[31;1m[705.904ms] [33m[rows:0][35m SELECT * FROM `rh_queued_tasks` WHERE created_at < ? ORDER BY created_at asc LIMIT 50[0m

2026/10/02 15:16:17 [32mgithub.com/QuantumNous/new-api/model/midjourney.go:116 [33mSLOW SQL >= 200ms
[0m[31;1m[463.327ms] [33m[rows:0][35m SELECT `id` FROM `midjourneys` WHERE progress != ? LIMIT 1[0m

2026/10/02 15:16:18 [32mgithub.com/QuantumNous/new-api/zsy/runninghub/queue.go:203 [33mSLOW SQL >= 200ms
[0m[31;1m[1343.890ms] [33m[rows:0][35m SELECT * FROM `rh_queued_tasks` WHERE created_at < ? ORDER BY created_at asc LIMIT 50[0m

2026/10/02 15:16:18 [32mgithub.com/QuantumNous/new-api/model/task.go:355 [33mSLOW SQL >= 200ms
[0m[31;1m[892.701ms] [33m[rows:0][35m SELECT `id` FROM `tasks` WHERE progress != ? AND status != ? AND status != ? LIMIT 1[0m

2026/10/02 15:16:18 [32mgithub.com/QuantumNous/new-api/model/system_task.go:216 [33mSLOW SQL >= 200ms
[0m[31;1m[657.753ms] [33m[rows:1][35m SELECT * FROM `system_tasks` WHERE id IN (SELECT MAX(id) FROM `system_tasks` WHERE type IN (?) GROUP BY `type`)[0m

2026/10/02 15:16:19 [32mgithub.com/QuantumNous/new-api/zsy/runninghub/queue.go:116 [33mSLOW SQL >= 200ms
[0m[31;1m[1004.272ms] [33m[rows:0][35m SELECT * FROM `rh_queued_tasks` ORDER BY created_at asc, id asc LIMIT 20[0m

2026/10/02 15:16:20 [32mgithub.com/QuantumNous/new-api/zsy/runninghub/queue.go:203 [33mSLOW SQL >= 200ms
[0m[31;1m[369.025ms] [33m[rows:0][35m SELECT * FROM `rh_queued_tasks` WHERE created_at < ? ORDER BY created_at asc LIMIT 50[0m

2026/10/02 15:16:23 [32mgithub.com/QuantumNous/new-api/zsy/runninghub/queue.go:116 [33mSLOW SQL >= 200ms
[0m[31;1m[338.749ms] [33m[rows:0][35m SELECT * FROM `rh_queued_tasks` ORDER BY created_at asc, id asc LIMIT 20[0m
[SYS] 2026/10/02 - 15:16:24 | syncing options from database 

2026/10/02 15:16:25 [32mgithub.com/QuantumNous/new-api/model/option.go:26 [33mSLOW SQL >= 200ms
[0m[31;1m[299.543ms] [33m[rows:37][35m SELECT * FROM `options`[0m

2026/10/02 15:16:28 [32mgithub.com/QuantumNous/new-api/service/authz/adapter.go:23 [33mSLOW SQL >= 200ms
[0m[31;1m[748.494ms] [33m[rows:3][35m SELECT * FROM `casbin_rule` ORDER BY id asc[0m

2026/10/02 15:16:29 [32mgithub.com/QuantumNous/new-api/zsy/runninghub/queue.go:203 [33mSLOW SQL >= 200ms
[0m[31;1m[624.700ms] [33m[rows:0][35m SELECT * FROM `rh_queued_tasks` WHERE created_at < ? ORDER BY created_at asc LIMIT 50[0m

2026/10/02 15:16:29 [32mgithub.com/QuantumNous/new-api/zsy/runninghub/queue.go:116 [33mSLOW SQL >= 200ms
[0m[31;1m[311.966ms] [33m[rows:0][35m SELECT * FROM `rh_queued_tasks` ORDER BY created_at asc, id asc LIMIT 20[0m

2026/10/02 15:16:32 [32mgithub.com/QuantumNous/new-api/model/system_instance.go:69 [33mSLOW SQL >= 200ms
[0m[31;1m[346.655ms] [33m[rows:2][35m INSERT INTO `system_instances` (`node_name`,`info`,`started_at`,`last_seen_at`,`created_at`,`updated_at`) VALUES (?,?,?,?,?,?) ON DUPLICATE KEY UPDATE `info`=VALUES(`info`),`started_at`=VALUES(`started_at`),`last_seen_at`=VALUES(`last_seen_at`),`updated_at`=VALUES(`updated_at`)[0m

2026/10/02 15:16:35 [32mgithub.com/QuantumNous/new-api/zsy/runninghub/queue.go:203 [33mSLOW SQL >= 200ms
[0m[31;1m[264.536ms] [33m[rows:0][35m SELECT * FROM `rh_queued_tasks` WHERE created_at < ? ORDER BY created_at asc LIMIT 50[0m

2026/10/02 15:16:41 [32mgithub.com/QuantumNous/new-api/zsy/runninghub/queue.go:203 [33mSLOW SQL >= 200ms
[0m[31;1m[378.646ms] [33m[rows:0][35m SELECT * FROM `rh_queued_tasks` WHERE created_at < ? ORDER BY created_at asc LIMIT 50[0m

2026/10/02 15:16:44 [32mgithub.com/QuantumNous/new-api/zsy/runninghub/queue.go:203 [33mSLOW SQL >= 200ms
[0m[31;1m[1028.943ms] [33m[rows:0][35m SELECT * FROM `rh_queued_tasks` WHERE created_at < ? ORDER BY created_at asc LIMIT 50[0m

2026/10/02 15:16:47 [32mgithub.com/QuantumNous/new-api/model/system_task.go:169 [33mSLOW SQL >= 200ms
[0m[31;1m[661.759ms] [33m[rows:0][35m SELECT * FROM `system_tasks` WHERE id IN (SELECT MIN(id) FROM `system_tasks` WHERE type IN (?,?,?,?,?) AND status = ? GROUP BY `type`)[0m

2026/10/02 15:16:56 [32mgithub.com/QuantumNous/new-api/zsy/runninghub/queue.go:203 [33mSLOW SQL >= 200ms
[0m[31;1m[406.526ms] [33m[rows:0][35m SELECT * FROM `rh_queued_tasks` WHERE created_at < ? ORDER BY created_at asc LIMIT 50[0m

2026/10/02 15:16:58 [32mgithub.com/QuantumNous/new-api/zsy/runninghub/queue.go:203 [33mSLOW SQL >= 200ms
[0m[31;1m[223.256ms] [33m[rows:0][35m SELECT * FROM `rh_queued_tasks` WHERE created_at < ? ORDER BY created_at asc LIMIT 50[0m

2026/10/02 15:16:59 [32mgithub.com/QuantumNous/new-api/zsy/runninghub/queue.go:116 [33mSLOW SQL >= 200ms
[0m[31;1m[208.476ms] [33m[rows:0][35m SELECT * FROM `rh_queued_tasks` ORDER BY created_at asc, id asc LIMIT 20[0m

2026/10/02 15:17:01 [32mgithub.com/QuantumNous/new-api/zsy/runninghub/queue.go:203 [33mSLOW SQL >= 200ms
[0m[31;1m[213.379ms] [33m[rows:0][35m SELECT * FROM `rh_queued_tasks` WHERE created_at < ? ORDER BY created_at asc LIMIT 50[0m

2026/10/02 15:17:02 [32mgithub.com/QuantumNous/new-api/model/db_time.go:16 [33mSLOW SQL >= 200ms
[0m[31;1m[473.276ms] [33m[rows:1][35m SELECT UNIX_TIMESTAMP()[0m

2026/10/02 15:17:02 [32mgithub.com/QuantumNous/new-api/zsy/runninghub/queue.go:116 [33mSLOW SQL >= 200ms
[0m[31;1m[260.282ms] [33m[rows:0][35m SELECT * FROM `rh_queued_tasks` ORDER BY created_at asc, id asc LIMIT 20[0m

2026/10/02 15:17:02 [32mgithub.com/QuantumNous/new-api/model/midjourney.go:116 [33mSLOW SQL >= 200ms
[0m[31;1m[1020.547ms] [33m[rows:0][35m SELECT `id` FROM `midjourneys` WHERE progress != ? LIMIT 1[0m

2026/10/02 15:17:03 [32mgithub.com/QuantumNous/new-api/model/task.go:355 [33mSLOW SQL >= 200ms
[0m[31;1m[402.058ms] [33m[rows:0][35m SELECT `id` FROM `tasks` WHERE progress != ? AND status != ? AND status != ? LIMIT 1[0m

2026/10/02 15:17:03 [32mgithub.com/QuantumNous/new-api/model/subscription.go:1476 [33mSLOW SQL >= 200ms
[0m[31;1m[505.036ms] [33m[rows:0][35m DELETE FROM `subscription_pre_consume_records` WHERE updated_at < ?[0m

2026/10/02 15:17:03 [32mgithub.com/QuantumNous/new-api/model/system_instance.go:69 [33mSLOW SQL >= 200ms
[0m[31;1m[1116.264ms] [33m[rows:2][35m INSERT INTO `system_instances` (`node_name`,`info`,`started_at`,`last_seen_at`,`created_at`,`updated_at`) VALUES (?,?,?,?,?,?) ON DUPLICATE KEY UPDATE `info`=VALUES(`info`),`started_at`=VALUES(`started_at`),`last_seen_at`=VALUES(`last_seen_at`),`updated_at`=VALUES(`updated_at`)[0m

2026/10/02 15:17:03 [32mgithub.com/QuantumNous/new-api/model/system_task.go:169 [33mSLOW SQL >= 200ms
[0m[31;1m[371.947ms] [33m[rows:0][35m SELECT * FROM `system_tasks` WHERE id IN (SELECT MIN(id) FROM `system_tasks` WHERE type IN (?,?,?,?,?) AND status = ? GROUP BY `type`)[0m

2026/10/02 15:17:05 [32mgithub.com/QuantumNous/new-api/zsy/runninghub/queue.go:203 [33mSLOW SQL >= 200ms
[0m[31;1m[800.998ms] [33m[rows:0][35m SELECT * FROM `rh_queued_tasks` WHERE created_at < ? ORDER BY created_at asc LIMIT 50[0m

2026/10/02 15:17:06 [32mgithub.com/QuantumNous/new-api/zsy/runninghub/queue.go:116 [33mSLOW SQL >= 200ms
[0m[31;1m[865.798ms] [33m[rows:0][35m SELECT * FROM `rh_queued_tasks` ORDER BY created_at asc, id asc LIMIT 20[0m

2026/10/02 15:17:08 [32mgithub.com/QuantumNous/new-api/zsy/runninghub/queue.go:203 [33mSLOW SQL >= 200ms
[0m[31;1m[311.085ms] [33m[rows:0][35m SELECT * FROM `rh_queued_tasks` WHERE created_at < ? ORDER BY created_at asc LIMIT 50[0m

2026/10/02 15:17:08 [32mgithub.com/QuantumNous/new-api/zsy/runninghub/queue.go:116 [33mSLOW SQL >= 200ms
[0m[31;1m[449.903ms] [33m[rows:0][35m SELECT * FROM `rh_queued_tasks` ORDER BY created_at asc, id asc LIMIT 20[0m

2026/10/02 15:17:11 [32mgithub.com/QuantumNous/new-api/zsy/runninghub/queue.go:203 [33mSLOW SQL >= 200ms
[0m[31;1m[283.286ms] [33m[rows:0][35m SELECT * FROM `rh_queued_tasks` WHERE created_at < ? ORDER BY created_at asc LIMIT 50[0m

2026/10/02 15:17:14 [32mgithub.com/QuantumNous/new-api/zsy/runninghub/queue.go:116 [33mSLOW SQL >= 200ms
[0m[31;1m[250.049ms] [33m[rows:0][35m SELECT * FROM `rh_queued_tasks` ORDER BY created_at asc, id asc LIMIT 20[0m

2026/10/02 15:17:17 [32mgithub.com/QuantumNous/new-api/model/system_task.go:362 [33mSLOW SQL >= 200ms
[0m[31;1m[834.693ms] [33m[rows:0][35m SELECT * FROM `system_task_locks` WHERE locked_until < ?[0m

2026/10/02 15:17:17 [32mgithub.com/QuantumNous/new-api/zsy/runninghub/queue.go:203 [33mSLOW SQL >= 200ms
[0m[31;1m[864.943ms] [33m[rows:0][35m SELECT * FROM `rh_queued_tasks` WHERE created_at < ? ORDER BY created_at asc LIMIT 50[0m

2026/10/02 15:17:17 [32mgithub.com/QuantumNous/new-api/zsy/runninghub/queue.go:116 [33mSLOW SQL >= 200ms
[0m[31;1m[226.760ms] [33m[rows:0][35m SELECT * FROM `rh_queued_tasks` ORDER BY created_at asc, id asc LIMIT 20[0m

2026/10/02 15:17:20 [32mgithub.com/QuantumNous/new-api/zsy/runninghub/queue.go:203 [33mSLOW SQL >= 200ms
[0m[31;1m[371.628ms] [33m[rows:0][35m SELECT * FROM `rh_queued_tasks` WHERE created_at < ? ORDER BY created_at asc LIMIT 50[0m

2026/10/02 15:17:20 [32mgithub.com/QuantumNous/new-api/zsy/runninghub/queue.go:116 [33mSLOW SQL >= 200ms
[0m[31;1m[380.369ms] [33m[rows:0][35m SELECT * FROM `rh_queued_tasks` ORDER BY created_at asc, id asc LIMIT 20[0m

2026/10/02 15:17:23 [32mgithub.com/QuantumNous/new-api/zsy/runninghub/queue.go:203 [33mSLOW SQL >= 200ms
[0m[31;1m[484.771ms] [33m[rows:0][35m SELECT * FROM `rh_queued_tasks` WHERE created_at < ? ORDER BY created_at asc LIMIT 50[0m
[SYS] 2026/10/02 - 15:17:25 | syncing options from database 

2026/10/02 15:17:25 [32mgithub.com/QuantumNous/new-api/model/option.go:26 [33mSLOW SQL >= 200ms
[0m[31;1m[237.019ms] [33m[rows:37][35m SELECT * FROM `options`[0m

2026/10/02 15:17:26 [32mgithub.com/QuantumNous/new-api/zsy/runninghub/queue.go:203 [33mSLOW SQL >= 200ms
[0m[31;1m[558.998ms] [33m[rows:0][35m SELECT * FROM `rh_queued_tasks` WHERE created_at < ? ORDER BY created_at asc LIMIT 50[0m

2026/10/02 15:17:31 [32mgithub.com/QuantumNous/new-api/model/midjourney.go:116 [33mSLOW SQL >= 200ms
[0m[31;1m[223.632ms] [33m[rows:0][35m SELECT `id` FROM `midjourneys` WHERE progress != ? LIMIT 1[0m

2026/10/02 15:17:32 [32mgithub.com/QuantumNous/new-api/model/task.go:355 [33mSLOW SQL >= 200ms
[0m[31;1m[215.559ms] [33m[rows:0][35m SELECT `id` FROM `tasks` WHERE progress != ? AND status != ? AND status != ? LIMIT 1[0m

2026/10/02 15:17:32 [32mgithub.com/QuantumNous/new-api/zsy/runninghub/queue.go:203 [33mSLOW SQL >= 200ms
[0m[31;1m[444.810ms] [33m[rows:0][35m SELECT * FROM `rh_queued_tasks` WHERE created_at < ? ORDER BY created_at asc LIMIT 50[0m

2026/10/02 15:17:32 [32mgithub.com/QuantumNous/new-api/zsy/runninghub/queue.go:116 [33mSLOW SQL >= 200ms
[0m[31;1m[656.979ms] [33m[rows:0][35m SELECT * FROM `rh_queued_tasks` ORDER BY created_at asc, id asc LIMIT 20[0m

2026/10/02 15:17:32 [32mgithub.com/QuantumNous/new-api/model/system_task.go:169 [33mSLOW SQL >= 200ms
[0m[31;1m[551.279ms] [33m[rows:0][35m SELECT * FROM `system_tasks` WHERE id IN (SELECT MIN(id) FROM `system_tasks` WHERE type IN (?,?,?,?,?) AND status = ? GROUP BY `type`)[0m

2026/10/02 15:17:34 [32mgithub.com/QuantumNous/new-api/zsy/runninghub/queue.go:203 [33mSLOW SQL >= 200ms
[0m[31;1m[211.789ms] [33m[rows:0][35m SELECT * FROM `rh_queued_tasks` WHERE created_at < ? ORDER BY created_at asc LIMIT 50[0m

2026/10/02 15:17:35 [32mgithub.com/QuantumNous/new-api/zsy/runninghub/queue.go:116 [33mSLOW SQL >= 200ms
[0m[31;1m[621.469ms] [33m[rows:0][35m SELECT * FROM `rh_queued_tasks` ORDER BY created_at asc, id asc LIMIT 20[0m

2026/10/02 15:17:36 [32mgithub.com/QuantumNous/new-api/model/system_instance.go:69 [33mSLOW SQL >= 200ms
[0m[31;1m[3969.628ms] [33m[rows:2][35m INSERT INTO `system_instances` (`node_name`,`info`,`started_at`,`last_seen_at`,`created_at`,`updated_at`) VALUES (?,?,?,?,?,?) ON DUPLICATE KEY UPDATE `info`=VALUES(`info`),`started_at`=VALUES(`started_at`),`last_seen_at`=VALUES(`last_seen_at`),`updated_at`=VALUES(`updated_at`)[0m

2026/10/02 15:17:38 [32mgithub.com/QuantumNous/new-api/zsy/runninghub/queue.go:203 [33mSLOW SQL >= 200ms
[0m[31;1m[706.095ms] [33m[rows:0][35m SELECT * FROM `rh_queued_tasks` WHERE created_at < ? ORDER BY created_at asc LIMIT 50[0m

2026/10/02 15:17:39 [32mgithub.com/QuantumNous/new-api/zsy/runninghub/queue.go:116 [33mSLOW SQL >= 200ms
[0m[31;1m[640.906ms] [33m[rows:0][35m SELECT * FROM `rh_queued_tasks` ORDER BY created_at asc, id asc LIMIT 20[0m

2026/10/02 15:17:44 [32mgithub.com/QuantumNous/new-api/zsy/runninghub/queue.go:203 [33mSLOW SQL >= 200ms
[0m[31;1m[302.473ms] [33m[rows:0][35m SELECT * FROM `rh_queued_tasks` WHERE created_at < ? ORDER BY created_at asc LIMIT 50[0m

2026/10/02 15:17:47 [32mgithub.com/QuantumNous/new-api/zsy/runninghub/queue.go:116 [33mSLOW SQL >= 200ms
[0m[31;1m[326.474ms] [33m[rows:0][35m SELECT * FROM `rh_queued_tasks` ORDER BY created_at asc, id asc LIMIT 20[0m

2026/10/02 15:17:47 [32mgithub.com/QuantumNous/new-api/model/system_task.go:169 [33mSLOW SQL >= 200ms
[0m[31;1m[409.983ms] [33m[rows:0][35m SELECT * FROM `system_tasks` WHERE id IN (SELECT MIN(id) FROM `system_tasks` WHERE type IN (?,?,?,?,?) AND status = ? GROUP BY `type`)[0m

2026/10/02 15:17:49 [32mgithub.com/QuantumNous/new-api/zsy/runninghub/queue.go:203 [33mSLOW SQL >= 200ms
[0m[31;1m[246.110ms] [33m[rows:0][35m SELECT * FROM `rh_queued_tasks` WHERE created_at < ? ORDER BY created_at asc LIMIT 50[0m

2026/10/02 15:17:50 [32mgithub.com/QuantumNous/new-api/zsy/runninghub/queue.go:116 [33mSLOW SQL >= 200ms
[0m[31;1m[259.100ms] [33m[rows:0][35m SELECT * FROM `rh_queued_tasks` ORDER BY created_at asc, id asc LIMIT 20[0m

2026/10/02 15:17:56 [32mgithub.com/QuantumNous/new-api/zsy/runninghub/queue.go:203 [33mSLOW SQL >= 200ms
[0m[31;1m[531.675ms] [33m[rows:0][35m SELECT * FROM `rh_queued_tasks` WHERE created_at < ? ORDER BY created_at asc LIMIT 50[0m

2026/10/02 15:17:56 [32mgithub.com/QuantumNous/new-api/zsy/runninghub/queue.go:116 [33mSLOW SQL >= 200ms
[0m[31;1m[489.519ms] [33m[rows:0][35m SELECT * FROM `rh_queued_tasks` ORDER BY created_at asc, id asc LIMIT 20[0m

2026/10/02 15:17:59 [32mgithub.com/QuantumNous/new-api/zsy/runninghub/queue.go:203 [33mSLOW SQL >= 200ms
[0m[31;1m[453.918ms] [33m[rows:0][35m SELECT * FROM `rh_queued_tasks` WHERE created_at < ? ORDER BY created_at asc LIMIT 50[0m

2026/10/02 15:18:02 [32mgithub.com/QuantumNous/new-api/model/db_time.go:16 [33mSLOW SQL >= 200ms
[0m[31;1m[285.657ms] [33m[rows:1][35m SELECT UNIX_TIMESTAMP()[0m

2026/10/02 15:18:02 [32mgithub.com/QuantumNous/new-api/model/subscription.go:1149 [33mSLOW SQL >= 200ms
[0m[31;1m[369.406ms] [33m[rows:0][35m SELECT * FROM `user_subscriptions` WHERE status = ? AND end_time > 0 AND end_time <= ? ORDER BY end_time asc, id asc LIMIT 300[0m

2026/10/02 15:18:02 [32mgithub.com/QuantumNous/new-api/model/system_task.go:216 [33mSLOW SQL >= 200ms
[0m[31;1m[209.998ms] [33m[rows:1][35m SELECT * FROM `system_tasks` WHERE id IN (SELECT MAX(id) FROM `system_tasks` WHERE type IN (?) GROUP BY `type`)[0m

2026/10/02 15:18:02 [32mgithub.com/QuantumNous/new-api/model/system_instance.go:69 [33mSLOW SQL >= 200ms
[0m[31;1m[576.783ms] [33m[rows:2][35m INSERT INTO `system_instances` (`node_name`,`info`,`started_at`,`last_seen_at`,`created_at`,`updated_at`) VALUES (?,?,?,?,?,?) ON DUPLICATE KEY UPDATE `info`=VALUES(`info`),`started_at`=VALUES(`started_at`),`last_seen_at`=VALUES(`last_seen_at`),`updated_at`=VALUES(`updated_at`)[0m

2026/10/02 15:18:02 [32mgithub.com/QuantumNous/new-api/model/subscription.go:1437 [33mSLOW SQL >= 200ms
[0m[31;1m[298.407ms] [33m[rows:0][35m SELECT * FROM `user_subscriptions` WHERE next_reset_time > 0 AND next_reset_time <= ? AND status = ? ORDER BY next_reset_time asc LIMIT 300[0m

2026/10/02 15:18:05 [32mgithub.com/QuantumNous/new-api/zsy/runninghub/queue.go:203 [33mSLOW SQL >= 200ms
[0m[31;1m[404.923ms] [33m[rows:0][35m SELECT * FROM `rh_queued_tasks` WHERE created_at < ? ORDER BY created_at asc LIMIT 50[0m

2026/10/02 15:18:11 [32mgithub.com/QuantumNous/new-api/zsy/runninghub/queue.go:203 [33mSLOW SQL >= 200ms
[0m[31;1m[498.815ms] [33m[rows:0][35m SELECT * FROM `rh_queued_tasks` WHERE created_at < ? ORDER BY created_at asc LIMIT 50[0m

2026/10/02 15:18:14 [32mgithub.com/QuantumNous/new-api/zsy/runninghub/queue.go:203 [33mSLOW SQL >= 200ms
[0m[31;1m[291.443ms] [33m[rows:0][35m SELECT * FROM `rh_queued_tasks` WHERE created_at < ? ORDER BY created_at asc LIMIT 50[0m

2026/10/02 15:18:14 [32mgithub.com/QuantumNous/new-api/zsy/runninghub/queue.go:116 [33mSLOW SQL >= 200ms
[0m[31;1m[227.115ms] [33m[rows:0][35m SELECT * FROM `rh_queued_tasks` ORDER BY created_at asc, id asc LIMIT 20[0m

2026/10/02 15:18:17 [32mgithub.com/QuantumNous/new-api/model/midjourney.go:116 [33mSLOW SQL >= 200ms
[0m[31;1m[412.311ms] [33m[rows:0][35m SELECT `id` FROM `midjourneys` WHERE progress != ? LIMIT 1[0m

2026/10/02 15:18:17 [32mgithub.com/QuantumNous/new-api/model/task.go:355 [33mSLOW SQL >= 200ms
[0m[31;1m[759.039ms] [33m[rows:0][35m SELECT `id` FROM `tasks` WHERE progress != ? AND status != ? AND status != ? LIMIT 1[0m

2026/10/02 15:18:18 [32mgithub.com/QuantumNous/new-api/model/system_task.go:216 [33mSLOW SQL >= 200ms
[0m[31;1m[672.334ms] [33m[rows:1][35m SELECT * FROM `system_tasks` WHERE id IN (SELECT MAX(id) FROM `system_tasks` WHERE type IN (?) GROUP BY `type`)[0m

2026/10/02 15:18:18 [32mgithub.com/QuantumNous/new-api/zsy/runninghub/queue.go:203 [33mSLOW SQL >= 200ms
[0m[31;1m[2010.457ms] [33m[rows:0][35m SELECT * FROM `rh_queued_tasks` WHERE created_at < ? ORDER BY created_at asc LIMIT 50[0m

2026/10/02 15:18:19 [32mgithub.com/QuantumNous/new-api/zsy/runninghub/queue.go:116 [33mSLOW SQL >= 200ms
[0m[31;1m[877.298ms] [33m[rows:0][35m SELECT * FROM `rh_queued_tasks` ORDER BY created_at asc, id asc LIMIT 20[0m

2026/10/02 15:18:21 [32mgithub.com/QuantumNous/new-api/zsy/runninghub/queue.go:116 [33mSLOW SQL >= 200ms
[0m[31;1m[1174.279ms] [33m[rows:0][35m SELECT * FROM `rh_queued_tasks` ORDER BY created_at asc, id asc LIMIT 20[0m

2026/10/02 15:18:23 [32mgithub.com/QuantumNous/new-api/zsy/runninghub/queue.go:203 [33mSLOW SQL >= 200ms
[0m[31;1m[842.469ms] [33m[rows:0][35m SELECT * FROM `rh_queued_tasks` WHERE created_at < ? ORDER BY created_at asc LIMIT 50[0m

2026/10/02 15:18:24 [32mgithub.com/QuantumNous/new-api/zsy/runninghub/queue.go:116 [33mSLOW SQL >= 200ms
[0m[31;1m[641.231ms] [33m[rows:0][35m SELECT * FROM `rh_queued_tasks` ORDER BY created_at asc, id asc LIMIT 20[0m
[SYS] 2026/10/02 - 15:18:25 | syncing options from database 

2026/10/02 15:18:26 [32mgithub.com/QuantumNous/new-api/zsy/runninghub/queue.go:203 [33mSLOW SQL >= 200ms
[0m[31;1m[419.817ms] [33m[rows:0][35m SELECT * FROM `rh_queued_tasks` WHERE created_at < ? ORDER BY created_at asc LIMIT 50[0m

2026/10/02 15:18:26 [32mgithub.com/QuantumNous/new-api/model/option.go:26 [33mSLOW SQL >= 200ms
[0m[31;1m[1095.194ms] [33m[rows:37][35m SELECT * FROM `options`[0m

2026/10/02 15:18:26 [32mgithub.com/QuantumNous/new-api/zsy/runninghub/queue.go:116 [33mSLOW SQL >= 200ms
[0m[31;1m[331.096ms] [33m[rows:0][35m SELECT * FROM `rh_queued_tasks` ORDER BY created_at asc, id asc LIMIT 20[0m

2026/10/02 15:18:29 [32mgithub.com/QuantumNous/new-api/zsy/runninghub/queue.go:203 [33mSLOW SQL >= 200ms
[0m[31;1m[458.455ms] [33m[rows:0][35m SELECT * FROM `rh_queued_tasks` WHERE created_at < ? ORDER BY created_at asc LIMIT 50[0m

2026/10/02 15:18:29 [32mgithub.com/QuantumNous/new-api/service/authz/adapter.go:23 [33mSLOW SQL >= 200ms
[0m[31;1m[286.634ms] [33m[rows:3][35m SELECT * FROM `casbin_rule` ORDER BY id asc[0m

2026/10/02 15:18:32 [32mgithub.com/QuantumNous/new-api/zsy/runninghub/queue.go:116 [33mSLOW SQL >= 200ms
[0m[31;1m[433.508ms] [33m[rows:0][35m SELECT * FROM `rh_queued_tasks` ORDER BY created_at asc, id asc LIMIT 20[0m

2026/10/02 15:18:32 [32mgithub.com/QuantumNous/new-api/model/system_task.go:362 [33mSLOW SQL >= 200ms
[0m[31;1m[1042.426ms] [33m[rows:0][35m SELECT * FROM `system_task_locks` WHERE locked_until < ?[0m

2026/10/02 15:18:33 [32mgithub.com/QuantumNous/new-api/model/system_instance.go:69 [33mSLOW SQL >= 200ms
[0m[31;1m[1015.815ms] [33m[rows:2][35m INSERT INTO `system_instances` (`node_name`,`info`,`started_at`,`last_seen_at`,`created_at`,`updated_at`) VALUES (?,?,?,?,?,?) ON DUPLICATE KEY UPDATE `info`=VALUES(`info`),`started_at`=VALUES(`started_at`),`last_seen_at`=VALUES(`last_seen_at`),`updated_at`=VALUES(`updated_at`)[0m

2026/10/02 15:18:36 [32mgithub.com/QuantumNous/new-api/zsy/runninghub/queue.go:203 [33mSLOW SQL >= 200ms
[0m[31;1m[1255.087ms] [33m[rows:0][35m SELECT * FROM `rh_queued_tasks` WHERE created_at < ? ORDER BY created_at asc LIMIT 50[0m

2026/10/02 15:18:36 [32mgithub.com/QuantumNous/new-api/zsy/runninghub/queue.go:116 [33mSLOW SQL >= 200ms
[0m[31;1m[819.195ms] [33m[rows:0][35m SELECT * FROM `rh_queued_tasks` ORDER BY created_at asc, id asc LIMIT 20[0m

2026/10/02 15:18:41 [32mgithub.com/QuantumNous/new-api/zsy/runninghub/queue.go:203 [33mSLOW SQL >= 200ms
[0m[31;1m[375.600ms] [33m[rows:0][35m SELECT * FROM `rh_queued_tasks` WHERE created_at < ? ORDER BY created_at asc LIMIT 50[0m

2026/10/02 15:18:41 [32mgithub.com/QuantumNous/new-api/zsy/runninghub/queue.go:116 [33mSLOW SQL >= 200ms
[0m[31;1m[620.777ms] [33m[rows:0][35m SELECT * FROM `rh_queued_tasks` ORDER BY created_at asc, id asc LIMIT 20[0m

2026/10/02 15:18:44 [32mgithub.com/QuantumNous/new-api/zsy/runninghub/queue.go:203 [33mSLOW SQL >= 200ms
[0m[31;1m[924.027ms] [33m[rows:0][35m SELECT * FROM `rh_queued_tasks` WHERE created_at < ? ORDER BY created_at asc LIMIT 50[0m

2026/10/02 15:18:45 [32mgithub.com/QuantumNous/new-api/zsy/runninghub/queue.go:116 [33mSLOW SQL >= 200ms
[0m[31;1m[595.464ms] [33m[rows:0][35m SELECT * FROM `rh_queued_tasks` ORDER BY created_at asc, id asc LIMIT 20[0m

2026/10/02 15:18:52 [32mgithub.com/QuantumNous/new-api/zsy/runninghub/queue.go:203 [33mSLOW SQL >= 200ms
[0m[31;1m[203.213ms] [33m[rows:0][35m SELECT * FROM `rh_queued_tasks` WHERE created_at < ? ORDER BY created_at asc LIMIT 50[0m

2026/10/02 15:18:56 [32mgithub.com/QuantumNous/new-api/zsy/runninghub/queue.go:203 [33mSLOW SQL >= 200ms
[0m[31;1m[511.844ms] [33m[rows:0][35m SELECT * FROM `rh_queued_tasks` WHERE created_at < ? ORDER BY created_at asc LIMIT 50[0m

2026/10/02 15:18:58 [32mgithub.com/QuantumNous/new-api/zsy/runninghub/queue.go:203 [33mSLOW SQL >= 200ms
[0m[31;1m[212.140ms] [33m[rows:0][35m SELECT * FROM `rh_queued_tasks` WHERE created_at < ? ORDER BY created_at asc LIMIT 50[0m

2026/10/02 15:19:01 [32mgithub.com/QuantumNous/new-api/model/db_time.go:16 [33mSLOW SQL >= 200ms
[0m[31;1m[209.473ms] [33m[rows:1][35m SELECT UNIX_TIMESTAMP()[0m

2026/10/02 15:19:02 [32mgithub.com/QuantumNous/new-api/model/subscription.go:1149 [33mSLOW SQL >= 200ms
[0m[31;1m[411.453ms] [33m[rows:0][35m SELECT * FROM `user_subscriptions` WHERE status = ? AND end_time > 0 AND end_time <= ? ORDER BY end_time asc, id asc LIMIT 300[0m

2026/10/02 15:19:02 [32mgithub.com/QuantumNous/new-api/model/subscription.go:1437 [33mSLOW SQL >= 200ms
[0m[31;1m[441.003ms] [33m[rows:0][35m SELECT * FROM `user_subscriptions` WHERE next_reset_time > 0 AND next_reset_time <= ? AND status = ? ORDER BY next_reset_time asc LIMIT 300[0m

2026/10/02 15:19:02 [32mgithub.com/QuantumNous/new-api/model/system_instance.go:69 [33mSLOW SQL >= 200ms
[0m[31;1m[727.828ms] [33m[rows:2][35m INSERT INTO `system_instances` (`node_name`,`info`,`started_at`,`last_seen_at`,`created_at`,`updated_at`) VALUES (?,?,?,?,?,?) ON DUPLICATE KEY UPDATE `info`=VALUES(`info`),`started_at`=VALUES(`started_at`),`last_seen_at`=VALUES(`last_seen_at`),`updated_at`=VALUES(`updated_at`)[0m

2026/10/02 15:19:04 [32mgithub.com/QuantumNous/new-api/model/midjourney.go:116 [33mSLOW SQL >= 200ms
[0m[31;1m[2274.328ms] [33m[rows:0][35m SELECT `id` FROM `midjourneys` WHERE progress != ? LIMIT 1[0m

2026/10/02 15:19:05 [32mgithub.com/QuantumNous/new-api/zsy/runninghub/queue.go:203 [33mSLOW SQL >= 200ms
[0m[31;1m[370.298ms] [33m[rows:0][35m SELECT * FROM `rh_queued_tasks` WHERE created_at < ? ORDER BY created_at asc LIMIT 50[0m

2026/10/02 15:19:05 [32mgithub.com/QuantumNous/new-api/model/task.go:355 [33mSLOW SQL >= 200ms
[0m[31;1m[1155.578ms] [33m[rows:0][35m SELECT `id` FROM `tasks` WHERE progress != ? AND status != ? AND status != ? LIMIT 1[0m

2026/10/02 15:19:05 [32mgithub.com/QuantumNous/new-api/model/system_task.go:216 [33mSLOW SQL >= 200ms
[0m[31;1m[267.908ms] [33m[rows:1][35m SELECT * FROM `system_tasks` WHERE id IN (SELECT MAX(id) FROM `system_tasks` WHERE type IN (?) GROUP BY `type`)[0m

2026/10/02 15:19:08 [32mgithub.com/QuantumNous/new-api/zsy/runninghub/queue.go:203 [33mSLOW SQL >= 200ms
[0m[31;1m[832.181ms] [33m[rows:0][35m SELECT * FROM `rh_queued_tasks` WHERE created_at < ? ORDER BY created_at asc LIMIT 50[0m

2026/10/02 15:19:09 [32mgithub.com/QuantumNous/new-api/zsy/runninghub/queue.go:116 [33mSLOW SQL >= 200ms
[0m[31;1m[609.964ms] [33m[rows:0][35m SELECT * FROM `rh_queued_tasks` ORDER BY created_at asc, id asc LIMIT 20[0m

2026/10/02 15:19:11 [32mgithub.com/QuantumNous/new-api/zsy/runninghub/queue.go:203 [33mSLOW SQL >= 200ms
[0m[31;1m[889.099ms] [33m[rows:0][35m SELECT * FROM `rh_queued_tasks` WHERE created_at < ? ORDER BY created_at asc LIMIT 50[0m

2026/10/02 15:19:20 [32mgithub.com/QuantumNous/new-api/zsy/runninghub/queue.go:203 [33mSLOW SQL >= 200ms
[0m[31;1m[722.423ms] [33m[rows:0][35m SELECT * FROM `rh_queued_tasks` WHERE created_at < ? ORDER BY created_at asc LIMIT 50[0m
[SYS] 2026/10/02 - 15:19:26 | syncing options from database 

2026/10/02 15:19:26 [32mgithub.com/QuantumNous/new-api/model/option.go:26 [33mSLOW SQL >= 200ms
[0m[31;1m[231.991ms] [33m[rows:37][35m SELECT * FROM `options`[0m

2026/10/02 15:19:32 [32mgithub.com/QuantumNous/new-api/model/system_instance.go:69 [33mSLOW SQL >= 200ms
[0m[31;1m[644.275ms] [33m[rows:2][35m INSERT INTO `system_instances` (`node_name`,`info`,`started_at`,`last_seen_at`,`created_at`,`updated_at`) VALUES (?,?,?,?,?,?) ON DUPLICATE KEY UPDATE `info`=VALUES(`info`),`started_at`=VALUES(`started_at`),`last_seen_at`=VALUES(`last_seen_at`),`updated_at`=VALUES(`updated_at`)[0m

2026/10/02 15:19:47 [32mgithub.com/QuantumNous/new-api/zsy/runninghub/queue.go:203 [33mSLOW SQL >= 200ms
[0m[31;1m[279.442ms] [33m[rows:0][35m SELECT * FROM `rh_queued_tasks` WHERE created_at < ? ORDER BY created_at asc LIMIT 50[0m

2026/10/02 15:19:48 [32mgithub.com/QuantumNous/new-api/model/system_task.go:362 [33mSLOW SQL >= 200ms
[0m[31;1m[1490.940ms] [33m[rows:0][35m SELECT * FROM `system_task_locks` WHERE locked_until < ?[0m

2026/10/02 15:19:48 [32mgithub.com/QuantumNous/new-api/model/midjourney.go:116 [33mSLOW SQL >= 200ms
[0m[31;1m[370.450ms] [33m[rows:0][35m SELECT `id` FROM `midjourneys` WHERE progress != ? LIMIT 1[0m

2026/10/02 15:19:49 [32mgithub.com/QuantumNous/new-api/model/system_task.go:216 [33mSLOW SQL >= 200ms
[0m[31;1m[228.947ms] [33m[rows:1][35m SELECT * FROM `system_tasks` WHERE id IN (SELECT MAX(id) FROM `system_tasks` WHERE type IN (?) GROUP BY `type`)[0m

2026/10/02 15:19:49 [32mgithub.com/QuantumNous/new-api/model/system_task.go:169 [33mSLOW SQL >= 200ms
[0m[31;1m[576.982ms] [33m[rows:0][35m SELECT * FROM `system_tasks` WHERE id IN (SELECT MIN(id) FROM `system_tasks` WHERE type IN (?,?,?,?,?) AND status = ? GROUP BY `type`)[0m

2026/10/02 15:19:50 [32mgithub.com/QuantumNous/new-api/zsy/runninghub/queue.go:203 [33mSLOW SQL >= 200ms
[0m[31;1m[962.589ms] [33m[rows:0][35m SELECT * FROM `rh_queued_tasks` WHERE created_at < ? ORDER BY created_at asc LIMIT 50[0m

2026/10/02 15:19:50 [32mgithub.com/QuantumNous/new-api/zsy/runninghub/queue.go:116 [33mSLOW SQL >= 200ms
[0m[31;1m[254.854ms] [33m[rows:0][35m SELECT * FROM `rh_queued_tasks` ORDER BY created_at asc, id asc LIMIT 20[0m

2026/10/02 15:19:53 [32mgithub.com/QuantumNous/new-api/zsy/runninghub/queue.go:203 [33mSLOW SQL >= 200ms
[0m[31;1m[395.285ms] [33m[rows:0][35m SELECT * FROM `rh_queued_tasks` WHERE created_at < ? ORDER BY created_at asc LIMIT 50[0m

2026/10/02 15:19:54 [32mgithub.com/QuantumNous/new-api/zsy/runninghub/queue.go:116 [33mSLOW SQL >= 200ms
[0m[31;1m[915.269ms] [33m[rows:0][35m SELECT * FROM `rh_queued_tasks` ORDER BY created_at asc, id asc LIMIT 20[0m

2026/10/02 15:19:55 [32mgithub.com/QuantumNous/new-api/zsy/runninghub/queue.go:203 [33mSLOW SQL >= 200ms
[0m[31;1m[233.235ms] [33m[rows:0][35m SELECT * FROM `rh_queued_tasks` WHERE created_at < ? ORDER BY created_at asc LIMIT 50[0m

2026/10/02 15:19:56 [32mgithub.com/QuantumNous/new-api/zsy/runninghub/queue.go:116 [33mSLOW SQL >= 200ms
[0m[31;1m[386.552ms] [33m[rows:0][35m SELECT * FROM `rh_queued_tasks` ORDER BY created_at asc, id asc LIMIT 20[0m

2026/10/02 15:19:59 [32mgithub.com/QuantumNous/new-api/zsy/runninghub/queue.go:116 [33mSLOW SQL >= 200ms
[0m[31;1m[202.846ms] [33m[rows:0][35m SELECT * FROM `rh_queued_tasks` ORDER BY created_at asc, id asc LIMIT 20[0m

2026/10/02 15:20:02 [32mgithub.com/QuantumNous/new-api/model/db_time.go:16 [33mSLOW SQL >= 200ms
[0m[31;1m[646.107ms] [33m[rows:1][35m SELECT UNIX_TIMESTAMP()[0m

2026/10/02 15:20:02 [32mgithub.com/QuantumNous/new-api/zsy/runninghub/queue.go:203 [33mSLOW SQL >= 200ms
[0m[31;1m[933.242ms] [33m[rows:0][35m SELECT * FROM `rh_queued_tasks` WHERE created_at < ? ORDER BY created_at asc LIMIT 50[0m

2026/10/02 15:20:02 [32mgithub.com/QuantumNous/new-api/model/system_instance.go:69 [33mSLOW SQL >= 200ms
[0m[31;1m[476.926ms] [33m[rows:2][35m INSERT INTO `system_instances` (`node_name`,`info`,`started_at`,`last_seen_at`,`created_at`,`updated_at`) VALUES (?,?,?,?,?,?) ON DUPLICATE KEY UPDATE `info`=VALUES(`info`),`started_at`=VALUES(`started_at`),`last_seen_at`=VALUES(`last_seen_at`),`updated_at`=VALUES(`updated_at`)[0m

2026/10/02 15:20:05 [32mgithub.com/QuantumNous/new-api/zsy/runninghub/queue.go:203 [33mSLOW SQL >= 200ms
[0m[31;1m[453.681ms] [33m[rows:0][35m SELECT * FROM `rh_queued_tasks` WHERE created_at < ? ORDER BY created_at asc LIMIT 50[0m

2026/10/02 15:20:06 [32mgithub.com/QuantumNous/new-api/zsy/runninghub/queue.go:116 [33mSLOW SQL >= 200ms
[0m[31;1m[899.145ms] [33m[rows:0][35m SELECT * FROM `rh_queued_tasks` ORDER BY created_at asc, id asc LIMIT 20[0m

2026/10/02 15:20:08 [32mgithub.com/QuantumNous/new-api/zsy/runninghub/queue.go:203 [33mSLOW SQL >= 200ms
[0m[31;1m[529.966ms] [33m[rows:0][35m SELECT * FROM `rh_queued_tasks` WHERE created_at < ? ORDER BY created_at asc LIMIT 50[0m

2026/10/02 15:20:08 [32mgithub.com/QuantumNous/new-api/zsy/runninghub/queue.go:116 [33mSLOW SQL >= 200ms
[0m[31;1m[216.958ms] [33m[rows:0][35m SELECT * FROM `rh_queued_tasks` ORDER BY created_at asc, id asc LIMIT 20[0m

2026/10/02 15:20:11 [32mgithub.com/QuantumNous/new-api/zsy/runninghub/queue.go:203 [33mSLOW SQL >= 200ms
[0m[31;1m[461.688ms] [33m[rows:0][35m SELECT * FROM `rh_queued_tasks` WHERE created_at < ? ORDER BY created_at asc LIMIT 50[0m

2026/10/02 15:20:11 [32mgithub.com/QuantumNous/new-api/zsy/runninghub/queue.go:116 [33mSLOW SQL >= 200ms
[0m[31;1m[553.342ms] [33m[rows:0][35m SELECT * FROM `rh_queued_tasks` ORDER BY created_at asc, id asc LIMIT 20[0m

2026/10/02 15:20:14 [32mgithub.com/QuantumNous/new-api/zsy/runninghub/queue.go:203 [33mSLOW SQL >= 200ms
[0m[31;1m[698.146ms] [33m[rows:0][35m SELECT * FROM `rh_queued_tasks` WHERE created_at < ? ORDER BY created_at asc LIMIT 50[0m

2026/10/02 15:20:14 [32mgithub.com/QuantumNous/new-api/zsy/runninghub/queue.go:116 [33mSLOW SQL >= 200ms
[0m[31;1m[446.557ms] [33m[rows:0][35m SELECT * FROM `rh_queued_tasks` ORDER BY created_at asc, id asc LIMIT 20[0m

2026/10/02 15:20:17 [32mgithub.com/QuantumNous/new-api/model/midjourney.go:116 [33mSLOW SQL >= 200ms
[0m[31;1m[609.351ms] [33m[rows:0][35m SELECT `id` FROM `midjourneys` WHERE progress != ? LIMIT 1[0m

2026/10/02 15:20:17 [32mgithub.com/QuantumNous/new-api/zsy/runninghub/queue.go:203 [33mSLOW SQL >= 200ms
[0m[31;1m[688.126ms] [33m[rows:0][35m SELECT * FROM `rh_queued_tasks` WHERE created_at < ? ORDER BY created_at asc LIMIT 50[0m

2026/10/02 15:20:17 [32mgithub.com/QuantumNous/new-api/model/system_task.go:169 [33mSLOW SQL >= 200ms
[0m[31;1m[264.165ms] [33m[rows:0][35m SELECT * FROM `system_tasks` WHERE id IN (SELECT MIN(id) FROM `system_tasks` WHERE type IN (?,?,?,?,?) AND status = ? GROUP BY `type`)[0m

2026/10/02 15:20:20 [32mgithub.com/QuantumNous/new-api/zsy/runninghub/queue.go:116 [33mSLOW SQL >= 200ms
[0m[31;1m[364.402ms] [33m[rows:0][35m SELECT * FROM `rh_queued_tasks` ORDER BY created_at asc, id asc LIMIT 20[0m

2026/10/02 15:20:23 [32mgithub.com/QuantumNous/new-api/zsy/runninghub/queue.go:203 [33mSLOW SQL >= 200ms
[0m[31;1m[722.738ms] [33m[rows:0][35m SELECT * FROM `rh_queued_tasks` WHERE created_at < ? ORDER BY created_at asc LIMIT 50[0m

2026/10/02 15:20:26 [32mgithub.com/QuantumNous/new-api/zsy/runninghub/queue.go:116 [33mSLOW SQL >= 200ms
[0m[31;1m[453.924ms] [33m[rows:0][35m SELECT * FROM `rh_queued_tasks` ORDER BY created_at asc, id asc LIMIT 20[0m
[SYS] 2026/10/02 - 15:20:26 | syncing options from database 

2026/10/02 15:20:27 [32mgithub.com/QuantumNous/new-api/model/option.go:26 [33mSLOW SQL >= 200ms
[0m[31;1m[856.767ms] [33m[rows:37][35m SELECT * FROM `options`[0m

2026/10/02 15:20:28 [32mgithub.com/QuantumNous/new-api/zsy/runninghub/queue.go:203 [33mSLOW SQL >= 200ms
[0m[31;1m[218.320ms] [33m[rows:0][35m SELECT * FROM `rh_queued_tasks` WHERE created_at < ? ORDER BY created_at asc LIMIT 50[0m

2026/10/02 15:20:30 [32mgithub.com/QuantumNous/new-api/service/authz/adapter.go:23 [33mSLOW SQL >= 200ms
[0m[31;1m[833.022ms] [33m[rows:3][35m SELECT * FROM `casbin_rule` ORDER BY id asc[0m

2026/10/02 15:20:33 [32mgithub.com/QuantumNous/new-api/model/system_instance.go:69 [33mSLOW SQL >= 200ms
[0m[31;1m[1068.707ms] [33m[rows:2][35m INSERT INTO `system_instances` (`node_name`,`info`,`started_at`,`last_seen_at`,`created_at`,`updated_at`) VALUES (?,?,?,?,?,?) ON DUPLICATE KEY UPDATE `info`=VALUES(`info`),`started_at`=VALUES(`started_at`),`last_seen_at`=VALUES(`last_seen_at`),`updated_at`=VALUES(`updated_at`)[0m

2026/10/02 15:20:35 [32mgithub.com/QuantumNous/new-api/zsy/runninghub/queue.go:203 [33mSLOW SQL >= 200ms
[0m[31;1m[387.377ms] [33m[rows:0][35m SELECT * FROM `rh_queued_tasks` WHERE created_at < ? ORDER BY created_at asc LIMIT 50[0m

2026/10/02 15:20:35 [32mgithub.com/QuantumNous/new-api/zsy/runninghub/queue.go:116 [33mSLOW SQL >= 200ms
[0m[31;1m[415.490ms] [33m[rows:0][35m SELECT * FROM `rh_queued_tasks` ORDER BY created_at asc, id asc LIMIT 20[0m

2026/10/02 15:20:46 [32mgithub.com/QuantumNous/new-api/model/midjourney.go:116 [33mSLOW SQL >= 200ms
[0m[31;1m[222.083ms] [33m[rows:0][35m SELECT `id` FROM `midjourneys` WHERE progress != ? LIMIT 1[0m

2026/10/02 15:20:46 [32mgithub.com/QuantumNous/new-api/zsy/runninghub/queue.go:203 [33mSLOW SQL >= 200ms
[0m[31;1m[221.542ms] [33m[rows:0][35m SELECT * FROM `rh_queued_tasks` WHERE created_at < ? ORDER BY created_at asc LIMIT 50[0m

2026/10/02 15:20:47 [32mgithub.com/QuantumNous/new-api/zsy/runninghub/queue.go:116 [33mSLOW SQL >= 200ms
[0m[31;1m[501.880ms] [33m[rows:0][35m SELECT * FROM `rh_queued_tasks` ORDER BY created_at asc, id asc LIMIT 20[0m

2026/10/02 15:20:47 [32mgithub.com/QuantumNous/new-api/model/task.go:355 [33mSLOW SQL >= 200ms
[0m[31;1m[579.607ms] [33m[rows:0][35m SELECT `id` FROM `tasks` WHERE progress != ? AND status != ? AND status != ? LIMIT 1[0m

2026/10/02 15:20:50 [32mgithub.com/QuantumNous/new-api/zsy/runninghub/queue.go:116 [33mSLOW SQL >= 200ms
[0m[31;1m[410.371ms] [33m[rows:0][35m SELECT * FROM `rh_queued_tasks` ORDER BY created_at asc, id asc LIMIT 20[0m

2026/10/02 15:20:53 [32mgithub.com/QuantumNous/new-api/zsy/runninghub/queue.go:203 [33mSLOW SQL >= 200ms
[0m[31;1m[277.669ms] [33m[rows:0][35m SELECT * FROM `rh_queued_tasks` WHERE created_at < ? ORDER BY created_at asc LIMIT 50[0m

2026/10/02 15:20:56 [32mgithub.com/QuantumNous/new-api/zsy/runninghub/queue.go:203 [33mSLOW SQL >= 200ms
[0m[31;1m[724.204ms] [33m[rows:0][35m SELECT * FROM `rh_queued_tasks` WHERE created_at < ? ORDER BY created_at asc LIMIT 50[0m

2026/10/02 15:20:56 [32mgithub.com/QuantumNous/new-api/zsy/runninghub/queue.go:116 [33mSLOW SQL >= 200ms
[0m[31;1m[203.627ms] [33m[rows:0][35m SELECT * FROM `rh_queued_tasks` ORDER BY created_at asc, id asc LIMIT 20[0m

2026/10/02 15:20:59 [32mgithub.com/QuantumNous/new-api/zsy/runninghub/queue.go:203 [33mSLOW SQL >= 200ms
[0m[31;1m[401.525ms] [33m[rows:0][35m SELECT * FROM `rh_queued_tasks` WHERE created_at < ? ORDER BY created_at asc LIMIT 50[0m

2026/10/02 15:21:00 [32mgithub.com/QuantumNous/new-api/zsy/runninghub/queue.go:116 [33mSLOW SQL >= 200ms
[0m[31;1m[1045.329ms] [33m[rows:0][35m SELECT * FROM `rh_queued_tasks` ORDER BY created_at asc, id asc LIMIT 20[0m
[SYS] 2026/10/02 - 15:21:01 | 正在更新数据看板数据... 
[SYS] 2026/10/02 - 15:21:01 | 保存数据看板数据成功，共保存0条数据 

2026/10/02 15:21:02 [32mgithub.com/QuantumNous/new-api/model/db_time.go:16 [33mSLOW SQL >= 200ms
[0m[31;1m[739.442ms] [33m[rows:1][35m SELECT UNIX_TIMESTAMP()[0m

2026/10/02 15:21:04 [32mgithub.com/QuantumNous/new-api/zsy/runninghub/queue.go:203 [33mSLOW SQL >= 200ms
[0m[31;1m[2396.152ms] [33m[rows:0][35m SELECT * FROM `rh_queued_tasks` WHERE created_at < ? ORDER BY created_at asc LIMIT 50[0m

2026/10/02 15:21:04 [32mgithub.com/QuantumNous/new-api/model/system_task.go:169 [33mSLOW SQL >= 200ms
[0m[31;1m[2410.347ms] [33m[rows:0][35m SELECT * FROM `system_tasks` WHERE id IN (SELECT MIN(id) FROM `system_tasks` WHERE type IN (?,?,?,?,?) AND status = ? GROUP BY `type`)[0m

2026/10/02 15:21:04 [32mgithub.com/QuantumNous/new-api/model/subscription.go:1149 [33mSLOW SQL >= 200ms
[0m[31;1m[1741.062ms] [33m[rows:0][35m SELECT * FROM `user_subscriptions` WHERE status = ? AND end_time > 0 AND end_time <= ? ORDER BY end_time asc, id asc LIMIT 300[0m

2026/10/02 15:21:04 [32mgithub.com/QuantumNous/new-api/zsy/runninghub/queue.go:116 [33mSLOW SQL >= 200ms
[0m[31;1m[252.282ms] [33m[rows:0][35m SELECT * FROM `rh_queued_tasks` ORDER BY created_at asc, id asc LIMIT 20[0m

2026/10/02 15:21:04 [32mgithub.com/QuantumNous/new-api/model/db_time.go:16 [33mSLOW SQL >= 200ms
[0m[31;1m[276.999ms] [33m[rows:1][35m SELECT UNIX_TIMESTAMP()[0m

2026/10/02 15:21:04 [32mgithub.com/QuantumNous/new-api/model/system_instance.go:69 [33mSLOW SQL >= 200ms
[0m[31;1m[2303.460ms] [33m[rows:2][35m INSERT INTO `system_instances` (`node_name`,`info`,`started_at`,`last_seen_at`,`created_at`,`updated_at`) VALUES (?,?,?,?,?,?) ON DUPLICATE KEY UPDATE `info`=VALUES(`info`),`started_at`=VALUES(`started_at`),`last_seen_at`=VALUES(`last_seen_at`),`updated_at`=VALUES(`updated_at`)[0m

2026/10/02 15:21:04 [32mgithub.com/QuantumNous/new-api/model/subscription.go:1437 [33mSLOW SQL >= 200ms
[0m[31;1m[460.149ms] [33m[rows:0][35m SELECT * FROM `user_subscriptions` WHERE next_reset_time > 0 AND next_reset_time <= ? AND status = ? ORDER BY next_reset_time asc LIMIT 300[0m

2026/10/02 15:21:05 [32mgithub.com/QuantumNous/new-api/zsy/runninghub/queue.go:203 [33mSLOW SQL >= 200ms
[0m[31;1m[586.810ms] [33m[rows:0][35m SELECT * FROM `rh_queued_tasks` WHERE created_at < ? ORDER BY created_at asc LIMIT 50[0m

2026/10/02 15:21:06 [32mgithub.com/QuantumNous/new-api/zsy/runninghub/queue.go:116 [33mSLOW SQL >= 200ms
[0m[31;1m[852.696ms] [33m[rows:0][35m SELECT * FROM `rh_queued_tasks` ORDER BY created_at asc, id asc LIMIT 20[0m

2026/10/02 15:21:08 [32mgithub.com/QuantumNous/new-api/zsy/runninghub/queue.go:203 [33mSLOW SQL >= 200ms
[0m[31;1m[451.457ms] [33m[rows:0][35m SELECT * FROM `rh_queued_tasks` WHERE created_at < ? ORDER BY created_at asc LIMIT 50[0m

2026/10/02 15:21:08 [32mgithub.com/QuantumNous/new-api/zsy/runninghub/queue.go:116 [33mSLOW SQL >= 200ms
[0m[31;1m[636.965ms] [33m[rows:0][35m SELECT * FROM `rh_queued_tasks` ORDER BY created_at asc, id asc LIMIT 20[0m

2026/10/02 15:21:11 [32mgithub.com/QuantumNous/new-api/zsy/runninghub/queue.go:203 [33mSLOW SQL >= 200ms
[0m[31;1m[281.785ms] [33m[rows:0][35m SELECT * FROM `rh_queued_tasks` WHERE created_at < ? ORDER BY created_at asc LIMIT 50[0m

2026/10/02 15:21:11 [32mgithub.com/QuantumNous/new-api/zsy/runninghub/queue.go:116 [33mSLOW SQL >= 200ms
[0m[31;1m[539.055ms] [33m[rows:0][35m SELECT * FROM `rh_queued_tasks` ORDER BY created_at asc, id asc LIMIT 20[0m

2026/10/02 15:21:14 [32mgithub.com/QuantumNous/new-api/zsy/runninghub/queue.go:203 [33mSLOW SQL >= 200ms
[0m[31;1m[254.350ms] [33m[rows:0][35m SELECT * FROM `rh_queued_tasks` WHERE created_at < ? ORDER BY created_at asc LIMIT 50[0m

2026/10/02 15:21:17 [32mgithub.com/QuantumNous/new-api/model/system_task.go:362 [33mSLOW SQL >= 200ms
[0m[31;1m[497.039ms] [33m[rows:0][35m SELECT * FROM `system_task_locks` WHERE locked_until < ?[0m

2026/10/02 15:21:17 [32mgithub.com/QuantumNous/new-api/model/midjourney.go:116 [33mSLOW SQL >= 200ms
[0m[31;1m[340.674ms] [33m[rows:0][35m SELECT `id` FROM `midjourneys` WHERE progress != ? LIMIT 1[0m

2026/10/02 15:21:18 [32mgithub.com/QuantumNous/new-api/zsy/runninghub/queue.go:203 [33mSLOW SQL >= 200ms
[0m[31;1m[1325.163ms] [33m[rows:0][35m SELECT * FROM `rh_queued_tasks` WHERE created_at < ? ORDER BY created_at asc LIMIT 50[0m

2026/10/02 15:21:18 [32mgithub.com/QuantumNous/new-api/model/task.go:355 [33mSLOW SQL >= 200ms
[0m[31;1m[611.986ms] [33m[rows:0][35m SELECT `id` FROM `tasks` WHERE progress != ? AND status != ? AND status != ? LIMIT 1[0m

2026/10/02 15:21:18 [32mgithub.com/QuantumNous/new-api/zsy/runninghub/queue.go:116 [33mSLOW SQL >= 200ms
[0m[31;1m[314.810ms] [33m[rows:0][35m SELECT * FROM `rh_queued_tasks` ORDER BY created_at asc, id asc LIMIT 20[0m

2026/10/02 15:21:18 [32mgithub.com/QuantumNous/new-api/model/system_task.go:216 [33mSLOW SQL >= 200ms
[0m[31;1m[577.636ms] [33m[rows:1][35m SELECT * FROM `system_tasks` WHERE id IN (SELECT MAX(id) FROM `system_tasks` WHERE type IN (?) GROUP BY `type`)[0m

2026/10/02 15:21:19 [32mgithub.com/QuantumNous/new-api/model/system_task.go:169 [33mSLOW SQL >= 200ms
[0m[31;1m[1037.335ms] [33m[rows:0][35m SELECT * FROM `system_tasks` WHERE id IN (SELECT MIN(id) FROM `system_tasks` WHERE type IN (?,?,?,?,?) AND status = ? GROUP BY `type`)[0m

2026/10/02 15:21:20 [32mgithub.com/QuantumNous/new-api/zsy/runninghub/queue.go:203 [33mSLOW SQL >= 200ms
[0m[31;1m[793.586ms] [33m[rows:0][35m SELECT * FROM `rh_queued_tasks` WHERE created_at < ? ORDER BY created_at asc LIMIT 50[0m

2026/10/02 15:21:25 [32mgithub.com/QuantumNous/new-api/zsy/runninghub/queue.go:203 [33mSLOW SQL >= 200ms
[0m[31;1m[203.380ms] [33m[rows:0][35m SELECT * FROM `rh_queued_tasks` WHERE created_at < ? ORDER BY created_at asc LIMIT 50[0m

2026/10/02 15:21:26 [32mgithub.com/QuantumNous/new-api/zsy/runninghub/queue.go:116 [33mSLOW SQL >= 200ms
[0m[31;1m[304.388ms] [33m[rows:0][35m SELECT * FROM `rh_queued_tasks` ORDER BY created_at asc, id asc LIMIT 20[0m
[SYS] 2026/10/02 - 15:21:27 | syncing options from database 

2026/10/02 15:21:28 [32mgithub.com/QuantumNous/new-api/model/option.go:26 [33mSLOW SQL >= 200ms
[0m[31;1m[693.819ms] [33m[rows:37][35m SELECT * FROM `options`[0m

2026/10/02 15:21:29 [32mgithub.com/QuantumNous/new-api/zsy/runninghub/queue.go:116 [33mSLOW SQL >= 200ms
[0m[31;1m[519.105ms] [33m[rows:0][35m SELECT * FROM `rh_queued_tasks` ORDER BY created_at asc, id asc LIMIT 20[0m

2026/10/02 15:21:33 [32mgithub.com/QuantumNous/new-api/model/system_instance.go:69 [33mSLOW SQL >= 200ms
[0m[31;1m[946.989ms] [33m[rows:2][35m INSERT INTO `system_instances` (`node_name`,`info`,`started_at`,`last_seen_at`,`created_at`,`updated_at`) VALUES (?,?,?,?,?,?) ON DUPLICATE KEY UPDATE `info`=VALUES(`info`),`started_at`=VALUES(`started_at`),`last_seen_at`=VALUES(`last_seen_at`),`updated_at`=VALUES(`updated_at`)[0m

2026/10/02 15:21:35 [32mgithub.com/QuantumNous/new-api/zsy/runninghub/queue.go:203 [33mSLOW SQL >= 200ms
[0m[31;1m[1020.186ms] [33m[rows:0][35m SELECT * FROM `rh_queued_tasks` WHERE created_at < ? ORDER BY created_at asc LIMIT 50[0m

2026/10/02 15:21:38 [32mgithub.com/QuantumNous/new-api/zsy/runninghub/queue.go:203 [33mSLOW SQL >= 200ms
[0m[31;1m[279.857ms] [33m[rows:0][35m SELECT * FROM `rh_queued_tasks` WHERE created_at < ? ORDER BY created_at asc LIMIT 50[0m

2026/10/02 15:21:38 [32mgithub.com/QuantumNous/new-api/zsy/runninghub/queue.go:116 [33mSLOW SQL >= 200ms
[0m[31;1m[247.850ms] [33m[rows:0][35m SELECT * FROM `rh_queued_tasks` ORDER BY created_at asc, id asc LIMIT 20[0m

2026/10/02 15:21:41 [32mgithub.com/QuantumNous/new-api/zsy/runninghub/queue.go:116 [33mSLOW SQL >= 200ms
[0m[31;1m[537.644ms] [33m[rows:0][35m SELECT * FROM `rh_queued_tasks` ORDER BY created_at asc, id asc LIMIT 20[0m

2026/10/02 15:21:46 [32mgithub.com/QuantumNous/new-api/model/midjourney.go:116 [33mSLOW SQL >= 200ms
[0m[31;1m[227.562ms] [33m[rows:0][35m SELECT `id` FROM `midjourneys` WHERE progress != ? LIMIT 1[0m

2026/10/02 15:21:46 [32mgithub.com/QuantumNous/new-api/zsy/runninghub/queue.go:203 [33mSLOW SQL >= 200ms
[0m[31;1m[227.402ms] [33m[rows:0][35m SELECT * FROM `rh_queued_tasks` WHERE created_at < ? ORDER BY created_at asc LIMIT 50[0m

2026/10/02 15:21:50 [32mgithub.com/QuantumNous/new-api/zsy/runninghub/queue.go:203 [33mSLOW SQL >= 200ms
[0m[31;1m[861.211ms] [33m[rows:0][35m SELECT * FROM `rh_queued_tasks` WHERE created_at < ? ORDER BY created_at asc LIMIT 50[0m

2026/10/02 15:21:50 [32mgithub.com/QuantumNous/new-api/zsy/runninghub/queue.go:116 [33mSLOW SQL >= 200ms
[0m[31;1m[224.146ms] [33m[rows:0][35m SELECT * FROM `rh_queued_tasks` ORDER BY created_at asc, id asc LIMIT 20[0m

2026/10/02 15:22:02 [32mgithub.com/QuantumNous/new-api/model/db_time.go:16 [33mSLOW SQL >= 200ms
[0m[31;1m[466.851ms] [33m[rows:1][35m SELECT UNIX_TIMESTAMP()[0m

2026/10/02 15:22:02 [32mgithub.com/QuantumNous/new-api/zsy/runninghub/queue.go:203 [33mSLOW SQL >= 200ms
[0m[31;1m[465.829ms] [33m[rows:0][35m SELECT * FROM `rh_queued_tasks` WHERE created_at < ? ORDER BY created_at asc LIMIT 50[0m

2026/10/02 15:22:02 [32mgithub.com/QuantumNous/new-api/model/system_task.go:362 [33mSLOW SQL >= 200ms
[0m[31;1m[608.660ms] [33m[rows:0][35m SELECT * FROM `system_task_locks` WHERE locked_until < ?[0m

2026/10/02 15:22:02 [32mgithub.com/QuantumNous/new-api/model/subscription.go:1149 [33mSLOW SQL >= 200ms
[0m[31;1m[220.028ms] [33m[rows:0][35m SELECT * FROM `user_subscriptions` WHERE status = ? AND end_time > 0 AND end_time <= ? ORDER BY end_time asc, id asc LIMIT 300[0m

2026/10/02 15:22:02 [32mgithub.com/QuantumNous/new-api/model/system_instance.go:69 [33mSLOW SQL >= 200ms
[0m[31;1m[420.784ms] [33m[rows:2][35m INSERT INTO `system_instances` (`node_name`,`info`,`started_at`,`last_seen_at`,`created_at`,`updated_at`) VALUES (?,?,?,?,?,?) ON DUPLICATE KEY UPDATE `info`=VALUES(`info`),`started_at`=VALUES(`started_at`),`last_seen_at`=VALUES(`last_seen_at`),`updated_at`=VALUES(`updated_at`)[0m

2026/10/02 15:22:07 [32mgithub.com/QuantumNous/new-api/zsy/runninghub/queue.go:203 [33mSLOW SQL >= 200ms
[0m[31;1m[2443.010ms] [33m[rows:0][35m SELECT * FROM `rh_queued_tasks` WHERE created_at < ? ORDER BY created_at asc LIMIT 50[0m

2026/10/02 15:22:08 [32mgithub.com/QuantumNous/new-api/zsy/runninghub/queue.go:116 [33mSLOW SQL >= 200ms
[0m[31;1m[1214.860ms] [33m[rows:0][35m SELECT * FROM `rh_queued_tasks` ORDER BY created_at asc, id asc LIMIT 20[0m

2026/10/02 15:22:11 [32mgithub.com/QuantumNous/new-api/zsy/runninghub/queue.go:116 [33mSLOW SQL >= 200ms
[0m[31;1m[372.436ms] [33m[rows:0][35m SELECT * FROM `rh_queued_tasks` ORDER BY created_at asc, id asc LIMIT 20[0m

2026/10/02 15:22:17 [32mgithub.com/QuantumNous/new-api/zsy/runninghub/queue.go:116 [33mSLOW SQL >= 200ms
[0m[31;1m[760.912ms] [33m[rows:0][35m SELECT * FROM `rh_queued_tasks` ORDER BY created_at asc, id asc LIMIT 20[0m

2026/10/02 15:22:17 [32mgithub.com/QuantumNous/new-api/model/midjourney.go:116 [33mSLOW SQL >= 200ms
[0m[31;1m[1218.487ms] [33m[rows:0][35m SELECT `id` FROM `midjourneys` WHERE progress != ? LIMIT 1[0m

2026/10/02 15:22:18 [32mgithub.com/QuantumNous/new-api/model/task.go:355 [33mSLOW SQL >= 200ms
[0m[31;1m[402.624ms] [33m[rows:0][35m SELECT `id` FROM `tasks` WHERE progress != ? AND status != ? AND status != ? LIMIT 1[0m

2026/10/02 15:22:19 [32mgithub.com/QuantumNous/new-api/model/system_task.go:216 [33mSLOW SQL >= 200ms
[0m[31;1m[1180.420ms] [33m[rows:1][35m SELECT * FROM `system_tasks` WHERE id IN (SELECT MAX(id) FROM `system_tasks` WHERE type IN (?) GROUP BY `type`)[0m

2026/10/02 15:22:19 [32mgithub.com/QuantumNous/new-api/model/system_task.go:169 [33mSLOW SQL >= 200ms
[0m[31;1m[286.956ms] [33m[rows:0][35m SELECT * FROM `system_tasks` WHERE id IN (SELECT MIN(id) FROM `system_tasks` WHERE type IN (?,?,?,?,?) AND status = ? GROUP BY `type`)[0m

2026/10/02 15:22:23 [32mgithub.com/QuantumNous/new-api/zsy/runninghub/queue.go:116 [33mSLOW SQL >= 200ms
[0m[31;1m[681.049ms] [33m[rows:0][35m SELECT * FROM `rh_queued_tasks` ORDER BY created_at asc, id asc LIMIT 20[0m

2026/10/02 15:22:26 [32mgithub.com/QuantumNous/new-api/zsy/runninghub/queue.go:203 [33mSLOW SQL >= 200ms
[0m[31;1m[372.578ms] [33m[rows:0][35m SELECT * FROM `rh_queued_tasks` WHERE created_at < ? ORDER BY created_at asc LIMIT 50[0m

2026/10/02 15:22:26 [32mgithub.com/QuantumNous/new-api/zsy/runninghub/queue.go:116 [33mSLOW SQL >= 200ms
[0m[31;1m[856.793ms] [33m[rows:0][35m SELECT * FROM `rh_queued_tasks` ORDER BY created_at asc, id asc LIMIT 20[0m
[SYS] 2026/10/02 - 15:22:28 | syncing options from database 

2026/10/02 15:22:29 [32mgithub.com/QuantumNous/new-api/zsy/runninghub/queue.go:203 [33mSLOW SQL >= 200ms
[0m[31;1m[749.463ms] [33m[rows:0][35m SELECT * FROM `rh_queued_tasks` WHERE created_at < ? ORDER BY created_at asc LIMIT 50[0m

2026/10/02 15:22:30 [32mgithub.com/QuantumNous/new-api/model/option.go:26 [33mSLOW SQL >= 200ms
[0m[31;1m[1776.792ms] [33m[rows:37][35m SELECT * FROM `options`[0m

2026/10/02 15:22:30 [32mgithub.com/QuantumNous/new-api/zsy/runninghub/queue.go:116 [33mSLOW SQL >= 200ms
[0m[31;1m[660.311ms] [33m[rows:0][35m SELECT * FROM `rh_queued_tasks` ORDER BY created_at asc, id asc LIMIT 20[0m

2026/10/02 15:22:31 [32mgithub.com/QuantumNous/new-api/service/authz/adapter.go:23 [33mSLOW SQL >= 200ms
[0m[31;1m[1197.575ms] [33m[rows:3][35m SELECT * FROM `casbin_rule` ORDER BY id asc[0m

2026/10/02 15:22:32 [32mgithub.com/QuantumNous/new-api/zsy/runninghub/queue.go:203 [33mSLOW SQL >= 200ms
[0m[31;1m[338.053ms] [33m[rows:0][35m SELECT * FROM `rh_queued_tasks` WHERE created_at < ? ORDER BY created_at asc LIMIT 50[0m

2026/10/02 15:22:32 [32mgithub.com/QuantumNous/new-api/model/system_task.go:169 [33mSLOW SQL >= 200ms
[0m[31;1m[341.990ms] [33m[rows:0][35m SELECT * FROM `system_tasks` WHERE id IN (SELECT MIN(id) FROM `system_tasks` WHERE type IN (?,?,?,?,?) AND status = ? GROUP BY `type`)[0m

2026/10/02 15:22:33 [32mgithub.com/QuantumNous/new-api/model/system_instance.go:69 [33mSLOW SQL >= 200ms
[0m[31;1m[1580.094ms] [33m[rows:2][35m INSERT INTO `system_instances` (`node_name`,`info`,`started_at`,`last_seen_at`,`created_at`,`updated_at`) VALUES (?,?,?,?,?,?) ON DUPLICATE KEY UPDATE `info`=VALUES(`info`),`started_at`=VALUES(`started_at`),`last_seen_at`=VALUES(`last_seen_at`),`updated_at`=VALUES(`updated_at`)[0m

2026/10/02 15:22:35 [32mgithub.com/QuantumNous/new-api/zsy/runninghub/queue.go:203 [33mSLOW SQL >= 200ms
[0m[31;1m[273.143ms] [33m[rows:0][35m SELECT * FROM `rh_queued_tasks` WHERE created_at < ? ORDER BY created_at asc LIMIT 50[0m

2026/10/02 15:22:38 [32mgithub.com/QuantumNous/new-api/zsy/runninghub/queue.go:203 [33mSLOW SQL >= 200ms
[0m[31;1m[387.532ms] [33m[rows:0][35m SELECT * FROM `rh_queued_tasks` WHERE created_at < ? ORDER BY created_at asc LIMIT 50[0m

2026/10/02 15:22:41 [32mgithub.com/QuantumNous/new-api/zsy/runninghub/queue.go:116 [33mSLOW SQL >= 200ms
[0m[31;1m[839.355ms] [33m[rows:0][35m SELECT * FROM `rh_queued_tasks` ORDER BY created_at asc, id asc LIMIT 20[0m

2026/10/02 15:22:46 [32mgithub.com/QuantumNous/new-api/zsy/runninghub/queue.go:203 [33mSLOW SQL >= 200ms
[0m[31;1m[211.585ms] [33m[rows:0][35m SELECT * FROM `rh_queued_tasks` WHERE created_at < ? ORDER BY created_at asc LIMIT 50[0m

2026/10/02 15:22:47 [32mgithub.com/QuantumNous/new-api/zsy/runninghub/queue.go:116 [33mSLOW SQL >= 200ms
[0m[31;1m[469.620ms] [33m[rows:0][35m SELECT * FROM `rh_queued_tasks` ORDER BY created_at asc, id asc LIMIT 20[0m

2026/10/02 15:22:47 [32mgithub.com/QuantumNous/new-api/model/system_task.go:362 [33mSLOW SQL >= 200ms
[0m[31;1m[682.021ms] [33m[rows:0][35m SELECT * FROM `system_task_locks` WHERE locked_until < ?[0m

2026/10/02 15:22:50 [32mgithub.com/QuantumNous/new-api/zsy/runninghub/queue.go:203 [33mSLOW SQL >= 200ms
[0m[31;1m[265.056ms] [33m[rows:0][35m SELECT * FROM `rh_queued_tasks` WHERE created_at < ? ORDER BY created_at asc LIMIT 50[0m

2026/10/02 15:22:50 [32mgithub.com/QuantumNous/new-api/zsy/runninghub/queue.go:116 [33mSLOW SQL >= 200ms
[0m[31;1m[424.907ms] [33m[rows:0][35m SELECT * FROM `rh_queued_tasks` ORDER BY created_at asc, id asc LIMIT 20[0m

2026/10/02 15:22:53 [32mgithub.com/QuantumNous/new-api/zsy/runninghub/queue.go:203 [33mSLOW SQL >= 200ms
[0m[31;1m[286.657ms] [33m[rows:0][35m SELECT * FROM `rh_queued_tasks` WHERE created_at < ? ORDER BY created_at asc LIMIT 50[0m

2026/10/02 15:22:53 [32mgithub.com/QuantumNous/new-api/zsy/runninghub/queue.go:116 [33mSLOW SQL >= 200ms
[0m[31;1m[277.585ms] [33m[rows:0][35m SELECT * FROM `rh_queued_tasks` ORDER BY created_at asc, id asc LIMIT 20[0m

2026/10/02 15:22:59 [32mgithub.com/QuantumNous/new-api/zsy/runninghub/queue.go:203 [33mSLOW SQL >= 200ms
[0m[31;1m[369.374ms] [33m[rows:0][35m SELECT * FROM `rh_queued_tasks` WHERE created_at < ? ORDER BY created_at asc LIMIT 50[0m

2026/10/02 15:23:01 [32mgithub.com/QuantumNous/new-api/model/db_time.go:16 [33mSLOW SQL >= 200ms
[0m[31;1m[236.646ms] [33m[rows:1][35m SELECT UNIX_TIMESTAMP()[0m

2026/10/02 15:23:02 [32mgithub.com/QuantumNous/new-api/model/subscription.go:1149 [33mSLOW SQL >= 200ms
[0m[31;1m[357.095ms] [33m[rows:0][35m SELECT * FROM `user_subscriptions` WHERE status = ? AND end_time > 0 AND end_time <= ? ORDER BY end_time asc, id asc LIMIT 300[0m

2026/10/02 15:23:02 [32mgithub.com/QuantumNous/new-api/model/subscription.go:1437 [33mSLOW SQL >= 200ms
[0m[31;1m[481.840ms] [33m[rows:0][35m SELECT * FROM `user_subscriptions` WHERE next_reset_time > 0 AND next_reset_time <= ? AND status = ? ORDER BY next_reset_time asc LIMIT 300[0m

2026/10/02 15:23:02 [32mgithub.com/QuantumNous/new-api/model/system_instance.go:69 [33mSLOW SQL >= 200ms
[0m[31;1m[698.814ms] [33m[rows:2][35m INSERT INTO `system_instances` (`node_name`,`info`,`started_at`,`last_seen_at`,`created_at`,`updated_at`) VALUES (?,?,?,?,?,?) ON DUPLICATE KEY UPDATE `info`=VALUES(`info`),`started_at`=VALUES(`started_at`),`last_seen_at`=VALUES(`last_seen_at`),`updated_at`=VALUES(`updated_at`)[0m

2026/10/02 15:23:04 [32mgithub.com/QuantumNous/new-api/model/midjourney.go:116 [33mSLOW SQL >= 200ms
[0m[31;1m[2689.331ms] [33m[rows:0][35m SELECT `id` FROM `midjourneys` WHERE progress != ? LIMIT 1[0m

2026/10/02 15:23:05 [32mgithub.com/QuantumNous/new-api/zsy/runninghub/queue.go:203 [33mSLOW SQL >= 200ms
[0m[31;1m[305.406ms] [33m[rows:0][35m SELECT * FROM `rh_queued_tasks` WHERE created_at < ? ORDER BY created_at asc LIMIT 50[0m

2026/10/02 15:23:05 [32mgithub.com/QuantumNous/new-api/zsy/runninghub/queue.go:116 [33mSLOW SQL >= 200ms
[0m[31;1m[560.990ms] [33m[rows:0][35m SELECT * FROM `rh_queued_tasks` ORDER BY created_at asc, id asc LIMIT 20[0m

2026/10/02 15:23:05 [32mgithub.com/QuantumNous/new-api/model/task.go:355 [33mSLOW SQL >= 200ms
[0m[31;1m[1444.526ms] [33m[rows:0][35m SELECT `id` FROM `tasks` WHERE progress != ? AND status != ? AND status != ? LIMIT 1[0m

2026/10/02 15:23:06 [32mgithub.com/QuantumNous/new-api/model/system_task.go:216 [33mSLOW SQL >= 200ms
[0m[31;1m[991.769ms] [33m[rows:1][35m SELECT * FROM `system_tasks` WHERE id IN (SELECT MAX(id) FROM `system_tasks` WHERE type IN (?) GROUP BY `type`)[0m

2026/10/02 15:23:11 [32mgithub.com/QuantumNous/new-api/zsy/runninghub/queue.go:116 [33mSLOW SQL >= 200ms
[0m[31;1m[1040.473ms] [33m[rows:0][35m SELECT * FROM `rh_queued_tasks` ORDER BY created_at asc, id asc LIMIT 20[0m

2026/10/02 15:23:17 [32mgithub.com/QuantumNous/new-api/model/midjourney.go:116 [33mSLOW SQL >= 200ms
[0m[31;1m[237.060ms] [33m[rows:0][35m SELECT `id` FROM `midjourneys` WHERE progress != ? LIMIT 1[0m

2026/10/02 15:23:17 [32mgithub.com/QuantumNous/new-api/model/task.go:355 [33mSLOW SQL >= 200ms
[0m[31;1m[432.563ms] [33m[rows:0][35m SELECT `id` FROM `tasks` WHERE progress != ? AND status != ? AND status != ? LIMIT 1[0m

2026/10/02 15:23:17 [32mgithub.com/QuantumNous/new-api/zsy/runninghub/queue.go:116 [33mSLOW SQL >= 200ms
[0m[31;1m[676.374ms] [33m[rows:0][35m SELECT * FROM `rh_queued_tasks` ORDER BY created_at asc, id asc LIMIT 20[0m

2026/10/02 15:23:20 [32mgithub.com/QuantumNous/new-api/zsy/runninghub/queue.go:203 [33mSLOW SQL >= 200ms
[0m[31;1m[488.050ms] [33m[rows:0][35m SELECT * FROM `rh_queued_tasks` WHERE created_at < ? ORDER BY created_at asc LIMIT 50[0m

2026/10/02 15:23:20 [32mgithub.com/QuantumNous/new-api/zsy/runninghub/queue.go:116 [33mSLOW SQL >= 200ms
[0m[31;1m[365.385ms] [33m[rows:0][35m SELECT * FROM `rh_queued_tasks` ORDER BY created_at asc, id asc LIMIT 20[0m

2026/10/02 15:23:21 [32mgithub.com/QuantumNous/new-api/model/system_task.go:216 [33mSLOW SQL >= 200ms
[0m[31;1m[3709.094ms] [33m[rows:1][35m SELECT * FROM `system_tasks` WHERE id IN (SELECT MAX(id) FROM `system_tasks` WHERE type IN (?) GROUP BY `type`)[0m

2026/10/02 15:23:21 [32mgithub.com/QuantumNous/new-api/model/system_task.go:169 [33mSLOW SQL >= 200ms
[0m[31;1m[401.569ms] [33m[rows:0][35m SELECT * FROM `system_tasks` WHERE id IN (SELECT MIN(id) FROM `system_tasks` WHERE type IN (?,?,?,?,?) AND status = ? GROUP BY `type`)[0m

2026/10/02 15:23:23 [32mgithub.com/QuantumNous/new-api/zsy/runninghub/queue.go:203 [33mSLOW SQL >= 200ms
[0m[31;1m[552.124ms] [33m[rows:0][35m SELECT * FROM `rh_queued_tasks` WHERE created_at < ? ORDER BY created_at asc LIMIT 50[0m

2026/10/02 15:23:23 [32mgithub.com/QuantumNous/new-api/zsy/runninghub/queue.go:116 [33mSLOW SQL >= 200ms
[0m[31;1m[214.358ms] [33m[rows:0][35m SELECT * FROM `rh_queued_tasks` ORDER BY created_at asc, id asc LIMIT 20[0m

2026/10/02 15:23:26 [32mgithub.com/QuantumNous/new-api/zsy/runninghub/queue.go:203 [33mSLOW SQL >= 200ms
[0m[31;1m[277.365ms] [33m[rows:0][35m SELECT * FROM `rh_queued_tasks` WHERE created_at < ? ORDER BY created_at asc LIMIT 50[0m

2026/10/02 15:23:29 [32mgithub.com/QuantumNous/new-api/zsy/runninghub/queue.go:203 [33mSLOW SQL >= 200ms
[0m[31;1m[483.149ms] [33m[rows:0][35m SELECT * FROM `rh_queued_tasks` WHERE created_at < ? ORDER BY created_at asc LIMIT 50[0m
[SYS] 2026/10/02 - 15:23:30 | syncing options from database 

2026/10/02 15:23:30 [32mgithub.com/QuantumNous/new-api/model/option.go:26 [33mSLOW SQL >= 200ms
[0m[31;1m[852.760ms] [33m[rows:37][35m SELECT * FROM `options`[0m

2026/10/02 15:23:32 [32mgithub.com/QuantumNous/new-api/model/system_task.go:169 [33mSLOW SQL >= 200ms
[0m[31;1m[637.109ms] [33m[rows:0][35m SELECT * FROM `system_tasks` WHERE id IN (SELECT MIN(id) FROM `system_tasks` WHERE type IN (?,?,?,?,?) AND status = ? GROUP BY `type`)[0m

2026/10/02 15:23:32 [32mgithub.com/QuantumNous/new-api/service/authz/adapter.go:23 [33mSLOW SQL >= 200ms
[0m[31;1m[1232.207ms] [33m[rows:3][35m SELECT * FROM `casbin_rule` ORDER BY id asc[0m

2026/10/02 15:23:35 [32mgithub.com/QuantumNous/new-api/model/system_instance.go:69 [33mSLOW SQL >= 200ms
[0m[31;1m[2978.715ms] [33m[rows:2][35m INSERT INTO `system_instances` (`node_name`,`info`,`started_at`,`last_seen_at`,`created_at`,`updated_at`) VALUES (?,?,?,?,?,?) ON DUPLICATE KEY UPDATE `info`=VALUES(`info`),`started_at`=VALUES(`started_at`),`last_seen_at`=VALUES(`last_seen_at`),`updated_at`=VALUES(`updated_at`)[0m

2026/10/02 15:23:35 [32mgithub.com/QuantumNous/new-api/zsy/runninghub/queue.go:203 [33mSLOW SQL >= 200ms
[0m[31;1m[3903.840ms] [33m[rows:0][35m SELECT * FROM `rh_queued_tasks` WHERE created_at < ? ORDER BY created_at asc LIMIT 50[0m

2026/10/02 15:23:36 [32mgithub.com/QuantumNous/new-api/zsy/runninghub/queue.go:116 [33mSLOW SQL >= 200ms
[0m[31;1m[470.900ms] [33m[rows:0][35m SELECT * FROM `rh_queued_tasks` ORDER BY created_at asc, id asc LIMIT 20[0m

2026/10/02 15:23:44 [32mgithub.com/QuantumNous/new-api/zsy/runninghub/queue.go:203 [33mSLOW SQL >= 200ms
[0m[31;1m[356.612ms] [33m[rows:0][35m SELECT * FROM `rh_queued_tasks` WHERE created_at < ? ORDER BY created_at asc LIMIT 50[0m

2026/10/02 15:23:47 [32mgithub.com/QuantumNous/new-api/model/midjourney.go:116 [33mSLOW SQL >= 200ms
[0m[31;1m[358.988ms] [33m[rows:0][35m SELECT `id` FROM `midjourneys` WHERE progress != ? LIMIT 1[0m

2026/10/02 15:23:47 [32mgithub.com/QuantumNous/new-api/model/task.go:355 [33mSLOW SQL >= 200ms
[0m[31;1m[503.966ms] [33m[rows:0][35m SELECT `id` FROM `tasks` WHERE progress != ? AND status != ? AND status != ? LIMIT 1[0m

2026/10/02 15:23:48 [32mgithub.com/QuantumNous/new-api/model/system_task.go:216 [33mSLOW SQL >= 200ms
[0m[31;1m[962.143ms] [33m[rows:1][35m SELECT * FROM `system_tasks` WHERE id IN (SELECT MAX(id) FROM `system_tasks` WHERE type IN (?) GROUP BY `type`)[0m

2026/10/02 15:23:49 [32mgithub.com/QuantumNous/new-api/model/system_task.go:169 [33mSLOW SQL >= 200ms
[0m[31;1m[1358.081ms] [33m[rows:0][35m SELECT * FROM `system_tasks` WHERE id IN (SELECT MIN(id) FROM `system_tasks` WHERE type IN (?,?,?,?,?) AND status = ? GROUP BY `type`)[0m

2026/10/02 15:23:50 [32mgithub.com/QuantumNous/new-api/zsy/runninghub/queue.go:203 [33mSLOW SQL >= 200ms
[0m[31;1m[1126.800ms] [33m[rows:0][35m SELECT * FROM `rh_queued_tasks` WHERE created_at < ? ORDER BY created_at asc LIMIT 50[0m

2026/10/02 15:23:51 [32mgithub.com/QuantumNous/new-api/zsy/runninghub/queue.go:116 [33mSLOW SQL >= 200ms
[0m[31;1m[767.634ms] [33m[rows:0][35m SELECT * FROM `rh_queued_tasks` ORDER BY created_at asc, id asc LIMIT 20[0m

2026/10/02 15:23:53 [32mgithub.com/QuantumNous/new-api/zsy/runninghub/queue.go:203 [33mSLOW SQL >= 200ms
[0m[31;1m[489.248ms] [33m[rows:0][35m SELECT * FROM `rh_queued_tasks` WHERE created_at < ? ORDER BY created_at asc LIMIT 50[0m

2026/10/02 15:23:59 [32mgithub.com/QuantumNous/new-api/zsy/runninghub/queue.go:203 [33mSLOW SQL >= 200ms
[0m[31;1m[319.003ms] [33m[rows:0][35m SELECT * FROM `rh_queued_tasks` WHERE created_at < ? ORDER BY created_at asc LIMIT 50[0m

2026/10/02 15:23:59 [32mgithub.com/QuantumNous/new-api/zsy/runninghub/queue.go:116 [33mSLOW SQL >= 200ms
[0m[31;1m[364.014ms] [33m[rows:0][35m SELECT * FROM `rh_queued_tasks` ORDER BY created_at asc, id asc LIMIT 20[0m

2026/10/02 15:24:02 [32mgithub.com/QuantumNous/new-api/zsy/runninghub/queue.go:116 [33mSLOW SQL >= 200ms
[0m[31;1m[705.653ms] [33m[rows:0][35m SELECT * FROM `rh_queued_tasks` ORDER BY created_at asc, id asc LIMIT 20[0m

2026/10/02 15:24:02 [32mgithub.com/QuantumNous/new-api/model/system_task.go:362 [33mSLOW SQL >= 200ms
[0m[31;1m[880.284ms] [33m[rows:0][35m SELECT * FROM `system_task_locks` WHERE locked_until < ?[0m

2026/10/02 15:24:02 [32mgithub.com/QuantumNous/new-api/model/db_time.go:16 [33mSLOW SQL >= 200ms
[0m[31;1m[880.284ms] [33m[rows:1][35m SELECT UNIX_TIMESTAMP()[0m

2026/10/02 15:24:03 [32mgithub.com/QuantumNous/new-api/model/system_task.go:169 [33mSLOW SQL >= 200ms
[0m[31;1m[707.119ms] [33m[rows:0][35m SELECT * FROM `system_tasks` WHERE id IN (SELECT MIN(id) FROM `system_tasks` WHERE type IN (?,?,?,?,?) AND status = ? GROUP BY `type`)[0m

2026/10/02 15:24:03 [32mgithub.com/QuantumNous/new-api/model/subscription.go:1149 [33mSLOW SQL >= 200ms
[0m[31;1m[706.500ms] [33m[rows:0][35m SELECT * FROM `user_subscriptions` WHERE status = ? AND end_time > 0 AND end_time <= ? ORDER BY end_time asc, id asc LIMIT 300[0m

2026/10/02 15:24:04 [32mgithub.com/QuantumNous/new-api/model/system_instance.go:69 [33mSLOW SQL >= 200ms
[0m[31;1m[2049.359ms] [33m[rows:2][35m INSERT INTO `system_instances` (`node_name`,`info`,`started_at`,`last_seen_at`,`created_at`,`updated_at`) VALUES (?,?,?,?,?,?) ON DUPLICATE KEY UPDATE `info`=VALUES(`info`),`started_at`=VALUES(`started_at`),`last_seen_at`=VALUES(`last_seen_at`),`updated_at`=VALUES(`updated_at`)[0m

2026/10/02 15:24:05 [32mgithub.com/QuantumNous/new-api/model/db_time.go:16 [33mSLOW SQL >= 200ms
[0m[31;1m[1733.068ms] [33m[rows:1][35m SELECT UNIX_TIMESTAMP()[0m

2026/10/02 15:24:05 [32mgithub.com/QuantumNous/new-api/zsy/runninghub/queue.go:203 [33mSLOW SQL >= 200ms
[0m[31;1m[320.849ms] [33m[rows:0][35m SELECT * FROM `rh_queued_tasks` WHERE created_at < ? ORDER BY created_at asc LIMIT 50[0m

2026/10/02 15:24:08 [32mgithub.com/QuantumNous/new-api/zsy/runninghub/queue.go:203 [33mSLOW SQL >= 200ms
[0m[31;1m[760.242ms] [33m[rows:0][35m SELECT * FROM `rh_queued_tasks` WHERE created_at < ? ORDER BY created_at asc LIMIT 50[0m

2026/10/02 15:24:08 [32mgithub.com/QuantumNous/new-api/zsy/runninghub/queue.go:116 [33mSLOW SQL >= 200ms
[0m[31;1m[214.270ms] [33m[rows:0][35m SELECT * FROM `rh_queued_tasks` ORDER BY created_at asc, id asc LIMIT 20[0m

2026/10/02 15:24:11 [32mgithub.com/QuantumNous/new-api/zsy/runninghub/queue.go:203 [33mSLOW SQL >= 200ms
[0m[31;1m[837.855ms] [33m[rows:0][35m SELECT * FROM `rh_queued_tasks` WHERE created_at < ? ORDER BY created_at asc LIMIT 50[0m

2026/10/02 15:24:11 [32mgithub.com/QuantumNous/new-api/zsy/runninghub/queue.go:116 [33mSLOW SQL >= 200ms
[0m[31;1m[352.350ms] [33m[rows:0][35m SELECT * FROM `rh_queued_tasks` ORDER BY created_at asc, id asc LIMIT 20[0m

2026/10/02 15:24:14 [32mgithub.com/QuantumNous/new-api/zsy/runninghub/queue.go:203 [33mSLOW SQL >= 200ms
[0m[31;1m[258.449ms] [33m[rows:0][35m SELECT * FROM `rh_queued_tasks` WHERE created_at < ? ORDER BY created_at asc LIMIT 50[0m

2026/10/02 15:24:17 [32mgithub.com/QuantumNous/new-api/zsy/runninghub/queue.go:116 [33mSLOW SQL >= 200ms
[0m[31;1m[415.680ms] [33m[rows:0][35m SELECT * FROM `rh_queued_tasks` ORDER BY created_at asc, id asc LIMIT 20[0m

2026/10/02 15:24:17 [32mgithub.com/QuantumNous/new-api/model/midjourney.go:116 [33mSLOW SQL >= 200ms
[0m[31;1m[544.731ms] [33m[rows:0][35m SELECT `id` FROM `midjourneys` WHERE progress != ? LIMIT 1[0m

2026/10/02 15:24:18 [32mgithub.com/QuantumNous/new-api/model/task.go:355 [33mSLOW SQL >= 200ms
[0m[31;1m[941.489ms] [33m[rows:0][35m SELECT `id` FROM `tasks` WHERE progress != ? AND status != ? AND status != ? LIMIT 1[0m

2026/10/02 15:24:19 [32mgithub.com/QuantumNous/new-api/model/system_task.go:169 [33mSLOW SQL >= 200ms
[0m[31;1m[776.298ms] [33m[rows:0][35m SELECT * FROM `system_tasks` WHERE id IN (SELECT MIN(id) FROM `system_tasks` WHERE type IN (?,?,?,?,?) AND status = ? GROUP BY `type`)[0m
[SYS] 2026/10/02 - 15:24:30 | syncing options from database 

2026/10/02 15:24:31 [32mgithub.com/QuantumNous/new-api/model/option.go:26 [33mSLOW SQL >= 200ms
[0m[31;1m[998.089ms] [33m[rows:37][35m SELECT * FROM `options`[0m

2026/10/02 15:24:32 [32mgithub.com/QuantumNous/new-api/model/system_task.go:362 [33mSLOW SQL >= 200ms
[0m[31;1m[882.515ms] [33m[rows:0][35m SELECT * FROM `system_task_locks` WHERE locked_until < ?[0m

2026/10/02 15:24:33 [32mgithub.com/QuantumNous/new-api/model/task.go:355 [33mSLOW SQL >= 200ms
[0m[31;1m[208.925ms] [33m[rows:0][35m SELECT `id` FROM `tasks` WHERE progress != ? AND status != ? AND status != ? LIMIT 1[0m

2026/10/02 15:24:33 [32mgithub.com/QuantumNous/new-api/model/system_instance.go:69 [33mSLOW SQL >= 200ms
[0m[31;1m[946.701ms] [33m[rows:2][35m INSERT INTO `system_instances` (`node_name`,`info`,`started_at`,`last_seen_at`,`created_at`,`updated_at`) VALUES (?,?,?,?,?,?) ON DUPLICATE KEY UPDATE `info`=VALUES(`info`),`started_at`=VALUES(`started_at`),`last_seen_at`=VALUES(`last_seen_at`),`updated_at`=VALUES(`updated_at`)[0m

2026/10/02 15:24:33 [32mgithub.com/QuantumNous/new-api/model/system_task.go:169 [33mSLOW SQL >= 200ms
[0m[31;1m[377.721ms] [33m[rows:0][35m SELECT * FROM `system_tasks` WHERE id IN (SELECT MIN(id) FROM `system_tasks` WHERE type IN (?,?,?,?,?) AND status = ? GROUP BY `type`)[0m

2026/10/02 15:24:38 [32mgithub.com/QuantumNous/new-api/zsy/runninghub/queue.go:116 [33mSLOW SQL >= 200ms
[0m[31;1m[424.569ms] [33m[rows:0][35m SELECT * FROM `rh_queued_tasks` ORDER BY created_at asc, id asc LIMIT 20[0m

2026/10/02 15:24:47 [32mgithub.com/QuantumNous/new-api/zsy/runninghub/queue.go:203 [33mSLOW SQL >= 200ms
[0m[31;1m[589.709ms] [33m[rows:0][35m SELECT * FROM `rh_queued_tasks` WHERE created_at < ? ORDER BY created_at asc LIMIT 50[0m

2026/10/02 15:25:02 [32mgithub.com/QuantumNous/new-api/model/db_time.go:16 [33mSLOW SQL >= 200ms
[0m[31;1m[459.386ms] [33m[rows:1][35m SELECT UNIX_TIMESTAMP()[0m

2026/10/02 15:25:02 [32mgithub.com/QuantumNous/new-api/zsy/runninghub/queue.go:203 [33mSLOW SQL >= 200ms
[0m[31;1m[551.757ms] [33m[rows:0][35m SELECT * FROM `rh_queued_tasks` WHERE created_at < ? ORDER BY created_at asc LIMIT 50[0m

2026/10/02 15:25:02 [32mgithub.com/QuantumNous/new-api/model/system_instance.go:69 [33mSLOW SQL >= 200ms
[0m[31;1m[378.145ms] [33m[rows:2][35m INSERT INTO `system_instances` (`node_name`,`info`,`started_at`,`last_seen_at`,`created_at`,`updated_at`) VALUES (?,?,?,?,?,?) ON DUPLICATE KEY UPDATE `info`=VALUES(`info`),`started_at`=VALUES(`started_at`),`last_seen_at`=VALUES(`last_seen_at`),`updated_at`=VALUES(`updated_at`)[0m

2026/10/02 15:25:05 [32mgithub.com/QuantumNous/new-api/zsy/runninghub/queue.go:203 [33mSLOW SQL >= 200ms
[0m[31;1m[300.402ms] [33m[rows:0][35m SELECT * FROM `rh_queued_tasks` WHERE created_at < ? ORDER BY created_at asc LIMIT 50[0m

2026/10/02 15:25:08 [32mgithub.com/QuantumNous/new-api/zsy/runninghub/queue.go:203 [33mSLOW SQL >= 200ms
[0m[31;1m[290.870ms] [33m[rows:0][35m SELECT * FROM `rh_queued_tasks` WHERE created_at < ? ORDER BY created_at asc LIMIT 50[0m

2026/10/02 15:25:08 [32mgithub.com/QuantumNous/new-api/zsy/runninghub/queue.go:116 [33mSLOW SQL >= 200ms
[0m[31;1m[329.439ms] [33m[rows:0][35m SELECT * FROM `rh_queued_tasks` ORDER BY created_at asc, id asc LIMIT 20[0m

2026/10/02 15:25:13 [32mgithub.com/QuantumNous/new-api/zsy/runninghub/queue.go:203 [33mSLOW SQL >= 200ms
[0m[31;1m[236.134ms] [33m[rows:0][35m SELECT * FROM `rh_queued_tasks` WHERE created_at < ? ORDER BY created_at asc LIMIT 50[0m

2026/10/02 15:25:14 [32mgithub.com/QuantumNous/new-api/zsy/runninghub/queue.go:116 [33mSLOW SQL >= 200ms
[0m[31;1m[511.668ms] [33m[rows:0][35m SELECT * FROM `rh_queued_tasks` ORDER BY created_at asc, id asc LIMIT 20[0m

2026/10/02 15:25:17 [32mgithub.com/QuantumNous/new-api/model/system_task.go:216 [33mSLOW SQL >= 200ms
[0m[31;1m[241.499ms] [33m[rows:1][35m SELECT * FROM `system_tasks` WHERE id IN (SELECT MAX(id) FROM `system_tasks` WHERE type IN (?) GROUP BY `type`)[0m

2026/10/02 15:25:25 [32mgithub.com/QuantumNous/new-api/zsy/runninghub/queue.go:203 [33mSLOW SQL >= 200ms
[0m[31;1m[200.672ms] [33m[rows:0][35m SELECT * FROM `rh_queued_tasks` WHERE created_at < ? ORDER BY created_at asc LIMIT 50[0m
[SYS] 2026/10/02 - 15:25:31 | syncing options from database 

2026/10/02 15:25:32 [32mgithub.com/QuantumNous/new-api/model/option.go:26 [33mSLOW SQL >= 200ms
[0m[31;1m[245.028ms] [33m[rows:37][35m SELECT * FROM `options`[0m

2026/10/02 15:25:32 [32mgithub.com/QuantumNous/new-api/model/system_instance.go:69 [33mSLOW SQL >= 200ms
[0m[31;1m[390.707ms] [33m[rows:2][35m INSERT INTO `system_instances` (`node_name`,`info`,`started_at`,`last_seen_at`,`created_at`,`updated_at`) VALUES (?,?,?,?,?,?) ON DUPLICATE KEY UPDATE `info`=VALUES(`info`),`started_at`=VALUES(`started_at`),`last_seen_at`=VALUES(`last_seen_at`),`updated_at`=VALUES(`updated_at`)[0m

2026/10/02 15:25:44 [32mgithub.com/QuantumNous/new-api/zsy/runninghub/queue.go:116 [33mSLOW SQL >= 200ms
[0m[31;1m[224.116ms] [33m[rows:0][35m SELECT * FROM `rh_queued_tasks` ORDER BY created_at asc, id asc LIMIT 20[0m

2026/10/02 15:25:47 [32mgithub.com/QuantumNous/new-api/model/system_task.go:169 [33mSLOW SQL >= 200ms
[0m[31;1m[270.304ms] [33m[rows:0][35m SELECT * FROM `system_tasks` WHERE id IN (SELECT MIN(id) FROM `system_tasks` WHERE type IN (?,?,?,?,?) AND status = ? GROUP BY `type`)[0m

2026/10/02 15:25:47 [32mgithub.com/QuantumNous/new-api/zsy/runninghub/queue.go:203 [33mSLOW SQL >= 200ms
[0m[31;1m[1173.986ms] [33m[rows:0][35m SELECT * FROM `rh_queued_tasks` WHERE created_at < ? ORDER BY created_at asc LIMIT 50[0m

2026/10/02 15:25:48 [32mgithub.com/QuantumNous/new-api/zsy/runninghub/queue.go:116 [33mSLOW SQL >= 200ms
[0m[31;1m[391.456ms] [33m[rows:0][35m SELECT * FROM `rh_queued_tasks` ORDER BY created_at asc, id asc LIMIT 20[0m

2026/10/02 15:25:50 [32mgithub.com/QuantumNous/new-api/zsy/runninghub/queue.go:116 [33mSLOW SQL >= 200ms
[0m[31;1m[288.244ms] [33m[rows:0][35m SELECT * FROM `rh_queued_tasks` ORDER BY created_at asc, id asc LIMIT 20[0m
[SYS] 2026/10/02 - 15:26:01 | 正在更新数据看板数据... 
[SYS] 2026/10/02 - 15:26:01 | 保存数据看板数据成功，共保存0条数据 

2026/10/02 15:26:02 [32mgithub.com/QuantumNous/new-api/model/db_time.go:16 [33mSLOW SQL >= 200ms
[0m[31;1m[254.935ms] [33m[rows:1][35m SELECT UNIX_TIMESTAMP()[0m

2026/10/02 15:26:02 [32mgithub.com/QuantumNous/new-api/model/system_task.go:362 [33mSLOW SQL >= 200ms
[0m[31;1m[1209.139ms] [33m[rows:0][35m SELECT * FROM `system_task_locks` WHERE locked_until < ?[0m

2026/10/02 15:26:02 [32mgithub.com/QuantumNous/new-api/zsy/runninghub/queue.go:203 [33mSLOW SQL >= 200ms
[0m[31;1m[1217.111ms] [33m[rows:0][35m SELECT * FROM `rh_queued_tasks` WHERE created_at < ? ORDER BY created_at asc LIMIT 50[0m

2026/10/02 15:26:02 [32mgithub.com/QuantumNous/new-api/service/codex_credential_refresh_task.go:80 [33mSLOW SQL >= 200ms
[0m[31;1m[1224.216ms] [33m[rows:0][35m SELECT `id`,`name`,`key`,`status`,`channel_info` FROM `channels` WHERE type = ? AND (status = ? OR status = ?) ORDER BY id asc LIMIT 200[0m

2026/10/02 15:26:03 [32mgithub.com/QuantumNous/new-api/model/system_instance.go:69 [33mSLOW SQL >= 200ms
[0m[31;1m[956.315ms] [33m[rows:2][35m INSERT INTO `system_instances` (`node_name`,`info`,`started_at`,`last_seen_at`,`created_at`,`updated_at`) VALUES (?,?,?,?,?,?) ON DUPLICATE KEY UPDATE `info`=VALUES(`info`),`started_at`=VALUES(`started_at`),`last_seen_at`=VALUES(`last_seen_at`),`updated_at`=VALUES(`updated_at`)[0m

2026/10/02 15:26:03 [32mgithub.com/QuantumNous/new-api/model/db_time.go:16 [33mSLOW SQL >= 200ms
[0m[31;1m[1158.520ms] [33m[rows:1][35m SELECT UNIX_TIMESTAMP()[0m

2026/10/02 15:26:03 [32mgithub.com/QuantumNous/new-api/model/midjourney.go:116 [33mSLOW SQL >= 200ms
[0m[31;1m[515.818ms] [33m[rows:0][35m SELECT `id` FROM `midjourneys` WHERE progress != ? LIMIT 1[0m

2026/10/02 15:26:03 [32mgithub.com/QuantumNous/new-api/model/subscription.go:1437 [33mSLOW SQL >= 200ms
[0m[31;1m[222.095ms] [33m[rows:0][35m SELECT * FROM `user_subscriptions` WHERE next_reset_time > 0 AND next_reset_time <= ? AND status = ? ORDER BY next_reset_time asc LIMIT 300[0m

2026/10/02 15:26:03 [32mgithub.com/QuantumNous/new-api/model/task.go:355 [33mSLOW SQL >= 200ms
[0m[31;1m[218.020ms] [33m[rows:0][35m SELECT `id` FROM `tasks` WHERE progress != ? AND status != ? AND status != ? LIMIT 1[0m

2026/10/02 15:26:20 [32mgithub.com/QuantumNous/new-api/zsy/runninghub/queue.go:116 [33mSLOW SQL >= 200ms
[0m[31;1m[264.671ms] [33m[rows:0][35m SELECT * FROM `rh_queued_tasks` ORDER BY created_at asc, id asc LIMIT 20[0m

2026/10/02 15:26:29 [32mgithub.com/QuantumNous/new-api/zsy/runninghub/queue.go:203 [33mSLOW SQL >= 200ms
[0m[31;1m[442.437ms] [33m[rows:0][35m SELECT * FROM `rh_queued_tasks` WHERE created_at < ? ORDER BY created_at asc LIMIT 50[0m

2026/10/02 15:26:32 [32mgithub.com/QuantumNous/new-api/model/midjourney.go:116 [33mSLOW SQL >= 200ms
[0m[31;1m[226.971ms] [33m[rows:0][35m SELECT `id` FROM `midjourneys` WHERE progress != ? LIMIT 1[0m
[SYS] 2026/10/02 - 15:26:32 | syncing options from database 

2026/10/02 15:26:32 [32mgithub.com/QuantumNous/new-api/model/option.go:26 [33mSLOW SQL >= 200ms
[0m[31;1m[464.851ms] [33m[rows:37][35m SELECT * FROM `options`[0m

2026/10/02 15:26:33 [32mgithub.com/QuantumNous/new-api/service/authz/adapter.go:23 [33mSLOW SQL >= 200ms
[0m[31;1m[505.445ms] [33m[rows:3][35m SELECT * FROM `casbin_rule` ORDER BY id asc[0m

2026/10/02 15:26:33 [32mgithub.com/QuantumNous/new-api/model/system_instance.go:69 [33mSLOW SQL >= 200ms
[0m[31;1m[1515.431ms] [33m[rows:2][35m INSERT INTO `system_instances` (`node_name`,`info`,`started_at`,`last_seen_at`,`created_at`,`updated_at`) VALUES (?,?,?,?,?,?) ON DUPLICATE KEY UPDATE `info`=VALUES(`info`),`started_at`=VALUES(`started_at`),`last_seen_at`=VALUES(`last_seen_at`),`updated_at`=VALUES(`updated_at`)[0m

2026/10/02 15:26:35 [32mgithub.com/QuantumNous/new-api/zsy/runninghub/queue.go:116 [33mSLOW SQL >= 200ms
[0m[31;1m[254.965ms] [33m[rows:0][35m SELECT * FROM `rh_queued_tasks` ORDER BY created_at asc, id asc LIMIT 20[0m

2026/10/02 15:26:56 [32mgithub.com/QuantumNous/new-api/zsy/runninghub/queue.go:203 [33mSLOW SQL >= 200ms
[0m[31;1m[248.317ms] [33m[rows:0][35m SELECT * FROM `rh_queued_tasks` WHERE created_at < ? ORDER BY created_at asc LIMIT 50[0m

2026/10/02 15:27:02 [32mgithub.com/QuantumNous/new-api/model/system_instance.go:69 [33mSLOW SQL >= 200ms
[0m[31;1m[552.232ms] [33m[rows:2][35m INSERT INTO `system_instances` (`node_name`,`info`,`started_at`,`last_seen_at`,`created_at`,`updated_at`) VALUES (?,?,?,?,?,?) ON DUPLICATE KEY UPDATE `info`=VALUES(`info`),`started_at`=VALUES(`started_at`),`last_seen_at`=VALUES(`last_seen_at`),`updated_at`=VALUES(`updated_at`)[0m

2026/10/02 15:27:05 [32mgithub.com/QuantumNous/new-api/zsy/runninghub/queue.go:203 [33mSLOW SQL >= 200ms
[0m[31;1m[607.384ms] [33m[rows:0][35m SELECT * FROM `rh_queued_tasks` WHERE created_at < ? ORDER BY created_at asc LIMIT 50[0m

2026/10/02 15:27:17 [32mgithub.com/QuantumNous/new-api/zsy/runninghub/queue.go:116 [33mSLOW SQL >= 200ms
[0m[31;1m[388.518ms] [33m[rows:0][35m SELECT * FROM `rh_queued_tasks` ORDER BY created_at asc, id asc LIMIT 20[0m

2026/10/02 15:27:17 [32mgithub.com/QuantumNous/new-api/model/system_task.go:362 [33mSLOW SQL >= 200ms
[0m[31;1m[691.176ms] [33m[rows:0][35m SELECT * FROM `system_task_locks` WHERE locked_until < ?[0m

2026/10/02 15:27:18 [32mgithub.com/QuantumNous/new-api/model/system_task.go:216 [33mSLOW SQL >= 200ms
[0m[31;1m[240.517ms] [33m[rows:1][35m SELECT * FROM `system_tasks` WHERE id IN (SELECT MAX(id) FROM `system_tasks` WHERE type IN (?) GROUP BY `type`)[0m

2026/10/02 15:27:18 [32mgithub.com/QuantumNous/new-api/model/system_task.go:169 [33mSLOW SQL >= 200ms
[0m[31;1m[226.287ms] [33m[rows:0][35m SELECT * FROM `system_tasks` WHERE id IN (SELECT MIN(id) FROM `system_tasks` WHERE type IN (?,?,?,?,?) AND status = ? GROUP BY `type`)[0m

2026/10/02 15:27:32 [32mgithub.com/QuantumNous/new-api/model/system_instance.go:69 [33mSLOW SQL >= 200ms
[0m[31;1m[322.026ms] [33m[rows:2][35m INSERT INTO `system_instances` (`node_name`,`info`,`started_at`,`last_seen_at`,`created_at`,`updated_at`) VALUES (?,?,?,?,?,?) ON DUPLICATE KEY UPDATE `info`=VALUES(`info`),`started_at`=VALUES(`started_at`),`last_seen_at`=VALUES(`last_seen_at`),`updated_at`=VALUES(`updated_at`)[0m
[SYS] 2026/10/02 - 15:27:32 | syncing options from database 

2026/10/02 15:27:32 [32mgithub.com/QuantumNous/new-api/model/option.go:26 [33mSLOW SQL >= 200ms
[0m[31;1m[224.055ms] [33m[rows:37][35m SELECT * FROM `options`[0m

2026/10/02 15:27:35 [32mgithub.com/QuantumNous/new-api/zsy/runninghub/queue.go:203 [33mSLOW SQL >= 200ms
[0m[31;1m[370.157ms] [33m[rows:0][35m SELECT * FROM `rh_queued_tasks` WHERE created_at < ? ORDER BY created_at asc LIMIT 50[0m

2026/10/02 15:27:38 [32mgithub.com/QuantumNous/new-api/zsy/runninghub/queue.go:203 [33mSLOW SQL >= 200ms
[0m[31;1m[717.693ms] [33m[rows:0][35m SELECT * FROM `rh_queued_tasks` WHERE created_at < ? ORDER BY created_at asc LIMIT 50[0m

2026/10/02 15:28:02 [32mgithub.com/QuantumNous/new-api/model/system_task.go:362 [33mSLOW SQL >= 200ms
[0m[31;1m[696.781ms] [33m[rows:0][35m SELECT * FROM `system_task_locks` WHERE locked_until < ?[0m

2026/10/02 15:28:02 [32mgithub.com/QuantumNous/new-api/model/system_instance.go:69 [33mSLOW SQL >= 200ms
[0m[31;1m[319.045ms] [33m[rows:2][35m INSERT INTO `system_instances` (`node_name`,`info`,`started_at`,`last_seen_at`,`created_at`,`updated_at`) VALUES (?,?,?,?,?,?) ON DUPLICATE KEY UPDATE `info`=VALUES(`info`),`started_at`=VALUES(`started_at`),`last_seen_at`=VALUES(`last_seen_at`),`updated_at`=VALUES(`updated_at`)[0m

2026/10/02 15:28:32 [32mgithub.com/QuantumNous/new-api/model/system_task.go:362 [33mSLOW SQL >= 200ms
[0m[31;1m[757.784ms] [33m[rows:0][35m SELECT * FROM `system_task_locks` WHERE locked_until < ?[0m

2026/10/02 15:28:32 [32mgithub.com/QuantumNous/new-api/model/midjourney.go:116 [33mSLOW SQL >= 200ms
[0m[31;1m[205.264ms] [33m[rows:0][35m SELECT `id` FROM `midjourneys` WHERE progress != ? LIMIT 1[0m
[SYS] 2026/10/02 - 15:28:32 | syncing options from database 

2026/10/02 15:28:32 [32mgithub.com/QuantumNous/new-api/model/system_instance.go:69 [33mSLOW SQL >= 200ms
[0m[31;1m[712.972ms] [33m[rows:2][35m INSERT INTO `system_instances` (`node_name`,`info`,`started_at`,`last_seen_at`,`created_at`,`updated_at`) VALUES (?,?,?,?,?,?) ON DUPLICATE KEY UPDATE `info`=VALUES(`info`),`started_at`=VALUES(`started_at`),`last_seen_at`=VALUES(`last_seen_at`),`updated_at`=VALUES(`updated_at`)[0m

2026/10/02 15:28:32 [32mgithub.com/QuantumNous/new-api/model/task.go:355 [33mSLOW SQL >= 200ms
[0m[31;1m[227.912ms] [33m[rows:0][35m SELECT `id` FROM `tasks` WHERE progress != ? AND status != ? AND status != ? LIMIT 1[0m

2026/10/02 15:28:33 [32mgithub.com/QuantumNous/new-api/model/system_task.go:216 [33mSLOW SQL >= 200ms
[0m[31;1m[237.996ms] [33m[rows:1][35m SELECT * FROM `system_tasks` WHERE id IN (SELECT MAX(id) FROM `system_tasks` WHERE type IN (?) GROUP BY `type`)[0m

2026/10/02 15:28:33 [32mgithub.com/QuantumNous/new-api/model/system_task.go:169 [33mSLOW SQL >= 200ms
[0m[31;1m[266.077ms] [33m[rows:0][35m SELECT * FROM `system_tasks` WHERE id IN (SELECT MIN(id) FROM `system_tasks` WHERE type IN (?,?,?,?,?) AND status = ? GROUP BY `type`)[0m

2026/10/02 15:28:33 [32mgithub.com/QuantumNous/new-api/model/option.go:26 [33mSLOW SQL >= 200ms
[0m[31;1m[853.080ms] [33m[rows:37][35m SELECT * FROM `options`[0m

2026/10/02 15:28:35 [32mgithub.com/QuantumNous/new-api/zsy/runninghub/queue.go:203 [33mSLOW SQL >= 200ms
[0m[31;1m[591.029ms] [33m[rows:0][35m SELECT * FROM `rh_queued_tasks` WHERE created_at < ? ORDER BY created_at asc LIMIT 50[0m

2026/10/02 15:28:35 [32mgithub.com/QuantumNous/new-api/zsy/runninghub/queue.go:116 [33mSLOW SQL >= 200ms
[0m[31;1m[203.517ms] [33m[rows:0][35m SELECT * FROM `rh_queued_tasks` ORDER BY created_at asc, id asc LIMIT 20[0m

2026/10/02 15:28:44 [32mgithub.com/QuantumNous/new-api/zsy/runninghub/queue.go:116 [33mSLOW SQL >= 200ms
[0m[31;1m[267.459ms] [33m[rows:0][35m SELECT * FROM `rh_queued_tasks` ORDER BY created_at asc, id asc LIMIT 20[0m

2026/10/02 15:28:53 [32mgithub.com/QuantumNous/new-api/zsy/runninghub/queue.go:203 [33mSLOW SQL >= 200ms
[0m[31;1m[297.557ms] [33m[rows:0][35m SELECT * FROM `rh_queued_tasks` WHERE created_at < ? ORDER BY created_at asc LIMIT 50[0m

2026/10/02 15:28:56 [32mgithub.com/QuantumNous/new-api/zsy/runninghub/queue.go:203 [33mSLOW SQL >= 200ms
[0m[31;1m[285.218ms] [33m[rows:0][35m SELECT * FROM `rh_queued_tasks` WHERE created_at < ? ORDER BY created_at asc LIMIT 50[0m

2026/10/02 15:29:02 [32mgithub.com/QuantumNous/new-api/model/subscription.go:1149 [33mSLOW SQL >= 200ms
[0m[31;1m[314.103ms] [33m[rows:0][35m SELECT * FROM `user_subscriptions` WHERE status = ? AND end_time > 0 AND end_time <= ? ORDER BY end_time asc, id asc LIMIT 300[0m

2026/10/02 15:29:02 [32mgithub.com/QuantumNous/new-api/model/system_task.go:169 [33mSLOW SQL >= 200ms
[0m[31;1m[397.073ms] [33m[rows:0][35m SELECT * FROM `system_tasks` WHERE id IN (SELECT MIN(id) FROM `system_tasks` WHERE type IN (?,?,?,?,?) AND status = ? GROUP BY `type`)[0m

2026/10/02 15:29:02 [32mgithub.com/QuantumNous/new-api/model/subscription.go:1437 [33mSLOW SQL >= 200ms
[0m[31;1m[248.379ms] [33m[rows:0][35m SELECT * FROM `user_subscriptions` WHERE next_reset_time > 0 AND next_reset_time <= ? AND status = ? ORDER BY next_reset_time asc LIMIT 300[0m

2026/10/02 15:29:02 [32mgithub.com/QuantumNous/new-api/model/system_instance.go:69 [33mSLOW SQL >= 200ms
[0m[31;1m[379.060ms] [33m[rows:2][35m INSERT INTO `system_instances` (`node_name`,`info`,`started_at`,`last_seen_at`,`created_at`,`updated_at`) VALUES (?,?,?,?,?,?) ON DUPLICATE KEY UPDATE `info`=VALUES(`info`),`started_at`=VALUES(`started_at`),`last_seen_at`=VALUES(`last_seen_at`),`updated_at`=VALUES(`updated_at`)[0m

2026/10/02 15:29:08 [32mgithub.com/QuantumNous/new-api/zsy/runninghub/queue.go:203 [33mSLOW SQL >= 200ms
[0m[31;1m[435.418ms] [33m[rows:0][35m SELECT * FROM `rh_queued_tasks` WHERE created_at < ? ORDER BY created_at asc LIMIT 50[0m

2026/10/02 15:29:20 [32mgithub.com/QuantumNous/new-api/zsy/runninghub/queue.go:203 [33mSLOW SQL >= 200ms
[0m[31;1m[250.587ms] [33m[rows:0][35m SELECT * FROM `rh_queued_tasks` WHERE created_at < ? ORDER BY created_at asc LIMIT 50[0m

2026/10/02 15:29:32 [32mgithub.com/QuantumNous/new-api/model/system_instance.go:69 [33mSLOW SQL >= 200ms
[0m[31;1m[331.991ms] [33m[rows:2][35m INSERT INTO `system_instances` (`node_name`,`info`,`started_at`,`last_seen_at`,`created_at`,`updated_at`) VALUES (?,?,?,?,?,?) ON DUPLICATE KEY UPDATE `info`=VALUES(`info`),`started_at`=VALUES(`started_at`),`last_seen_at`=VALUES(`last_seen_at`),`updated_at`=VALUES(`updated_at`)[0m
[SYS] 2026/10/02 - 15:29:33 | syncing options from database 

2026/10/02 15:29:34 [32mgithub.com/QuantumNous/new-api/model/option.go:26 [33mSLOW SQL >= 200ms
[0m[31;1m[748.352ms] [33m[rows:37][35m SELECT * FROM `options`[0m

2026/10/02 15:29:34 [32mgithub.com/QuantumNous/new-api/service/authz/adapter.go:23 [33mSLOW SQL >= 200ms
[0m[31;1m[556.774ms] [33m[rows:3][35m SELECT * FROM `casbin_rule` ORDER BY id asc[0m

2026/10/02 15:29:38 [32mgithub.com/QuantumNous/new-api/zsy/runninghub/queue.go:203 [33mSLOW SQL >= 200ms
[0m[31;1m[283.928ms] [33m[rows:0][35m SELECT * FROM `rh_queued_tasks` WHERE created_at < ? ORDER BY created_at asc LIMIT 50[0m

2026/10/02 15:29:41 [32mgithub.com/QuantumNous/new-api/zsy/runninghub/queue.go:116 [33mSLOW SQL >= 200ms
[0m[31;1m[379.020ms] [33m[rows:0][35m SELECT * FROM `rh_queued_tasks` ORDER BY created_at asc, id asc LIMIT 20[0m

2026/10/02 15:30:02 [32mgithub.com/QuantumNous/new-api/model/db_time.go:16 [33mSLOW SQL >= 200ms
[0m[31;1m[257.136ms] [33m[rows:1][35m SELECT UNIX_TIMESTAMP()[0m

2026/10/02 15:30:02 [32mgithub.com/QuantumNous/new-api/model/system_task.go:216 [33mSLOW SQL >= 200ms
[0m[31;1m[428.137ms] [33m[rows:1][35m SELECT * FROM `system_tasks` WHERE id IN (SELECT MAX(id) FROM `system_tasks` WHERE type IN (?) GROUP BY `type`)[0m

2026/10/02 15:30:02 [32mgithub.com/QuantumNous/new-api/model/subscription.go:1437 [33mSLOW SQL >= 200ms
[0m[31;1m[507.158ms] [33m[rows:0][35m SELECT * FROM `user_subscriptions` WHERE next_reset_time > 0 AND next_reset_time <= ? AND status = ? ORDER BY next_reset_time asc LIMIT 300[0m

2026/10/02 15:30:02 [32mgithub.com/QuantumNous/new-api/model/system_task.go:169 [33mSLOW SQL >= 200ms
[0m[31;1m[343.291ms] [33m[rows:0][35m SELECT * FROM `system_tasks` WHERE id IN (SELECT MIN(id) FROM `system_tasks` WHERE type IN (?,?,?,?,?) AND status = ? GROUP BY `type`)[0m

2026/10/02 15:30:03 [32mgithub.com/QuantumNous/new-api/zsy/runninghub/queue.go:203 [33mSLOW SQL >= 200ms
[0m[31;1m[1665.999ms] [33m[rows:0][35m SELECT * FROM `rh_queued_tasks` WHERE created_at < ? ORDER BY created_at asc LIMIT 50[0m

2026/10/02 15:30:03 [32mgithub.com/QuantumNous/new-api/model/system_instance.go:69 [33mSLOW SQL >= 200ms
[0m[31;1m[1740.877ms] [33m[rows:2][35m INSERT INTO `system_instances` (`node_name`,`info`,`started_at`,`last_seen_at`,`created_at`,`updated_at`) VALUES (?,?,?,?,?,?) ON DUPLICATE KEY UPDATE `info`=VALUES(`info`),`started_at`=VALUES(`started_at`),`last_seen_at`=VALUES(`last_seen_at`),`updated_at`=VALUES(`updated_at`)[0m

2026/10/02 15:30:05 [32mgithub.com/QuantumNous/new-api/zsy/runninghub/queue.go:203 [33mSLOW SQL >= 200ms
[0m[31;1m[292.744ms] [33m[rows:0][35m SELECT * FROM `rh_queued_tasks` WHERE created_at < ? ORDER BY created_at asc LIMIT 50[0m

2026/10/02 15:30:05 [32mgithub.com/QuantumNous/new-api/zsy/runninghub/queue.go:116 [33mSLOW SQL >= 200ms
[0m[31;1m[295.464ms] [33m[rows:0][35m SELECT * FROM `rh_queued_tasks` ORDER BY created_at asc, id asc LIMIT 20[0m

2026/10/02 15:30:18 [32mgithub.com/QuantumNous/new-api/model/system_task.go:169 [33mSLOW SQL >= 200ms
[0m[31;1m[1438.150ms] [33m[rows:0][35m SELECT * FROM `system_tasks` WHERE id IN (SELECT MIN(id) FROM `system_tasks` WHERE type IN (?,?,?,?,?) AND status = ? GROUP BY `type`)[0m

2026/10/02 15:30:26 [32mgithub.com/QuantumNous/new-api/zsy/runninghub/queue.go:116 [33mSLOW SQL >= 200ms
[0m[31;1m[435.476ms] [33m[rows:0][35m SELECT * FROM `rh_queued_tasks` ORDER BY created_at asc, id asc LIMIT 20[0m

2026/10/02 15:30:32 [32mgithub.com/QuantumNous/new-api/model/system_task.go:362 [33mSLOW SQL >= 200ms
[0m[31;1m[685.019ms] [33m[rows:0][35m SELECT * FROM `system_task_locks` WHERE locked_until < ?[0m

2026/10/02 15:30:33 [32mgithub.com/QuantumNous/new-api/zsy/runninghub/queue.go:116 [33mSLOW SQL >= 200ms
[0m[31;1m[1258.618ms] [33m[rows:0][35m SELECT * FROM `rh_queued_tasks` ORDER BY created_at asc, id asc LIMIT 20[0m

2026/10/02 15:30:33 [32mgithub.com/QuantumNous/new-api/model/midjourney.go:116 [33mSLOW SQL >= 200ms
[0m[31;1m[721.168ms] [33m[rows:0][35m SELECT `id` FROM `midjourneys` WHERE progress != ? LIMIT 1[0m

2026/10/02 15:30:33 [32mgithub.com/QuantumNous/new-api/model/task.go:355 [33mSLOW SQL >= 200ms
[0m[31;1m[342.891ms] [33m[rows:0][35m SELECT `id` FROM `tasks` WHERE progress != ? AND status != ? AND status != ? LIMIT 1[0m

2026/10/02 15:30:33 [32mgithub.com/QuantumNous/new-api/model/system_task.go:216 [33mSLOW SQL >= 200ms
[0m[31;1m[339.705ms] [33m[rows:1][35m SELECT * FROM `system_tasks` WHERE id IN (SELECT MAX(id) FROM `system_tasks` WHERE type IN (?) GROUP BY `type`)[0m

2026/10/02 15:30:34 [32mgithub.com/QuantumNous/new-api/model/system_instance.go:69 [33mSLOW SQL >= 200ms
[0m[31;1m[2060.611ms] [33m[rows:2][35m INSERT INTO `system_instances` (`node_name`,`info`,`started_at`,`last_seen_at`,`created_at`,`updated_at`) VALUES (?,?,?,?,?,?) ON DUPLICATE KEY UPDATE `info`=VALUES(`info`),`started_at`=VALUES(`started_at`),`last_seen_at`=VALUES(`last_seen_at`),`updated_at`=VALUES(`updated_at`)[0m
[SYS] 2026/10/02 - 15:30:34 | syncing options from database 

2026/10/02 15:30:36 [32mgithub.com/QuantumNous/new-api/zsy/runninghub/queue.go:203 [33mSLOW SQL >= 200ms
[0m[31;1m[1324.689ms] [33m[rows:0][35m SELECT * FROM `rh_queued_tasks` WHERE created_at < ? ORDER BY created_at asc LIMIT 50[0m

2026/10/02 15:30:36 [32mgithub.com/QuantumNous/new-api/model/option.go:26 [33mSLOW SQL >= 200ms
[0m[31;1m[2473.470ms] [33m[rows:37][35m SELECT * FROM `options`[0m

2026/10/02 15:30:44 [32mgithub.com/QuantumNous/new-api/zsy/runninghub/queue.go:203 [33mSLOW SQL >= 200ms
[0m[31;1m[833.389ms] [33m[rows:0][35m SELECT * FROM `rh_queued_tasks` WHERE created_at < ? ORDER BY created_at asc LIMIT 50[0m

2026/10/02 15:30:50 [32mgithub.com/QuantumNous/new-api/zsy/runninghub/queue.go:116 [33mSLOW SQL >= 200ms
[0m[31;1m[397.844ms] [33m[rows:0][35m SELECT * FROM `rh_queued_tasks` ORDER BY created_at asc, id asc LIMIT 20[0m

2026/10/02 15:30:56 [32mgithub.com/QuantumNous/new-api/zsy/runninghub/queue.go:203 [33mSLOW SQL >= 200ms
[0m[31;1m[407.144ms] [33m[rows:0][35m SELECT * FROM `rh_queued_tasks` WHERE created_at < ? ORDER BY created_at asc LIMIT 50[0m
[SYS] 2026/10/02 - 15:31:01 | 正在更新数据看板数据... 
[SYS] 2026/10/02 - 15:31:01 | 保存数据看板数据成功，共保存0条数据 

2026/10/02 15:31:02 [32mgithub.com/QuantumNous/new-api/model/system_instance.go:69 [33mSLOW SQL >= 200ms
[0m[31;1m[356.300ms] [33m[rows:2][35m INSERT INTO `system_instances` (`node_name`,`info`,`started_at`,`last_seen_at`,`created_at`,`updated_at`) VALUES (?,?,?,?,?,?) ON DUPLICATE KEY UPDATE `info`=VALUES(`info`),`started_at`=VALUES(`started_at`),`last_seen_at`=VALUES(`last_seen_at`),`updated_at`=VALUES(`updated_at`)[0m

2026/10/02 15:31:02 [32mgithub.com/QuantumNous/new-api/model/subscription.go:1437 [33mSLOW SQL >= 200ms
[0m[31;1m[694.904ms] [33m[rows:0][35m SELECT * FROM `user_subscriptions` WHERE next_reset_time > 0 AND next_reset_time <= ? AND status = ? ORDER BY next_reset_time asc LIMIT 300[0m

2026/10/02 15:31:03 [32mgithub.com/QuantumNous/new-api/zsy/runninghub/queue.go:203 [33mSLOW SQL >= 200ms
[0m[31;1m[1646.922ms] [33m[rows:0][35m SELECT * FROM `rh_queued_tasks` WHERE created_at < ? ORDER BY created_at asc LIMIT 50[0m

2026/10/02 15:31:05 [32mgithub.com/QuantumNous/new-api/zsy/runninghub/queue.go:116 [33mSLOW SQL >= 200ms
[0m[31;1m[385.958ms] [33m[rows:0][35m SELECT * FROM `rh_queued_tasks` ORDER BY created_at asc, id asc LIMIT 20[0m

2026/10/02 15:31:11 [32mgithub.com/QuantumNous/new-api/zsy/runninghub/queue.go:203 [33mSLOW SQL >= 200ms
[0m[31;1m[393.570ms] [33m[rows:0][35m SELECT * FROM `rh_queued_tasks` WHERE created_at < ? ORDER BY created_at asc LIMIT 50[0m

2026/10/02 15:31:17 [32mgithub.com/QuantumNous/new-api/zsy/runninghub/queue.go:203 [33mSLOW SQL >= 200ms
[0m[31;1m[597.853ms] [33m[rows:0][35m SELECT * FROM `rh_queued_tasks` WHERE created_at < ? ORDER BY created_at asc LIMIT 50[0m

2026/10/02 15:31:17 [32mgithub.com/QuantumNous/new-api/zsy/runninghub/queue.go:116 [33mSLOW SQL >= 200ms
[0m[31;1m[204.903ms] [33m[rows:0][35m SELECT * FROM `rh_queued_tasks` ORDER BY created_at asc, id asc LIMIT 20[0m

2026/10/02 15:31:32 [32mgithub.com/QuantumNous/new-api/model/system_instance.go:69 [33mSLOW SQL >= 200ms
[0m[31;1m[326.514ms] [33m[rows:2][35m INSERT INTO `system_instances` (`node_name`,`info`,`started_at`,`last_seen_at`,`created_at`,`updated_at`) VALUES (?,?,?,?,?,?) ON DUPLICATE KEY UPDATE `info`=VALUES(`info`),`started_at`=VALUES(`started_at`),`last_seen_at`=VALUES(`last_seen_at`),`updated_at`=VALUES(`updated_at`)[0m
[SYS] 2026/10/02 - 15:31:36 | syncing options from database 

2026/10/02 15:31:37 [32mgithub.com/QuantumNous/new-api/model/option.go:26 [33mSLOW SQL >= 200ms
[0m[31;1m[227.630ms] [33m[rows:37][35m SELECT * FROM `options`[0m

2026/10/02 15:31:38 [32mgithub.com/QuantumNous/new-api/zsy/runninghub/queue.go:116 [33mSLOW SQL >= 200ms
[0m[31;1m[362.750ms] [33m[rows:0][35m SELECT * FROM `rh_queued_tasks` ORDER BY created_at asc, id asc LIMIT 20[0m

2026/10/02 15:31:47 [32mgithub.com/QuantumNous/new-api/zsy/runninghub/queue.go:203 [33mSLOW SQL >= 200ms
[0m[31;1m[566.870ms] [33m[rows:0][35m SELECT * FROM `rh_queued_tasks` WHERE created_at < ? ORDER BY created_at asc LIMIT 50[0m

2026/10/02 15:31:47 [32mgithub.com/QuantumNous/new-api/zsy/runninghub/queue.go:116 [33mSLOW SQL >= 200ms
[0m[31;1m[319.387ms] [33m[rows:0][35m SELECT * FROM `rh_queued_tasks` ORDER BY created_at asc, id asc LIMIT 20[0m

2026/10/02 15:31:59 [32mgithub.com/QuantumNous/new-api/zsy/runninghub/queue.go:116 [33mSLOW SQL >= 200ms
[0m[31;1m[919.303ms] [33m[rows:0][35m SELECT * FROM `rh_queued_tasks` ORDER BY created_at asc, id asc LIMIT 20[0m

2026/10/02 15:32:02 [32mgithub.com/QuantumNous/new-api/zsy/runninghub/queue.go:203 [33mSLOW SQL >= 200ms
[0m[31;1m[584.061ms] [33m[rows:0][35m SELECT * FROM `rh_queued_tasks` WHERE created_at < ? ORDER BY created_at asc LIMIT 50[0m

2026/10/02 15:32:03 [32mgithub.com/QuantumNous/new-api/model/system_instance.go:69 [33mSLOW SQL >= 200ms
[0m[31;1m[902.428ms] [33m[rows:2][35m INSERT INTO `system_instances` (`node_name`,`info`,`started_at`,`last_seen_at`,`created_at`,`updated_at`) VALUES (?,?,?,?,?,?) ON DUPLICATE KEY UPDATE `info`=VALUES(`info`),`started_at`=VALUES(`started_at`),`last_seen_at`=VALUES(`last_seen_at`),`updated_at`=VALUES(`updated_at`)[0m

2026/10/02 15:32:32 [32mgithub.com/QuantumNous/new-api/model/system_instance.go:69 [33mSLOW SQL >= 200ms
[0m[31;1m[425.070ms] [33m[rows:2][35m INSERT INTO `system_instances` (`node_name`,`info`,`started_at`,`last_seen_at`,`created_at`,`updated_at`) VALUES (?,?,?,?,?,?) ON DUPLICATE KEY UPDATE `info`=VALUES(`info`),`started_at`=VALUES(`started_at`),`last_seen_at`=VALUES(`last_seen_at`),`updated_at`=VALUES(`updated_at`)[0m

2026/10/02 15:32:35 [32mgithub.com/QuantumNous/new-api/service/authz/adapter.go:23 [33mSLOW SQL >= 200ms
[0m[31;1m[482.769ms] [33m[rows:3][35m SELECT * FROM `casbin_rule` ORDER BY id asc[0m
[SYS] 2026/10/02 - 15:32:37 | syncing options from database 

2026/10/02 15:32:37 [32mgithub.com/QuantumNous/new-api/model/option.go:26 [33mSLOW SQL >= 200ms
[0m[31;1m[361.457ms] [33m[rows:37][35m SELECT * FROM `options`[0m

2026/10/02 15:32:47 [32mgithub.com/QuantumNous/new-api/model/task.go:355 [33mSLOW SQL >= 200ms
[0m[31;1m[554.511ms] [33m[rows:0][35m SELECT `id` FROM `tasks` WHERE progress != ? AND status != ? AND status != ? LIMIT 1[0m

2026/10/02 15:32:53 [32mgithub.com/QuantumNous/new-api/zsy/runninghub/queue.go:203 [33mSLOW SQL >= 200ms
[0m[31;1m[387.461ms] [33m[rows:0][35m SELECT * FROM `rh_queued_tasks` WHERE created_at < ? ORDER BY created_at asc LIMIT 50[0m

2026/10/02 15:33:02 [32mgithub.com/QuantumNous/new-api/model/subscription.go:1149 [33mSLOW SQL >= 200ms
[0m[31;1m[255.654ms] [33m[rows:0][35m SELECT * FROM `user_subscriptions` WHERE status = ? AND end_time > 0 AND end_time <= ? ORDER BY end_time asc, id asc LIMIT 300[0m

2026/10/02 15:33:02 [32mgithub.com/QuantumNous/new-api/zsy/runninghub/queue.go:203 [33mSLOW SQL >= 200ms
[0m[31;1m[608.121ms] [33m[rows:0][35m SELECT * FROM `rh_queued_tasks` WHERE created_at < ? ORDER BY created_at asc LIMIT 50[0m

2026/10/02 15:33:02 [32mgithub.com/QuantumNous/new-api/model/system_task.go:169 [33mSLOW SQL >= 200ms
[0m[31;1m[387.188ms] [33m[rows:0][35m SELECT * FROM `system_tasks` WHERE id IN (SELECT MIN(id) FROM `system_tasks` WHERE type IN (?,?,?,?,?) AND status = ? GROUP BY `type`)[0m

2026/10/02 15:33:02 [32mgithub.com/QuantumNous/new-api/model/subscription.go:1437 [33mSLOW SQL >= 200ms
[0m[31;1m[638.891ms] [33m[rows:0][35m SELECT * FROM `user_subscriptions` WHERE next_reset_time > 0 AND next_reset_time <= ? AND status = ? ORDER BY next_reset_time asc LIMIT 300[0m

2026/10/02 15:33:03 [32mgithub.com/QuantumNous/new-api/model/system_instance.go:69 [33mSLOW SQL >= 200ms
[0m[31;1m[977.508ms] [33m[rows:2][35m INSERT INTO `system_instances` (`node_name`,`info`,`started_at`,`last_seen_at`,`created_at`,`updated_at`) VALUES (?,?,?,?,?,?) ON DUPLICATE KEY UPDATE `info`=VALUES(`info`),`started_at`=VALUES(`started_at`),`last_seen_at`=VALUES(`last_seen_at`),`updated_at`=VALUES(`updated_at`)[0m

2026/10/02 15:33:08 [32mgithub.com/QuantumNous/new-api/zsy/runninghub/queue.go:203 [33mSLOW SQL >= 200ms
[0m[31;1m[395.856ms] [33m[rows:0][35m SELECT * FROM `rh_queued_tasks` WHERE created_at < ? ORDER BY created_at asc LIMIT 50[0m

2026/10/02 15:33:14 [32mgithub.com/QuantumNous/new-api/zsy/runninghub/queue.go:203 [33mSLOW SQL >= 200ms
[0m[31;1m[356.370ms] [33m[rows:0][35m SELECT * FROM `rh_queued_tasks` WHERE created_at < ? ORDER BY created_at asc LIMIT 50[0m

2026/10/02 15:33:16 [32mgithub.com/QuantumNous/new-api/model/system_task.go:169 [33mSLOW SQL >= 200ms
[0m[31;1m[213.219ms] [33m[rows:0][35m SELECT * FROM `system_tasks` WHERE id IN (SELECT MIN(id) FROM `system_tasks` WHERE type IN (?,?,?,?,?) AND status = ? GROUP BY `type`)[0m

2026/10/02 15:33:23 [32mgithub.com/QuantumNous/new-api/zsy/runninghub/queue.go:203 [33mSLOW SQL >= 200ms
[0m[31;1m[387.629ms] [33m[rows:0][35m SELECT * FROM `rh_queued_tasks` WHERE created_at < ? ORDER BY created_at asc LIMIT 50[0m

2026/10/02 15:33:32 [32mgithub.com/QuantumNous/new-api/model/system_instance.go:69 [33mSLOW SQL >= 200ms
[0m[31;1m[314.240ms] [33m[rows:2][35m INSERT INTO `system_instances` (`node_name`,`info`,`started_at`,`last_seen_at`,`created_at`,`updated_at`) VALUES (?,?,?,?,?,?) ON DUPLICATE KEY UPDATE `info`=VALUES(`info`),`started_at`=VALUES(`started_at`),`last_seen_at`=VALUES(`last_seen_at`),`updated_at`=VALUES(`updated_at`)[0m
[SYS] 2026/10/02 - 15:33:37 | syncing options from database 

2026/10/02 15:33:37 [32mgithub.com/QuantumNous/new-api/model/option.go:26 [33mSLOW SQL >= 200ms
[0m[31;1m[226.816ms] [33m[rows:37][35m SELECT * FROM `options`[0m

2026/10/02 15:34:02 [32mgithub.com/QuantumNous/new-api/model/task.go:355 [33mSLOW SQL >= 200ms
[0m[31;1m[729.697ms] [33m[rows:0][35m SELECT `id` FROM `tasks` WHERE progress != ? AND status != ? AND status != ? LIMIT 1[0m

2026/10/02 15:34:03 [32mgithub.com/QuantumNous/new-api/model/system_instance.go:69 [33mSLOW SQL >= 200ms
[0m[31;1m[947.158ms] [33m[rows:2][35m INSERT INTO `system_instances` (`node_name`,`info`,`started_at`,`last_seen_at`,`created_at`,`updated_at`) VALUES (?,?,?,?,?,?) ON DUPLICATE KEY UPDATE `info`=VALUES(`info`),`started_at`=VALUES(`started_at`),`last_seen_at`=VALUES(`last_seen_at`),`updated_at`=VALUES(`updated_at`)[0m

2026/10/02 15:34:03 [32mgithub.com/QuantumNous/new-api/model/system_task.go:216 [33mSLOW SQL >= 200ms
[0m[31;1m[585.123ms] [33m[rows:1][35m SELECT * FROM `system_tasks` WHERE id IN (SELECT MAX(id) FROM `system_tasks` WHERE type IN (?) GROUP BY `type`)[0m

2026/10/02 15:34:03 [32mgithub.com/QuantumNous/new-api/model/system_task.go:169 [33mSLOW SQL >= 200ms
[0m[31;1m[250.172ms] [33m[rows:0][35m SELECT * FROM `system_tasks` WHERE id IN (SELECT MIN(id) FROM `system_tasks` WHERE type IN (?,?,?,?,?) AND status = ? GROUP BY `type`)[0m

2026/10/02 15:34:32 [32mgithub.com/QuantumNous/new-api/zsy/runninghub/queue.go:203 [33mSLOW SQL >= 200ms
[0m[31;1m[378.353ms] [33m[rows:0][35m SELECT * FROM `rh_queued_tasks` WHERE created_at < ? ORDER BY created_at asc LIMIT 50[0m

2026/10/02 15:34:32 [32mgithub.com/QuantumNous/new-api/model/system_instance.go:69 [33mSLOW SQL >= 200ms
[0m[31;1m[313.085ms] [33m[rows:2][35m INSERT INTO `system_instances` (`node_name`,`info`,`started_at`,`last_seen_at`,`created_at`,`updated_at`) VALUES (?,?,?,?,?,?) ON DUPLICATE KEY UPDATE `info`=VALUES(`info`),`started_at`=VALUES(`started_at`),`last_seen_at`=VALUES(`last_seen_at`),`updated_at`=VALUES(`updated_at`)[0m
[SYS] 2026/10/02 - 15:34:37 | syncing options from database 

2026/10/02 15:34:38 [32mgithub.com/QuantumNous/new-api/model/option.go:26 [33mSLOW SQL >= 200ms
[0m[31;1m[235.476ms] [33m[rows:37][35m SELECT * FROM `options`[0m

2026/10/02 15:34:44 [32mgithub.com/QuantumNous/new-api/zsy/runninghub/queue.go:116 [33mSLOW SQL >= 200ms
[0m[31;1m[373.444ms] [33m[rows:0][35m SELECT * FROM `rh_queued_tasks` ORDER BY created_at asc, id asc LIMIT 20[0m

2026/10/02 15:34:50 [32mgithub.com/QuantumNous/new-api/zsy/runninghub/queue.go:203 [33mSLOW SQL >= 200ms
[0m[31;1m[372.797ms] [33m[rows:0][35m SELECT * FROM `rh_queued_tasks` WHERE created_at < ? ORDER BY created_at asc LIMIT 50[0m

2026/10/02 15:35:02 [32mgithub.com/QuantumNous/new-api/zsy/runninghub/queue.go:203 [33mSLOW SQL >= 200ms
[0m[31;1m[568.937ms] [33m[rows:0][35m SELECT * FROM `rh_queued_tasks` WHERE created_at < ? ORDER BY created_at asc LIMIT 50[0m

2026/10/02 15:35:02 [32mgithub.com/QuantumNous/new-api/model/system_instance.go:69 [33mSLOW SQL >= 200ms
[0m[31;1m[445.013ms] [33m[rows:2][35m INSERT INTO `system_instances` (`node_name`,`info`,`started_at`,`last_seen_at`,`created_at`,`updated_at`) VALUES (?,?,?,?,?,?) ON DUPLICATE KEY UPDATE `info`=VALUES(`info`),`started_at`=VALUES(`started_at`),`last_seen_at`=VALUES(`last_seen_at`),`updated_at`=VALUES(`updated_at`)[0m

2026/10/02 15:35:14 [32mgithub.com/QuantumNous/new-api/zsy/runninghub/queue.go:116 [33mSLOW SQL >= 200ms
[0m[31;1m[388.772ms] [33m[rows:0][35m SELECT * FROM `rh_queued_tasks` ORDER BY created_at asc, id asc LIMIT 20[0m

2026/10/02 15:35:17 [32mgithub.com/QuantumNous/new-api/zsy/runninghub/queue.go:203 [33mSLOW SQL >= 200ms
[0m[31;1m[580.490ms] [33m[rows:0][35m SELECT * FROM `rh_queued_tasks` WHERE created_at < ? ORDER BY created_at asc LIMIT 50[0m

2026/10/02 15:35:32 [32mgithub.com/QuantumNous/new-api/model/system_instance.go:69 [33mSLOW SQL >= 200ms
[0m[31;1m[315.009ms] [33m[rows:2][35m INSERT INTO `system_instances` (`node_name`,`info`,`started_at`,`last_seen_at`,`created_at`,`updated_at`) VALUES (?,?,?,?,?,?) ON DUPLICATE KEY UPDATE `info`=VALUES(`info`),`started_at`=VALUES(`started_at`),`last_seen_at`=VALUES(`last_seen_at`),`updated_at`=VALUES(`updated_at`)[0m
[SYS] 2026/10/02 - 15:35:38 | syncing options from database 

2026/10/02 15:35:38 [32mgithub.com/QuantumNous/new-api/model/option.go:26 [33mSLOW SQL >= 200ms
[0m[31;1m[325.287ms] [33m[rows:37][35m SELECT * FROM `options`[0m

2026/10/02 15:35:46 [32mgithub.com/QuantumNous/new-api/model/system_task.go:169 [33mSLOW SQL >= 200ms
[0m[31;1m[225.346ms] [33m[rows:0][35m SELECT * FROM `system_tasks` WHERE id IN (SELECT MIN(id) FROM `system_tasks` WHERE type IN (?,?,?,?,?) AND status = ? GROUP BY `type`)[0m
[SYS] 2026/10/02 - 15:36:01 | 正在更新数据看板数据... 
[SYS] 2026/10/02 - 15:36:01 | 保存数据看板数据成功，共保存0条数据 

2026/10/02 15:36:02 [32mgithub.com/QuantumNous/new-api/service/codex_credential_refresh_task.go:80 [33mSLOW SQL >= 200ms
[0m[31;1m[693.629ms] [33m[rows:0][35m SELECT `id`,`name`,`key`,`status`,`channel_info` FROM `channels` WHERE type = ? AND (status = ? OR status = ?) ORDER BY id asc LIMIT 200[0m

2026/10/02 15:36:02 [32mgithub.com/QuantumNous/new-api/zsy/runninghub/queue.go:203 [33mSLOW SQL >= 200ms
[0m[31;1m[703.834ms] [33m[rows:0][35m SELECT * FROM `rh_queued_tasks` WHERE created_at < ? ORDER BY created_at asc LIMIT 50[0m

2026/10/02 15:36:02 [32mgithub.com/QuantumNous/new-api/model/subscription.go:1437 [33mSLOW SQL >= 200ms
[0m[31;1m[502.296ms] [33m[rows:0][35m SELECT * FROM `user_subscriptions` WHERE next_reset_time > 0 AND next_reset_time <= ? AND status = ? ORDER BY next_reset_time asc LIMIT 300[0m

2026/10/02 15:36:03 [32mgithub.com/QuantumNous/new-api/model/system_instance.go:69 [33mSLOW SQL >= 200ms
[0m[31;1m[797.836ms] [33m[rows:2][35m INSERT INTO `system_instances` (`node_name`,`info`,`started_at`,`last_seen_at`,`created_at`,`updated_at`) VALUES (?,?,?,?,?,?) ON DUPLICATE KEY UPDATE `info`=VALUES(`info`),`started_at`=VALUES(`started_at`),`last_seen_at`=VALUES(`last_seen_at`),`updated_at`=VALUES(`updated_at`)[0m

2026/10/02 15:36:05 [32mgithub.com/QuantumNous/new-api/zsy/runninghub/queue.go:203 [33mSLOW SQL >= 200ms
[0m[31;1m[463.616ms] [33m[rows:0][35m SELECT * FROM `rh_queued_tasks` WHERE created_at < ? ORDER BY created_at asc LIMIT 50[0m

2026/10/02 15:36:32 [32mgithub.com/QuantumNous/new-api/model/system_instance.go:69 [33mSLOW SQL >= 200ms
[0m[31;1m[403.940ms] [33m[rows:2][35m INSERT INTO `system_instances` (`node_name`,`info`,`started_at`,`last_seen_at`,`created_at`,`updated_at`) VALUES (?,?,?,?,?,?) ON DUPLICATE KEY UPDATE `info`=VALUES(`info`),`started_at`=VALUES(`started_at`),`last_seen_at`=VALUES(`last_seen_at`),`updated_at`=VALUES(`updated_at`)[0m

2026/10/02 15:36:35 [32mgithub.com/QuantumNous/new-api/zsy/runninghub/queue.go:116 [33mSLOW SQL >= 200ms
[0m[31;1m[207.236ms] [33m[rows:0][35m SELECT * FROM `rh_queued_tasks` ORDER BY created_at asc, id asc LIMIT 20[0m

2026/10/02 15:36:36 [32mgithub.com/QuantumNous/new-api/service/authz/adapter.go:23 [33mSLOW SQL >= 200ms
[0m[31;1m[272.822ms] [33m[rows:3][35m SELECT * FROM `casbin_rule` ORDER BY id asc[0m
[SYS] 2026/10/02 - 15:36:38 | syncing options from database 

2026/10/02 15:36:38 [32mgithub.com/QuantumNous/new-api/model/option.go:26 [33mSLOW SQL >= 200ms
[0m[31;1m[229.881ms] [33m[rows:37][35m SELECT * FROM `options`[0m

2026/10/02 15:36:47 [32mgithub.com/QuantumNous/new-api/model/task.go:355 [33mSLOW SQL >= 200ms
[0m[31;1m[379.820ms] [33m[rows:0][35m SELECT `id` FROM `tasks` WHERE progress != ? AND status != ? AND status != ? LIMIT 1[0m

2026/10/02 15:36:59 [32mgithub.com/QuantumNous/new-api/zsy/runninghub/queue.go:203 [33mSLOW SQL >= 200ms
[0m[31;1m[383.687ms] [33m[rows:0][35m SELECT * FROM `rh_queued_tasks` WHERE created_at < ? ORDER BY created_at asc LIMIT 50[0m

2026/10/02 15:37:02 [32mgithub.com/QuantumNous/new-api/model/system_task.go:362 [33mSLOW SQL >= 200ms
[0m[31;1m[276.777ms] [33m[rows:0][35m SELECT * FROM `system_task_locks` WHERE locked_until < ?[0m

2026/10/02 15:37:02 [32mgithub.com/QuantumNous/new-api/model/db_time.go:16 [33mSLOW SQL >= 200ms
[0m[31;1m[283.128ms] [33m[rows:1][35m SELECT UNIX_TIMESTAMP()[0m

2026/10/02 15:37:02 [32mgithub.com/QuantumNous/new-api/model/system_instance.go:69 [33mSLOW SQL >= 200ms
[0m[31;1m[393.033ms] [33m[rows:2][35m INSERT INTO `system_instances` (`node_name`,`info`,`started_at`,`last_seen_at`,`created_at`,`updated_at`) VALUES (?,?,?,?,?,?) ON DUPLICATE KEY UPDATE `info`=VALUES(`info`),`started_at`=VALUES(`started_at`),`last_seen_at`=VALUES(`last_seen_at`),`updated_at`=VALUES(`updated_at`)[0m

2026/10/02 15:37:02 [32mgithub.com/QuantumNous/new-api/model/system_task.go:169 [33mSLOW SQL >= 200ms
[0m[31;1m[405.945ms] [33m[rows:0][35m SELECT * FROM `system_tasks` WHERE id IN (SELECT MIN(id) FROM `system_tasks` WHERE type IN (?,?,?,?,?) AND status = ? GROUP BY `type`)[0m

2026/10/02 15:37:05 [32mgithub.com/QuantumNous/new-api/zsy/runninghub/queue.go:203 [33mSLOW SQL >= 200ms
[0m[31;1m[581.451ms] [33m[rows:0][35m SELECT * FROM `rh_queued_tasks` WHERE created_at < ? ORDER BY created_at asc LIMIT 50[0m

2026/10/02 15:37:12 [32mgithub.com/QuantumNous/new-api/zsy/runninghub/app_catalog.go:112 [33mSLOW SQL >= 200ms
[0m[31;1m[333.583ms] [33m[rows:11][35m SELECT * FROM `apps` WHERE (published = ? AND admin_only = ?) AND `apps`.`deleted_at` IS NULL ORDER BY name asc, id asc[0m
[GIN] 2026/10/02 - 15:37:12 | web | 202610020737119622230008268d9d6LdPllDIC | 200 |    643.1281ms |             ::1 |     GET /api/zsy/rh/app-catalog
[GIN] 2026/10/02 - 15:37:12 | web | 202610020737129874800008268d9d6l6c1hXki | 200 |      2.2998ms |             ::1 |     GET /favicon.ico

2026/10/02 15:37:17 [32mgithub.com/QuantumNous/new-api/model/system_task.go:169 [33mSLOW SQL >= 200ms
[0m[31;1m[614.622ms] [33m[rows:0][35m SELECT * FROM `system_tasks` WHERE id IN (SELECT MIN(id) FROM `system_tasks` WHERE type IN (?,?,?,?,?) AND status = ? GROUP BY `type`)[0m

2026/10/02 15:37:19 [32mgithub.com/QuantumNous/new-api/zsy/runninghub/app_catalog.go:112 [33mSLOW SQL >= 200ms
[0m[31;1m[248.239ms] [33m[rows:11][35m SELECT * FROM `apps` WHERE (published = ? AND admin_only = ?) AND `apps`.`deleted_at` IS NULL ORDER BY name asc, id asc[0m
[GIN] 2026/10/02 - 15:37:19 | web | 202610020737191294679008268d9d6K07noEU8 | 200 |    584.8432ms |             ::1 |     GET /api/zsy/rh/app-catalog
[GIN] 2026/10/02 - 15:37:19 | web | 202610020737198121604008268d9d61FcI279w | 200 |      2.2535ms |             ::1 |     GET /favicon.ico

2026/10/02 15:37:20 [32mgithub.com/QuantumNous/new-api/zsy/runninghub/queue.go:203 [33mSLOW SQL >= 200ms
[0m[31;1m[474.693ms] [33m[rows:0][35m SELECT * FROM `rh_queued_tasks` WHERE created_at < ? ORDER BY created_at asc LIMIT 50[0m

2026/10/02 15:37:32 [32mgithub.com/QuantumNous/new-api/model/system_task.go:216 [33mSLOW SQL >= 200ms
[0m[31;1m[389.524ms] [33m[rows:1][35m SELECT * FROM `system_tasks` WHERE id IN (SELECT MAX(id) FROM `system_tasks` WHERE type IN (?) GROUP BY `type`)[0m

2026/10/02 15:37:32 [32mgithub.com/QuantumNous/new-api/model/system_instance.go:69 [33mSLOW SQL >= 200ms
[0m[31;1m[483.764ms] [33m[rows:2][35m INSERT INTO `system_instances` (`node_name`,`info`,`started_at`,`last_seen_at`,`created_at`,`updated_at`) VALUES (?,?,?,?,?,?) ON DUPLICATE KEY UPDATE `info`=VALUES(`info`),`started_at`=VALUES(`started_at`),`last_seen_at`=VALUES(`last_seen_at`),`updated_at`=VALUES(`updated_at`)[0m
[SYS] 2026/10/02 - 15:37:38 | syncing options from database 

2026/10/02 15:37:39 [32mgithub.com/QuantumNous/new-api/model/option.go:26 [33mSLOW SQL >= 200ms
[0m[31;1m[440.095ms] [33m[rows:37][35m SELECT * FROM `options`[0m

2026/10/02 15:37:47 [32mgithub.com/QuantumNous/new-api/model/system_task.go:362 [33mSLOW SQL >= 200ms
[0m[31;1m[248.466ms] [33m[rows:0][35m SELECT * FROM `system_task_locks` WHERE locked_until < ?[0m

2026/10/02 15:37:47 [32mgithub.com/QuantumNous/new-api/model/midjourney.go:116 [33mSLOW SQL >= 200ms
[0m[31;1m[221.411ms] [33m[rows:0][35m SELECT `id` FROM `midjourneys` WHERE progress != ? LIMIT 1[0m

2026/10/02 15:37:47 [32mgithub.com/QuantumNous/new-api/model/task.go:355 [33mSLOW SQL >= 200ms
[0m[31;1m[294.066ms] [33m[rows:0][35m SELECT `id` FROM `tasks` WHERE progress != ? AND status != ? AND status != ? LIMIT 1[0m

2026/10/02 15:37:47 [32mgithub.com/QuantumNous/new-api/model/system_task.go:216 [33mSLOW SQL >= 200ms
[0m[31;1m[222.790ms] [33m[rows:1][35m SELECT * FROM `system_tasks` WHERE id IN (SELECT MAX(id) FROM `system_tasks` WHERE type IN (?) GROUP BY `type`)[0m

2026/10/02 15:37:48 [32mgithub.com/QuantumNous/new-api/model/system_task.go:169 [33mSLOW SQL >= 200ms
[0m[31;1m[592.730ms] [33m[rows:0][35m SELECT * FROM `system_tasks` WHERE id IN (SELECT MIN(id) FROM `system_tasks` WHERE type IN (?,?,?,?,?) AND status = ? GROUP BY `type`)[0m

2026/10/02 15:37:50 [32mgithub.com/QuantumNous/new-api/zsy/runninghub/queue.go:203 [33mSLOW SQL >= 200ms
[0m[31;1m[499.255ms] [33m[rows:0][35m SELECT * FROM `rh_queued_tasks` WHERE created_at < ? ORDER BY created_at asc LIMIT 50[0m

2026/10/02 15:38:02 [32mgithub.com/QuantumNous/new-api/zsy/runninghub/queue.go:203 [33mSLOW SQL >= 200ms
[0m[31;1m[830.959ms] [33m[rows:0][35m SELECT * FROM `rh_queued_tasks` WHERE created_at < ? ORDER BY created_at asc LIMIT 50[0m

2026/10/02 15:38:02 [32mgithub.com/QuantumNous/new-api/model/system_instance.go:69 [33mSLOW SQL >= 200ms
[0m[31;1m[493.120ms] [33m[rows:2][35m INSERT INTO `system_instances` (`node_name`,`info`,`started_at`,`last_seen_at`,`created_at`,`updated_at`) VALUES (?,?,?,?,?,?) ON DUPLICATE KEY UPDATE `info`=VALUES(`info`),`started_at`=VALUES(`started_at`),`last_seen_at`=VALUES(`last_seen_at`),`updated_at`=VALUES(`updated_at`)[0m

2026/10/02 15:38:02 [32mgithub.com/QuantumNous/new-api/zsy/runninghub/queue.go:116 [33mSLOW SQL >= 200ms
[0m[31;1m[375.090ms] [33m[rows:0][35m SELECT * FROM `rh_queued_tasks` ORDER BY created_at asc, id asc LIMIT 20[0m

2026/10/02 15:38:17 [32mgithub.com/QuantumNous/new-api/zsy/runninghub/queue.go:203 [33mSLOW SQL >= 200ms
[0m[31;1m[248.741ms] [33m[rows:0][35m SELECT * FROM `rh_queued_tasks` WHERE created_at < ? ORDER BY created_at asc LIMIT 50[0m

2026/10/02 15:38:17 [32mgithub.com/QuantumNous/new-api/model/midjourney.go:116 [33mSLOW SQL >= 200ms
[0m[31;1m[349.697ms] [33m[rows:0][35m SELECT `id` FROM `midjourneys` WHERE progress != ? LIMIT 1[0m

2026/10/02 15:38:17 [32mgithub.com/QuantumNous/new-api/model/system_task.go:216 [33mSLOW SQL >= 200ms
[0m[31;1m[329.776ms] [33m[rows:1][35m SELECT * FROM `system_tasks` WHERE id IN (SELECT MAX(id) FROM `system_tasks` WHERE type IN (?) GROUP BY `type`)[0m

2026/10/02 15:38:29 [32mgithub.com/QuantumNous/new-api/zsy/runninghub/queue.go:116 [33mSLOW SQL >= 200ms
[0m[31;1m[759.605ms] [33m[rows:0][35m SELECT * FROM `rh_queued_tasks` ORDER BY created_at asc, id asc LIMIT 20[0m

2026/10/02 15:38:32 [32mgithub.com/QuantumNous/new-api/zsy/runninghub/queue.go:203 [33mSLOW SQL >= 200ms
[0m[31;1m[603.475ms] [33m[rows:0][35m SELECT * FROM `rh_queued_tasks` WHERE created_at < ? ORDER BY created_at asc LIMIT 50[0m

2026/10/02 15:38:32 [32mgithub.com/QuantumNous/new-api/model/system_instance.go:69 [33mSLOW SQL >= 200ms
[0m[31;1m[628.302ms] [33m[rows:2][35m INSERT INTO `system_instances` (`node_name`,`info`,`started_at`,`last_seen_at`,`created_at`,`updated_at`) VALUES (?,?,?,?,?,?) ON DUPLICATE KEY UPDATE `info`=VALUES(`info`),`started_at`=VALUES(`started_at`),`last_seen_at`=VALUES(`last_seen_at`),`updated_at`=VALUES(`updated_at`)[0m
[SYS] 2026/10/02 - 15:38:39 | syncing options from database 

2026/10/02 15:38:39 [32mgithub.com/QuantumNous/new-api/model/option.go:26 [33mSLOW SQL >= 200ms
[0m[31;1m[220.186ms] [33m[rows:37][35m SELECT * FROM `options`[0m

2026/10/02 15:38:44 [32mgithub.com/QuantumNous/new-api/zsy/runninghub/queue.go:203 [33mSLOW SQL >= 200ms
[0m[31;1m[315.210ms] [33m[rows:0][35m SELECT * FROM `rh_queued_tasks` WHERE created_at < ? ORDER BY created_at asc LIMIT 50[0m

2026/10/02 15:39:02 [32mgithub.com/QuantumNous/new-api/model/system_task.go:216 [33mSLOW SQL >= 200ms
[0m[31;1m[201.451ms] [33m[rows:1][35m SELECT * FROM `system_tasks` WHERE id IN (SELECT MAX(id) FROM `system_tasks` WHERE type IN (?) GROUP BY `type`)[0m

2026/10/02 15:39:02 [32mgithub.com/QuantumNous/new-api/model/system_instance.go:69 [33mSLOW SQL >= 200ms
[0m[31;1m[382.857ms] [33m[rows:2][35m INSERT INTO `system_instances` (`node_name`,`info`,`started_at`,`last_seen_at`,`created_at`,`updated_at`) VALUES (?,?,?,?,?,?) ON DUPLICATE KEY UPDATE `info`=VALUES(`info`),`started_at`=VALUES(`started_at`),`last_seen_at`=VALUES(`last_seen_at`),`updated_at`=VALUES(`updated_at`)[0m

2026/10/02 15:39:08 [32mgithub.com/QuantumNous/new-api/zsy/runninghub/queue.go:116 [33mSLOW SQL >= 200ms
[0m[31;1m[369.308ms] [33m[rows:0][35m SELECT * FROM `rh_queued_tasks` ORDER BY created_at asc, id asc LIMIT 20[0m

2026/10/02 15:39:17 [32mgithub.com/QuantumNous/new-api/model/system_task.go:362 [33mSLOW SQL >= 200ms
[0m[31;1m[568.597ms] [33m[rows:0][35m SELECT * FROM `system_task_locks` WHERE locked_until < ?[0m

2026/10/02 15:39:32 [32mgithub.com/QuantumNous/new-api/model/system_instance.go:69 [33mSLOW SQL >= 200ms
[0m[31;1m[401.068ms] [33m[rows:2][35m INSERT INTO `system_instances` (`node_name`,`info`,`started_at`,`last_seen_at`,`created_at`,`updated_at`) VALUES (?,?,?,?,?,?) ON DUPLICATE KEY UPDATE `info`=VALUES(`info`),`started_at`=VALUES(`started_at`),`last_seen_at`=VALUES(`last_seen_at`),`updated_at`=VALUES(`updated_at`)[0m

2026/10/02 15:39:35 [32mgithub.com/QuantumNous/new-api/zsy/runninghub/queue.go:203 [33mSLOW SQL >= 200ms
[0m[31;1m[631.416ms] [33m[rows:0][35m SELECT * FROM `rh_queued_tasks` WHERE created_at < ? ORDER BY created_at asc LIMIT 50[0m

2026/10/02 15:39:35 [32mgithub.com/QuantumNous/new-api/zsy/runninghub/queue.go:116 [33mSLOW SQL >= 200ms
[0m[31;1m[412.739ms] [33m[rows:0][35m SELECT * FROM `rh_queued_tasks` ORDER BY created_at asc, id asc LIMIT 20[0m

2026/10/02 15:39:36 [32mgithub.com/QuantumNous/new-api/service/authz/adapter.go:23 [33mSLOW SQL >= 200ms
[0m[31;1m[247.530ms] [33m[rows:3][35m SELECT * FROM `casbin_rule` ORDER BY id asc[0m
[SYS] 2026/10/02 - 15:39:39 | syncing options from database 

2026/10/02 15:39:39 [32mgithub.com/QuantumNous/new-api/model/option.go:26 [33mSLOW SQL >= 200ms
[0m[31;1m[461.212ms] [33m[rows:37][35m SELECT * FROM `options`[0m

2026/10/02 15:39:41 [32mgithub.com/QuantumNous/new-api/zsy/runninghub/queue.go:203 [33mSLOW SQL >= 200ms
[0m[31;1m[295.779ms] [33m[rows:0][35m SELECT * FROM `rh_queued_tasks` WHERE created_at < ? ORDER BY created_at asc LIMIT 50[0m

2026/10/02 15:39:47 [32mgithub.com/QuantumNous/new-api/model/midjourney.go:116 [33mSLOW SQL >= 200ms
[0m[31;1m[252.473ms] [33m[rows:0][35m SELECT `id` FROM `midjourneys` WHERE progress != ? LIMIT 1[0m

2026/10/02 15:39:47 [32mgithub.com/QuantumNous/new-api/zsy/runninghub/queue.go:203 [33mSLOW SQL >= 200ms
[0m[31;1m[744.463ms] [33m[rows:0][35m SELECT * FROM `rh_queued_tasks` WHERE created_at < ? ORDER BY created_at asc LIMIT 50[0m

2026/10/02 15:39:47 [32mgithub.com/QuantumNous/new-api/model/system_task.go:169 [33mSLOW SQL >= 200ms
[0m[31;1m[247.158ms] [33m[rows:0][35m SELECT * FROM `system_tasks` WHERE id IN (SELECT MIN(id) FROM `system_tasks` WHERE type IN (?,?,?,?,?) AND status = ? GROUP BY `type`)[0m

2026/10/02 15:39:55 [32mgithub.com/QuantumNous/new-api/zsy/runninghub/queue.go:203 [33mSLOW SQL >= 200ms
[0m[31;1m[223.256ms] [33m[rows:0][35m SELECT * FROM `rh_queued_tasks` WHERE created_at < ? ORDER BY created_at asc LIMIT 50[0m

2026/10/02 15:40:02 [32mgithub.com/QuantumNous/new-api/zsy/runninghub/queue.go:203 [33mSLOW SQL >= 200ms
[0m[31;1m[281.485ms] [33m[rows:0][35m SELECT * FROM `rh_queued_tasks` WHERE created_at < ? ORDER BY created_at asc LIMIT 50[0m

2026/10/02 15:40:02 [32mgithub.com/QuantumNous/new-api/zsy/runninghub/queue.go:116 [33mSLOW SQL >= 200ms
[0m[31;1m[231.870ms] [33m[rows:0][35m SELECT * FROM `rh_queued_tasks` ORDER BY created_at asc, id asc LIMIT 20[0m

2026/10/02 15:40:02 [32mgithub.com/QuantumNous/new-api/model/db_time.go:16 [33mSLOW SQL >= 200ms
[0m[31;1m[566.165ms] [33m[rows:1][35m SELECT UNIX_TIMESTAMP()[0m

2026/10/02 15:40:02 [32mgithub.com/QuantumNous/new-api/model/system_task.go:362 [33mSLOW SQL >= 200ms
[0m[31;1m[958.810ms] [33m[rows:0][35m SELECT * FROM `system_task_locks` WHERE locked_until < ?[0m

2026/10/02 15:40:03 [32mgithub.com/QuantumNous/new-api/model/system_instance.go:69 [33mSLOW SQL >= 200ms
[0m[31;1m[792.730ms] [33m[rows:2][35m INSERT INTO `system_instances` (`node_name`,`info`,`started_at`,`last_seen_at`,`created_at`,`updated_at`) VALUES (?,?,?,?,?,?) ON DUPLICATE KEY UPDATE `info`=VALUES(`info`),`started_at`=VALUES(`started_at`),`last_seen_at`=VALUES(`last_seen_at`),`updated_at`=VALUES(`updated_at`)[0m

2026/10/02 15:40:03 [32mgithub.com/QuantumNous/new-api/model/subscription.go:1437 [33mSLOW SQL >= 200ms
[0m[31;1m[728.812ms] [33m[rows:0][35m SELECT * FROM `user_subscriptions` WHERE next_reset_time > 0 AND next_reset_time <= ? AND status = ? ORDER BY next_reset_time asc LIMIT 300[0m

2026/10/02 15:40:03 [32mgithub.com/QuantumNous/new-api/model/system_task.go:216 [33mSLOW SQL >= 200ms
[0m[31;1m[273.818ms] [33m[rows:1][35m SELECT * FROM `system_tasks` WHERE id IN (SELECT MAX(id) FROM `system_tasks` WHERE type IN (?) GROUP BY `type`)[0m

2026/10/02 15:40:05 [32mgithub.com/QuantumNous/new-api/zsy/runninghub/queue.go:203 [33mSLOW SQL >= 200ms
[0m[31;1m[259.034ms] [33m[rows:0][35m SELECT * FROM `rh_queued_tasks` WHERE created_at < ? ORDER BY created_at asc LIMIT 50[0m

2026/10/02 15:40:05 [32mgithub.com/QuantumNous/new-api/zsy/runninghub/queue.go:116 [33mSLOW SQL >= 200ms
[0m[31;1m[346.453ms] [33m[rows:0][35m SELECT * FROM `rh_queued_tasks` ORDER BY created_at asc, id asc LIMIT 20[0m

2026/10/02 15:40:17 [32mgithub.com/QuantumNous/new-api/model/system_task.go:216 [33mSLOW SQL >= 200ms
[0m[31;1m[201.090ms] [33m[rows:1][35m SELECT * FROM `system_tasks` WHERE id IN (SELECT MAX(id) FROM `system_tasks` WHERE type IN (?) GROUP BY `type`)[0m

2026/10/02 15:40:20 [32mgithub.com/QuantumNous/new-api/zsy/runninghub/queue.go:203 [33mSLOW SQL >= 200ms
[0m[31;1m[384.428ms] [33m[rows:0][35m SELECT * FROM `rh_queued_tasks` WHERE created_at < ? ORDER BY created_at asc LIMIT 50[0m

2026/10/02 15:40:32 [32mgithub.com/QuantumNous/new-api/model/system_task.go:169 [33mSLOW SQL >= 200ms
[0m[31;1m[404.297ms] [33m[rows:0][35m SELECT * FROM `system_tasks` WHERE id IN (SELECT MIN(id) FROM `system_tasks` WHERE type IN (?,?,?,?,?) AND status = ? GROUP BY `type`)[0m

2026/10/02 15:40:33 [32mgithub.com/QuantumNous/new-api/model/system_instance.go:69 [33mSLOW SQL >= 200ms
[0m[31;1m[1053.646ms] [33m[rows:2][35m INSERT INTO `system_instances` (`node_name`,`info`,`started_at`,`last_seen_at`,`created_at`,`updated_at`) VALUES (?,?,?,?,?,?) ON DUPLICATE KEY UPDATE `info`=VALUES(`info`),`started_at`=VALUES(`started_at`),`last_seen_at`=VALUES(`last_seen_at`),`updated_at`=VALUES(`updated_at`)[0m

2026/10/02 15:40:35 [32mgithub.com/QuantumNous/new-api/zsy/runninghub/queue.go:116 [33mSLOW SQL >= 200ms
[0m[31;1m[374.261ms] [33m[rows:0][35m SELECT * FROM `rh_queued_tasks` ORDER BY created_at asc, id asc LIMIT 20[0m
[SYS] 2026/10/02 - 15:40:39 | syncing options from database 

2026/10/02 15:40:40 [32mgithub.com/QuantumNous/new-api/model/option.go:26 [33mSLOW SQL >= 200ms
[0m[31;1m[401.752ms] [33m[rows:37][35m SELECT * FROM `options`[0m
[SYS] 2026/10/02 - 15:41:01 | 正在更新数据看板数据... 
[SYS] 2026/10/02 - 15:41:01 | 保存数据看板数据成功，共保存0条数据 

2026/10/02 15:41:02 [32mgithub.com/QuantumNous/new-api/zsy/runninghub/queue.go:203 [33mSLOW SQL >= 200ms
[0m[31;1m[551.630ms] [33m[rows:0][35m SELECT * FROM `rh_queued_tasks` WHERE created_at < ? ORDER BY created_at asc LIMIT 50[0m

2026/10/02 15:41:02 [32mgithub.com/QuantumNous/new-api/model/system_instance.go:69 [33mSLOW SQL >= 200ms
[0m[31;1m[396.758ms] [33m[rows:2][35m INSERT INTO `system_instances` (`node_name`,`info`,`started_at`,`last_seen_at`,`created_at`,`updated_at`) VALUES (?,?,?,?,?,?) ON DUPLICATE KEY UPDATE `info`=VALUES(`info`),`started_at`=VALUES(`started_at`),`last_seen_at`=VALUES(`last_seen_at`),`updated_at`=VALUES(`updated_at`)[0m

2026/10/02 15:41:17 [32mgithub.com/QuantumNous/new-api/zsy/runninghub/queue.go:203 [33mSLOW SQL >= 200ms
[0m[31;1m[527.417ms] [33m[rows:0][35m SELECT * FROM `rh_queued_tasks` WHERE created_at < ? ORDER BY created_at asc LIMIT 50[0m

2026/10/02 15:41:32 [32mgithub.com/QuantumNous/new-api/model/system_instance.go:69 [33mSLOW SQL >= 200ms
[0m[31;1m[334.619ms] [33m[rows:2][35m INSERT INTO `system_instances` (`node_name`,`info`,`started_at`,`last_seen_at`,`created_at`,`updated_at`) VALUES (?,?,?,?,?,?) ON DUPLICATE KEY UPDATE `info`=VALUES(`info`),`started_at`=VALUES(`started_at`),`last_seen_at`=VALUES(`last_seen_at`),`updated_at`=VALUES(`updated_at`)[0m
[SYS] 2026/10/02 - 15:41:40 | syncing options from database 

2026/10/02 15:41:40 [32mgithub.com/QuantumNous/new-api/model/option.go:26 [33mSLOW SQL >= 200ms
[0m[31;1m[261.348ms] [33m[rows:37][35m SELECT * FROM `options`[0m

2026/10/02 15:41:47 [32mgithub.com/QuantumNous/new-api/zsy/runninghub/queue.go:116 [33mSLOW SQL >= 200ms
[0m[31;1m[325.994ms] [33m[rows:0][35m SELECT * FROM `rh_queued_tasks` ORDER BY created_at asc, id asc LIMIT 20[0m

2026/10/02 15:42:02 [32mgithub.com/QuantumNous/new-api/zsy/runninghub/queue.go:203 [33mSLOW SQL >= 200ms
[0m[31;1m[578.435ms] [33m[rows:0][35m SELECT * FROM `rh_queued_tasks` WHERE created_at < ? ORDER BY created_at asc LIMIT 50[0m

2026/10/02 15:42:02 [32mgithub.com/QuantumNous/new-api/model/subscription.go:1437 [33mSLOW SQL >= 200ms
[0m[31;1m[476.160ms] [33m[rows:0][35m SELECT * FROM `user_subscriptions` WHERE next_reset_time > 0 AND next_reset_time <= ? AND status = ? ORDER BY next_reset_time asc LIMIT 300[0m

2026/10/02 15:42:02 [32mgithub.com/QuantumNous/new-api/model/system_instance.go:69 [33mSLOW SQL >= 200ms
[0m[31;1m[743.942ms] [33m[rows:2][35m INSERT INTO `system_instances` (`node_name`,`info`,`started_at`,`last_seen_at`,`created_at`,`updated_at`) VALUES (?,?,?,?,?,?) ON DUPLICATE KEY UPDATE `info`=VALUES(`info`),`started_at`=VALUES(`started_at`),`last_seen_at`=VALUES(`last_seen_at`),`updated_at`=VALUES(`updated_at`)[0m

2026/10/02 15:42:20 [32mgithub.com/QuantumNous/new-api/zsy/runninghub/queue.go:203 [33mSLOW SQL >= 200ms
[0m[31;1m[438.358ms] [33m[rows:0][35m SELECT * FROM `rh_queued_tasks` WHERE created_at < ? ORDER BY created_at asc LIMIT 50[0m

2026/10/02 15:42:32 [32mgithub.com/QuantumNous/new-api/model/system_task.go:216 [33mSLOW SQL >= 200ms
[0m[31;1m[298.005ms] [33m[rows:1][35m SELECT * FROM `system_tasks` WHERE id IN (SELECT MAX(id) FROM `system_tasks` WHERE type IN (?) GROUP BY `type`)[0m

2026/10/02 15:42:32 [32mgithub.com/QuantumNous/new-api/model/system_instance.go:69 [33mSLOW SQL >= 200ms
[0m[31;1m[365.254ms] [33m[rows:2][35m INSERT INTO `system_instances` (`node_name`,`info`,`started_at`,`last_seen_at`,`created_at`,`updated_at`) VALUES (?,?,?,?,?,?) ON DUPLICATE KEY UPDATE `info`=VALUES(`info`),`started_at`=VALUES(`started_at`),`last_seen_at`=VALUES(`last_seen_at`),`updated_at`=VALUES(`updated_at`)[0m
[SYS] 2026/10/02 - 15:42:40 | syncing options from database 

2026/10/02 15:42:40 [32mgithub.com/QuantumNous/new-api/model/option.go:26 [33mSLOW SQL >= 200ms
[0m[31;1m[229.179ms] [33m[rows:37][35m SELECT * FROM `options`[0m

2026/10/02 15:43:02 [32mgithub.com/QuantumNous/new-api/model/system_instance.go:69 [33mSLOW SQL >= 200ms
[0m[31;1m[329.915ms] [33m[rows:2][35m INSERT INTO `system_instances` (`node_name`,`info`,`started_at`,`last_seen_at`,`created_at`,`updated_at`) VALUES (?,?,?,?,?,?) ON DUPLICATE KEY UPDATE `info`=VALUES(`info`),`started_at`=VALUES(`started_at`),`last_seen_at`=VALUES(`last_seen_at`),`updated_at`=VALUES(`updated_at`)[0m

2026/10/02 15:43:05 [32mgithub.com/QuantumNous/new-api/zsy/runninghub/queue.go:203 [33mSLOW SQL >= 200ms
[0m[31;1m[631.389ms] [33m[rows:0][35m SELECT * FROM `rh_queued_tasks` WHERE created_at < ? ORDER BY created_at asc LIMIT 50[0m

2026/10/02 15:43:05 [32mgithub.com/QuantumNous/new-api/zsy/runninghub/queue.go:116 [33mSLOW SQL >= 200ms
[0m[31;1m[428.958ms] [33m[rows:0][35m SELECT * FROM `rh_queued_tasks` ORDER BY created_at asc, id asc LIMIT 20[0m

2026/10/02 15:43:17 [32mgithub.com/QuantumNous/new-api/zsy/runninghub/queue.go:203 [33mSLOW SQL >= 200ms
[0m[31;1m[502.289ms] [33m[rows:0][35m SELECT * FROM `rh_queued_tasks` WHERE created_at < ? ORDER BY created_at asc LIMIT 50[0m

2026/10/02 15:43:22 [32mgithub.com/QuantumNous/new-api/zsy/runninghub/queue.go:203 [33mSLOW SQL >= 200ms
[0m[31;1m[205.005ms] [33m[rows:0][35m SELECT * FROM `rh_queued_tasks` WHERE created_at < ? ORDER BY created_at asc LIMIT 50[0m

2026/10/02 15:43:32 [32mgithub.com/QuantumNous/new-api/model/system_instance.go:69 [33mSLOW SQL >= 200ms
[0m[31;1m[306.348ms] [33m[rows:2][35m INSERT INTO `system_instances` (`node_name`,`info`,`started_at`,`last_seen_at`,`created_at`,`updated_at`) VALUES (?,?,?,?,?,?) ON DUPLICATE KEY UPDATE `info`=VALUES(`info`),`started_at`=VALUES(`started_at`),`last_seen_at`=VALUES(`last_seen_at`),`updated_at`=VALUES(`updated_at`)[0m
[SYS] 2026/10/02 - 15:43:40 | syncing options from database 

2026/10/02 15:43:40 [32mgithub.com/QuantumNous/new-api/model/option.go:26 [33mSLOW SQL >= 200ms
[0m[31;1m[219.240ms] [33m[rows:37][35m SELECT * FROM `options`[0m

2026/10/02 15:44:02 [32mgithub.com/QuantumNous/new-api/zsy/runninghub/queue.go:203 [33mSLOW SQL >= 200ms
[0m[31;1m[645.659ms] [33m[rows:0][35m SELECT * FROM `rh_queued_tasks` WHERE created_at < ? ORDER BY created_at asc LIMIT 50[0m

2026/10/02 15:44:02 [32mgithub.com/QuantumNous/new-api/model/subscription.go:1437 [33mSLOW SQL >= 200ms
[0m[31;1m[236.012ms] [33m[rows:0][35m SELECT * FROM `user_subscriptions` WHERE next_reset_time > 0 AND next_reset_time <= ? AND status = ? ORDER BY next_reset_time asc LIMIT 300[0m

2026/10/02 15:44:02 [32mgithub.com/QuantumNous/new-api/model/system_instance.go:69 [33mSLOW SQL >= 200ms
[0m[31;1m[384.189ms] [33m[rows:2][35m INSERT INTO `system_instances` (`node_name`,`info`,`started_at`,`last_seen_at`,`created_at`,`updated_at`) VALUES (?,?,?,?,?,?) ON DUPLICATE KEY UPDATE `info`=VALUES(`info`),`started_at`=VALUES(`started_at`),`last_seen_at`=VALUES(`last_seen_at`),`updated_at`=VALUES(`updated_at`)[0m

2026/10/02 15:44:08 [32mgithub.com/QuantumNous/new-api/zsy/runninghub/queue.go:203 [33mSLOW SQL >= 200ms
[0m[31;1m[348.526ms] [33m[rows:0][35m SELECT * FROM `rh_queued_tasks` WHERE created_at < ? ORDER BY created_at asc LIMIT 50[0m

2026/10/02 15:44:08 [32mgithub.com/QuantumNous/new-api/zsy/runninghub/queue.go:116 [33mSLOW SQL >= 200ms
[0m[31;1m[251.398ms] [33m[rows:0][35m SELECT * FROM `rh_queued_tasks` ORDER BY created_at asc, id asc LIMIT 20[0m

2026/10/02 15:44:14 [32mgithub.com/QuantumNous/new-api/zsy/runninghub/queue.go:116 [33mSLOW SQL >= 200ms
[0m[31;1m[383.295ms] [33m[rows:0][35m SELECT * FROM `rh_queued_tasks` ORDER BY created_at asc, id asc LIMIT 20[0m

2026/10/02 15:44:32 [32mgithub.com/QuantumNous/new-api/model/system_task.go:362 [33mSLOW SQL >= 200ms
[0m[31;1m[504.685ms] [33m[rows:0][35m SELECT * FROM `system_task_locks` WHERE locked_until < ?[0m

2026/10/02 15:44:32 [32mgithub.com/QuantumNous/new-api/model/system_instance.go:69 [33mSLOW SQL >= 200ms
[0m[31;1m[321.004ms] [33m[rows:2][35m INSERT INTO `system_instances` (`node_name`,`info`,`started_at`,`last_seen_at`,`created_at`,`updated_at`) VALUES (?,?,?,?,?,?) ON DUPLICATE KEY UPDATE `info`=VALUES(`info`),`started_at`=VALUES(`started_at`),`last_seen_at`=VALUES(`last_seen_at`),`updated_at`=VALUES(`updated_at`)[0m

2026/10/02 15:44:32 [32mgithub.com/QuantumNous/new-api/model/task.go:355 [33mSLOW SQL >= 200ms
[0m[31;1m[218.358ms] [33m[rows:0][35m SELECT `id` FROM `tasks` WHERE progress != ? AND status != ? AND status != ? LIMIT 1[0m

2026/10/02 15:44:32 [32mgithub.com/QuantumNous/new-api/model/system_task.go:216 [33mSLOW SQL >= 200ms
[0m[31;1m[233.117ms] [33m[rows:1][35m SELECT * FROM `system_tasks` WHERE id IN (SELECT MAX(id) FROM `system_tasks` WHERE type IN (?) GROUP BY `type`)[0m

2026/10/02 15:44:37 [32mgithub.com/QuantumNous/new-api/service/authz/adapter.go:23 [33mSLOW SQL >= 200ms
[0m[31;1m[271.386ms] [33m[rows:3][35m SELECT * FROM `casbin_rule` ORDER BY id asc[0m
[SYS] 2026/10/02 - 15:44:40 | syncing options from database 

2026/10/02 15:44:41 [32mgithub.com/QuantumNous/new-api/model/option.go:26 [33mSLOW SQL >= 200ms
[0m[31;1m[238.738ms] [33m[rows:37][35m SELECT * FROM `options`[0m

2026/10/02 15:44:44 [32mgithub.com/QuantumNous/new-api/zsy/runninghub/queue.go:203 [33mSLOW SQL >= 200ms
[0m[31;1m[369.736ms] [33m[rows:0][35m SELECT * FROM `rh_queued_tasks` WHERE created_at < ? ORDER BY created_at asc LIMIT 50[0m

2026/10/02 15:45:02 [32mgithub.com/QuantumNous/new-api/model/db_time.go:16 [33mSLOW SQL >= 200ms
[0m[31;1m[529.245ms] [33m[rows:1][35m SELECT UNIX_TIMESTAMP()[0m

2026/10/02 15:45:02 [32mgithub.com/QuantumNous/new-api/model/system_instance.go:69 [33mSLOW SQL >= 200ms
[0m[31;1m[331.394ms] [33m[rows:2][35m INSERT INTO `system_instances` (`node_name`,`info`,`started_at`,`last_seen_at`,`created_at`,`updated_at`) VALUES (?,?,?,?,?,?) ON DUPLICATE KEY UPDATE `info`=VALUES(`info`),`started_at`=VALUES(`started_at`),`last_seen_at`=VALUES(`last_seen_at`),`updated_at`=VALUES(`updated_at`)[0m

2026/10/02 15:45:23 [32mgithub.com/QuantumNous/new-api/zsy/runninghub/queue.go:116 [33mSLOW SQL >= 200ms
[0m[31;1m[406.907ms] [33m[rows:0][35m SELECT * FROM `rh_queued_tasks` ORDER BY created_at asc, id asc LIMIT 20[0m

2026/10/02 15:45:32 [32mgithub.com/QuantumNous/new-api/model/system_instance.go:69 [33mSLOW SQL >= 200ms
[0m[31;1m[676.852ms] [33m[rows:2][35m INSERT INTO `system_instances` (`node_name`,`info`,`started_at`,`last_seen_at`,`created_at`,`updated_at`) VALUES (?,?,?,?,?,?) ON DUPLICATE KEY UPDATE `info`=VALUES(`info`),`started_at`=VALUES(`started_at`),`last_seen_at`=VALUES(`last_seen_at`),`updated_at`=VALUES(`updated_at`)[0m

2026/10/02 15:45:38 [32mgithub.com/QuantumNous/new-api/zsy/runninghub/queue.go:203 [33mSLOW SQL >= 200ms
[0m[31;1m[713.006ms] [33m[rows:0][35m SELECT * FROM `rh_queued_tasks` WHERE created_at < ? ORDER BY created_at asc LIMIT 50[0m
[SYS] 2026/10/02 - 15:45:41 | syncing options from database 

2026/10/02 15:45:41 [32mgithub.com/QuantumNous/new-api/model/option.go:26 [33mSLOW SQL >= 200ms
[0m[31;1m[238.406ms] [33m[rows:37][35m SELECT * FROM `options`[0m

2026/10/02 15:46:00 [32mgithub.com/QuantumNous/new-api/model/user_session.go:847 [33mSLOW SQL >= 200ms
[0m[31;1m[450.237ms] [33m[rows:0][35m SELECT `sid` FROM `user_sessions` WHERE status = ? AND revoked_at > 0 AND revoked_at < ? AND created_at <= ? ORDER BY revoked_at LIMIT 1000[0m

2026/10/02 15:46:00 [32mgithub.com/QuantumNous/new-api/model/auth_flow.go:235 [33mSLOW SQL >= 200ms
[0m[31;1m[318.140ms] [33m[rows:0][35m DELETE FROM `auth_flows` WHERE expires_at < ? OR (consumed_at IS NOT NULL AND consumed_at < ?)[0m
[SYS] 2026/10/02 - 15:46:01 | 正在更新数据看板数据... 
[SYS] 2026/10/02 - 15:46:01 | 保存数据看板数据成功，共保存0条数据 

2026/10/02 15:46:02 [32mgithub.com/QuantumNous/new-api/model/system_task.go:362 [33mSLOW SQL >= 200ms
[0m[31;1m[542.815ms] [33m[rows:0][35m SELECT * FROM `system_task_locks` WHERE locked_until < ?[0m

2026/10/02 15:46:02 [32mgithub.com/QuantumNous/new-api/zsy/runninghub/queue.go:203 [33mSLOW SQL >= 200ms
[0m[31;1m[547.350ms] [33m[rows:0][35m SELECT * FROM `rh_queued_tasks` WHERE created_at < ? ORDER BY created_at asc LIMIT 50[0m

2026/10/02 15:46:02 [32mgithub.com/QuantumNous/new-api/model/system_instance.go:69 [33mSLOW SQL >= 200ms
[0m[31;1m[347.616ms] [33m[rows:2][35m INSERT INTO `system_instances` (`node_name`,`info`,`started_at`,`last_seen_at`,`created_at`,`updated_at`) VALUES (?,?,?,?,?,?) ON DUPLICATE KEY UPDATE `info`=VALUES(`info`),`started_at`=VALUES(`started_at`),`last_seen_at`=VALUES(`last_seen_at`),`updated_at`=VALUES(`updated_at`)[0m

2026/10/02 15:46:17 [32mgithub.com/QuantumNous/new-api/model/midjourney.go:116 [33mSLOW SQL >= 200ms
[0m[31;1m[260.111ms] [33m[rows:0][35m SELECT `id` FROM `midjourneys` WHERE progress != ? LIMIT 1[0m

2026/10/02 15:46:17 [32mgithub.com/QuantumNous/new-api/model/task.go:355 [33mSLOW SQL >= 200ms
[0m[31;1m[384.779ms] [33m[rows:0][35m SELECT `id` FROM `tasks` WHERE progress != ? AND status != ? AND status != ? LIMIT 1[0m

2026/10/02 15:46:20 [32mgithub.com/QuantumNous/new-api/zsy/runninghub/queue.go:203 [33mSLOW SQL >= 200ms
[0m[31;1m[299.670ms] [33m[rows:0][35m SELECT * FROM `rh_queued_tasks` WHERE created_at < ? ORDER BY created_at asc LIMIT 50[0m

2026/10/02 15:46:32 [32mgithub.com/QuantumNous/new-api/model/system_instance.go:69 [33mSLOW SQL >= 200ms
[0m[31;1m[419.448ms] [33m[rows:2][35m INSERT INTO `system_instances` (`node_name`,`info`,`started_at`,`last_seen_at`,`created_at`,`updated_at`) VALUES (?,?,?,?,?,?) ON DUPLICATE KEY UPDATE `info`=VALUES(`info`),`started_at`=VALUES(`started_at`),`last_seen_at`=VALUES(`last_seen_at`),`updated_at`=VALUES(`updated_at`)[0m
[SYS] 2026/10/02 - 15:46:41 | syncing options from database 

2026/10/02 15:46:41 [32mgithub.com/QuantumNous/new-api/model/option.go:26 [33mSLOW SQL >= 200ms
[0m[31;1m[226.415ms] [33m[rows:37][35m SELECT * FROM `options`[0m

2026/10/02 15:46:47 [32mgithub.com/QuantumNous/new-api/model/midjourney.go:116 [33mSLOW SQL >= 200ms
[0m[31;1m[465.110ms] [33m[rows:0][35m SELECT `id` FROM `midjourneys` WHERE progress != ? LIMIT 1[0m

2026/10/02 15:46:53 [32mgithub.com/QuantumNous/new-api/zsy/runninghub/queue.go:203 [33mSLOW SQL >= 200ms
[0m[31;1m[335.863ms] [33m[rows:0][35m SELECT * FROM `rh_queued_tasks` WHERE created_at < ? ORDER BY created_at asc LIMIT 50[0m

2026/10/02 15:46:53 [32mgithub.com/QuantumNous/new-api/zsy/runninghub/queue.go:116 [33mSLOW SQL >= 200ms
[0m[31;1m[370.921ms] [33m[rows:0][35m SELECT * FROM `rh_queued_tasks` ORDER BY created_at asc, id asc LIMIT 20[0m

2026/10/02 15:46:59 [32mgithub.com/QuantumNous/new-api/zsy/runninghub/queue.go:116 [33mSLOW SQL >= 200ms
[0m[31;1m[304.721ms] [33m[rows:0][35m SELECT * FROM `rh_queued_tasks` ORDER BY created_at asc, id asc LIMIT 20[0m

2026/10/02 15:47:02 [32mgithub.com/QuantumNous/new-api/zsy/runninghub/queue.go:203 [33mSLOW SQL >= 200ms
[0m[31;1m[545.655ms] [33m[rows:0][35m SELECT * FROM `rh_queued_tasks` WHERE created_at < ? ORDER BY created_at asc LIMIT 50[0m

2026/10/02 15:47:02 [32mgithub.com/QuantumNous/new-api/model/subscription.go:1437 [33mSLOW SQL >= 200ms
[0m[31;1m[477.497ms] [33m[rows:0][35m SELECT * FROM `user_subscriptions` WHERE next_reset_time > 0 AND next_reset_time <= ? AND status = ? ORDER BY next_reset_time asc LIMIT 300[0m

2026/10/02 15:47:02 [32mgithub.com/QuantumNous/new-api/model/system_instance.go:69 [33mSLOW SQL >= 200ms
[0m[31;1m[724.328ms] [33m[rows:2][35m INSERT INTO `system_instances` (`node_name`,`info`,`started_at`,`last_seen_at`,`created_at`,`updated_at`) VALUES (?,?,?,?,?,?) ON DUPLICATE KEY UPDATE `info`=VALUES(`info`),`started_at`=VALUES(`started_at`),`last_seen_at`=VALUES(`last_seen_at`),`updated_at`=VALUES(`updated_at`)[0m

2026/10/02 15:47:05 [32mgithub.com/QuantumNous/new-api/zsy/runninghub/queue.go:203 [33mSLOW SQL >= 200ms
[0m[31;1m[433.819ms] [33m[rows:0][35m SELECT * FROM `rh_queued_tasks` WHERE created_at < ? ORDER BY created_at asc LIMIT 50[0m

2026/10/02 15:47:17 [32mgithub.com/QuantumNous/new-api/model/midjourney.go:116 [33mSLOW SQL >= 200ms
[0m[31;1m[436.683ms] [33m[rows:0][35m SELECT `id` FROM `midjourneys` WHERE progress != ? LIMIT 1[0m

2026/10/02 15:47:32 [32mgithub.com/QuantumNous/new-api/model/system_instance.go:69 [33mSLOW SQL >= 200ms
[0m[31;1m[609.796ms] [33m[rows:2][35m INSERT INTO `system_instances` (`node_name`,`info`,`started_at`,`last_seen_at`,`created_at`,`updated_at`) VALUES (?,?,?,?,?,?) ON DUPLICATE KEY UPDATE `info`=VALUES(`info`),`started_at`=VALUES(`started_at`),`last_seen_at`=VALUES(`last_seen_at`),`updated_at`=VALUES(`updated_at`)[0m
[SYS] 2026/10/02 - 15:47:41 | syncing options from database 

2026/10/02 15:47:41 [32mgithub.com/QuantumNous/new-api/model/option.go:26 [33mSLOW SQL >= 200ms
[0m[31;1m[447.748ms] [33m[rows:37][35m SELECT * FROM `options`[0m

2026/10/02 15:48:02 [32mgithub.com/QuantumNous/new-api/model/system_instance.go:69 [33mSLOW SQL >= 200ms
[0m[31;1m[335.503ms] [33m[rows:2][35m INSERT INTO `system_instances` (`node_name`,`info`,`started_at`,`last_seen_at`,`created_at`,`updated_at`) VALUES (?,?,?,?,?,?) ON DUPLICATE KEY UPDATE `info`=VALUES(`info`),`started_at`=VALUES(`started_at`),`last_seen_at`=VALUES(`last_seen_at`),`updated_at`=VALUES(`updated_at`)[0m

2026/10/02 15:48:02 [32mgithub.com/QuantumNous/new-api/model/subscription.go:1476 [33mSLOW SQL >= 200ms
[0m[31;1m[441.889ms] [33m[rows:0][35m DELETE FROM `subscription_pre_consume_records` WHERE updated_at < ?[0m

2026/10/02 15:48:06 [32mgithub.com/QuantumNous/new-api/zsy/runninghub/queue.go:203 [33mSLOW SQL >= 200ms
[0m[31;1m[1648.502ms] [33m[rows:0][35m SELECT * FROM `rh_queued_tasks` WHERE created_at < ? ORDER BY created_at asc LIMIT 50[0m

2026/10/02 15:48:17 [32mgithub.com/QuantumNous/new-api/model/midjourney.go:116 [33mSLOW SQL >= 200ms
[0m[31;1m[465.318ms] [33m[rows:0][35m SELECT `id` FROM `midjourneys` WHERE progress != ? LIMIT 1[0m

2026/10/02 15:48:17 [32mgithub.com/QuantumNous/new-api/zsy/runninghub/queue.go:203 [33mSLOW SQL >= 200ms
[0m[31;1m[527.944ms] [33m[rows:0][35m SELECT * FROM `rh_queued_tasks` WHERE created_at < ? ORDER BY created_at asc LIMIT 50[0m

2026/10/02 15:48:17 [32mgithub.com/QuantumNous/new-api/model/task.go:355 [33mSLOW SQL >= 200ms
[0m[31;1m[260.531ms] [33m[rows:0][35m SELECT `id` FROM `tasks` WHERE progress != ? AND status != ? AND status != ? LIMIT 1[0m

2026/10/02 15:48:17 [32mgithub.com/QuantumNous/new-api/zsy/runninghub/queue.go:116 [33mSLOW SQL >= 200ms
[0m[31;1m[278.456ms] [33m[rows:0][35m SELECT * FROM `rh_queued_tasks` ORDER BY created_at asc, id asc LIMIT 20[0m

2026/10/02 15:48:26 [32mgithub.com/QuantumNous/new-api/zsy/runninghub/queue.go:116 [33mSLOW SQL >= 200ms
[0m[31;1m[380.953ms] [33m[rows:0][35m SELECT * FROM `rh_queued_tasks` ORDER BY created_at asc, id asc LIMIT 20[0m

2026/10/02 15:48:32 [32mgithub.com/QuantumNous/new-api/model/system_instance.go:69 [33mSLOW SQL >= 200ms
[0m[31;1m[327.611ms] [33m[rows:2][35m INSERT INTO `system_instances` (`node_name`,`info`,`started_at`,`last_seen_at`,`created_at`,`updated_at`) VALUES (?,?,?,?,?,?) ON DUPLICATE KEY UPDATE `info`=VALUES(`info`),`started_at`=VALUES(`started_at`),`last_seen_at`=VALUES(`last_seen_at`),`updated_at`=VALUES(`updated_at`)[0m

2026/10/02 15:48:41 [32mgithub.com/QuantumNous/new-api/zsy/runninghub/queue.go:203 [33mSLOW SQL >= 200ms
[0m[31;1m[425.207ms] [33m[rows:0][35m SELECT * FROM `rh_queued_tasks` WHERE created_at < ? ORDER BY created_at asc LIMIT 50[0m
[SYS] 2026/10/02 - 15:48:41 | syncing options from database 

2026/10/02 15:48:42 [32mgithub.com/QuantumNous/new-api/model/option.go:26 [33mSLOW SQL >= 200ms
[0m[31;1m[798.494ms] [33m[rows:37][35m SELECT * FROM `options`[0m

2026/10/02 15:48:44 [32mgithub.com/QuantumNous/new-api/zsy/runninghub/queue.go:203 [33mSLOW SQL >= 200ms
[0m[31;1m[255.926ms] [33m[rows:0][35m SELECT * FROM `rh_queued_tasks` WHERE created_at < ? ORDER BY created_at asc LIMIT 50[0m

2026/10/02 15:48:47 [32mgithub.com/QuantumNous/new-api/model/midjourney.go:116 [33mSLOW SQL >= 200ms
[0m[31;1m[303.731ms] [33m[rows:0][35m SELECT `id` FROM `midjourneys` WHERE progress != ? LIMIT 1[0m

2026/10/02 15:48:47 [32mgithub.com/QuantumNous/new-api/zsy/runninghub/queue.go:116 [33mSLOW SQL >= 200ms
[0m[31;1m[405.610ms] [33m[rows:0][35m SELECT * FROM `rh_queued_tasks` ORDER BY created_at asc, id asc LIMIT 20[0m

2026/10/02 15:48:47 [32mgithub.com/QuantumNous/new-api/model/system_task.go:169 [33mSLOW SQL >= 200ms
[0m[31;1m[211.089ms] [33m[rows:0][35m SELECT * FROM `system_tasks` WHERE id IN (SELECT MIN(id) FROM `system_tasks` WHERE type IN (?,?,?,?,?) AND status = ? GROUP BY `type`)[0m

2026/10/02 15:48:56 [32mgithub.com/QuantumNous/new-api/zsy/runninghub/queue.go:116 [33mSLOW SQL >= 200ms
[0m[31;1m[384.808ms] [33m[rows:0][35m SELECT * FROM `rh_queued_tasks` ORDER BY created_at asc, id asc LIMIT 20[0m

2026/10/02 15:49:01 [32mgithub.com/QuantumNous/new-api/model/db_time.go:16 [33mSLOW SQL >= 200ms
[0m[31;1m[246.898ms] [33m[rows:1][35m SELECT UNIX_TIMESTAMP()[0m

2026/10/02 15:49:02 [32mgithub.com/QuantumNous/new-api/model/system_instance.go:69 [33mSLOW SQL >= 200ms
[0m[31;1m[428.680ms] [33m[rows:2][35m INSERT INTO `system_instances` (`node_name`,`info`,`started_at`,`last_seen_at`,`created_at`,`updated_at`) VALUES (?,?,?,?,?,?) ON DUPLICATE KEY UPDATE `info`=VALUES(`info`),`started_at`=VALUES(`started_at`),`last_seen_at`=VALUES(`last_seen_at`),`updated_at`=VALUES(`updated_at`)[0m

2026/10/02 15:49:02 [32mgithub.com/QuantumNous/new-api/model/system_task.go:169 [33mSLOW SQL >= 200ms
[0m[31;1m[913.553ms] [33m[rows:0][35m SELECT * FROM `system_tasks` WHERE id IN (SELECT MIN(id) FROM `system_tasks` WHERE type IN (?,?,?,?,?) AND status = ? GROUP BY `type`)[0m

2026/10/02 15:49:02 [32mgithub.com/QuantumNous/new-api/model/subscription.go:1437 [33mSLOW SQL >= 200ms
[0m[31;1m[596.754ms] [33m[rows:0][35m SELECT * FROM `user_subscriptions` WHERE next_reset_time > 0 AND next_reset_time <= ? AND status = ? ORDER BY next_reset_time asc LIMIT 300[0m

2026/10/02 15:49:20 [32mgithub.com/QuantumNous/new-api/zsy/runninghub/queue.go:203 [33mSLOW SQL >= 200ms
[0m[31;1m[281.389ms] [33m[rows:0][35m SELECT * FROM `rh_queued_tasks` WHERE created_at < ? ORDER BY created_at asc LIMIT 50[0m

2026/10/02 15:49:32 [32mgithub.com/QuantumNous/new-api/zsy/runninghub/queue.go:203 [33mSLOW SQL >= 200ms
[0m[31;1m[750.408ms] [33m[rows:0][35m SELECT * FROM `rh_queued_tasks` WHERE created_at < ? ORDER BY created_at asc LIMIT 50[0m

2026/10/02 15:49:32 [32mgithub.com/QuantumNous/new-api/model/system_instance.go:69 [33mSLOW SQL >= 200ms
[0m[31;1m[369.548ms] [33m[rows:2][35m INSERT INTO `system_instances` (`node_name`,`info`,`started_at`,`last_seen_at`,`created_at`,`updated_at`) VALUES (?,?,?,?,?,?) ON DUPLICATE KEY UPDATE `info`=VALUES(`info`),`started_at`=VALUES(`started_at`),`last_seen_at`=VALUES(`last_seen_at`),`updated_at`=VALUES(`updated_at`)[0m

2026/10/02 15:49:38 [32mgithub.com/QuantumNous/new-api/zsy/runninghub/queue.go:116 [33mSLOW SQL >= 200ms
[0m[31;1m[382.213ms] [33m[rows:0][35m SELECT * FROM `rh_queued_tasks` ORDER BY created_at asc, id asc LIMIT 20[0m
[SYS] 2026/10/02 - 15:49:42 | syncing options from database 

2026/10/02 15:49:43 [32mgithub.com/QuantumNous/new-api/model/option.go:26 [33mSLOW SQL >= 200ms
[0m[31;1m[367.229ms] [33m[rows:37][35m SELECT * FROM `options`[0m

2026/10/02 15:50:02 [32mgithub.com/QuantumNous/new-api/zsy/runninghub/queue.go:203 [33mSLOW SQL >= 200ms
[0m[31;1m[531.962ms] [33m[rows:0][35m SELECT * FROM `rh_queued_tasks` WHERE created_at < ? ORDER BY created_at asc LIMIT 50[0m

2026/10/02 15:50:02 [32mgithub.com/QuantumNous/new-api/model/system_instance.go:69 [33mSLOW SQL >= 200ms
[0m[31;1m[418.095ms] [33m[rows:2][35m INSERT INTO `system_instances` (`node_name`,`info`,`started_at`,`last_seen_at`,`created_at`,`updated_at`) VALUES (?,?,?,?,?,?) ON DUPLICATE KEY UPDATE `info`=VALUES(`info`),`started_at`=VALUES(`started_at`),`last_seen_at`=VALUES(`last_seen_at`),`updated_at`=VALUES(`updated_at`)[0m

2026/10/02 15:50:05 [32mgithub.com/QuantumNous/new-api/zsy/runninghub/queue.go:203 [33mSLOW SQL >= 200ms
[0m[31;1m[366.497ms] [33m[rows:0][35m SELECT * FROM `rh_queued_tasks` WHERE created_at < ? ORDER BY created_at asc LIMIT 50[0m

2026/10/02 15:50:32 [32mgithub.com/QuantumNous/new-api/model/system_instance.go:69 [33mSLOW SQL >= 200ms
[0m[31;1m[608.272ms] [33m[rows:2][35m INSERT INTO `system_instances` (`node_name`,`info`,`started_at`,`last_seen_at`,`created_at`,`updated_at`) VALUES (?,?,?,?,?,?) ON DUPLICATE KEY UPDATE `info`=VALUES(`info`),`started_at`=VALUES(`started_at`),`last_seen_at`=VALUES(`last_seen_at`),`updated_at`=VALUES(`updated_at`)[0m
[SYS] 2026/10/02 - 15:50:43 | syncing options from database 

2026/10/02 15:50:43 [32mgithub.com/QuantumNous/new-api/model/option.go:26 [33mSLOW SQL >= 200ms
[0m[31;1m[237.319ms] [33m[rows:37][35m SELECT * FROM `options`[0m

2026/10/02 15:50:47 [32mgithub.com/QuantumNous/new-api/zsy/runninghub/queue.go:203 [33mSLOW SQL >= 200ms
[0m[31;1m[537.331ms] [33m[rows:0][35m SELECT * FROM `rh_queued_tasks` WHERE created_at < ? ORDER BY created_at asc LIMIT 50[0m
[SYS] 2026/10/02 - 15:51:01 | 正在更新数据看板数据... 
[SYS] 2026/10/02 - 15:51:01 | 保存数据看板数据成功，共保存0条数据 

2026/10/02 15:51:02 [32mgithub.com/QuantumNous/new-api/zsy/runninghub/queue.go:203 [33mSLOW SQL >= 200ms
[0m[31;1m[632.028ms] [33m[rows:0][35m SELECT * FROM `rh_queued_tasks` WHERE created_at < ? ORDER BY created_at asc LIMIT 50[0m

2026/10/02 15:51:03 [32mgithub.com/QuantumNous/new-api/model/system_instance.go:69 [33mSLOW SQL >= 200ms
[0m[31;1m[1022.693ms] [33m[rows:2][35m INSERT INTO `system_instances` (`node_name`,`info`,`started_at`,`last_seen_at`,`created_at`,`updated_at`) VALUES (?,?,?,?,?,?) ON DUPLICATE KEY UPDATE `info`=VALUES(`info`),`started_at`=VALUES(`started_at`),`last_seen_at`=VALUES(`last_seen_at`),`updated_at`=VALUES(`updated_at`)[0m

2026/10/02 15:51:05 [32mgithub.com/QuantumNous/new-api/zsy/runninghub/queue.go:203 [33mSLOW SQL >= 200ms
[0m[31;1m[272.251ms] [33m[rows:0][35m SELECT * FROM `rh_queued_tasks` WHERE created_at < ? ORDER BY created_at asc LIMIT 50[0m

2026/10/02 15:51:20 [32mgithub.com/QuantumNous/new-api/zsy/runninghub/queue.go:203 [33mSLOW SQL >= 200ms
[0m[31;1m[374.692ms] [33m[rows:0][35m SELECT * FROM `rh_queued_tasks` WHERE created_at < ? ORDER BY created_at asc LIMIT 50[0m

2026/10/02 15:51:32 [32mgithub.com/QuantumNous/new-api/model/system_instance.go:69 [33mSLOW SQL >= 200ms
[0m[31;1m[344.986ms] [33m[rows:2][35m INSERT INTO `system_instances` (`node_name`,`info`,`started_at`,`last_seen_at`,`created_at`,`updated_at`) VALUES (?,?,?,?,?,?) ON DUPLICATE KEY UPDATE `info`=VALUES(`info`),`started_at`=VALUES(`started_at`),`last_seen_at`=VALUES(`last_seen_at`),`updated_at`=VALUES(`updated_at`)[0m

2026/10/02 15:51:38 [32mgithub.com/QuantumNous/new-api/zsy/runninghub/queue.go:116 [33mSLOW SQL >= 200ms
[0m[31;1m[366.133ms] [33m[rows:0][35m SELECT * FROM `rh_queued_tasks` ORDER BY created_at asc, id asc LIMIT 20[0m
[SYS] 2026/10/02 - 15:51:43 | syncing options from database 

2026/10/02 15:51:43 [32mgithub.com/QuantumNous/new-api/model/option.go:26 [33mSLOW SQL >= 200ms
[0m[31;1m[227.992ms] [33m[rows:37][35m SELECT * FROM `options`[0m

2026/10/02 15:51:47 [32mgithub.com/QuantumNous/new-api/zsy/runninghub/queue.go:116 [33mSLOW SQL >= 200ms
[0m[31;1m[370.769ms] [33m[rows:0][35m SELECT * FROM `rh_queued_tasks` ORDER BY created_at asc, id asc LIMIT 20[0m

2026/10/02 15:51:56 [32mgithub.com/QuantumNous/new-api/zsy/runninghub/queue.go:203 [33mSLOW SQL >= 200ms
[0m[31;1m[375.581ms] [33m[rows:0][35m SELECT * FROM `rh_queued_tasks` WHERE created_at < ? ORDER BY created_at asc LIMIT 50[0m

2026/10/02 15:52:02 [32mgithub.com/QuantumNous/new-api/model/system_task.go:362 [33mSLOW SQL >= 200ms
[0m[31;1m[601.788ms] [33m[rows:0][35m SELECT * FROM `system_task_locks` WHERE locked_until < ?[0m

2026/10/02 15:52:02 [32mgithub.com/QuantumNous/new-api/model/system_instance.go:69 [33mSLOW SQL >= 200ms
[0m[31;1m[352.771ms] [33m[rows:2][35m INSERT INTO `system_instances` (`node_name`,`info`,`started_at`,`last_seen_at`,`created_at`,`updated_at`) VALUES (?,?,?,?,?,?) ON DUPLICATE KEY UPDATE `info`=VALUES(`info`),`started_at`=VALUES(`started_at`),`last_seen_at`=VALUES(`last_seen_at`),`updated_at`=VALUES(`updated_at`)[0m

2026/10/02 15:52:03 [32mgithub.com/QuantumNous/new-api/model/system_task.go:169 [33mSLOW SQL >= 200ms
[0m[31;1m[472.065ms] [33m[rows:0][35m SELECT * FROM `system_tasks` WHERE id IN (SELECT MIN(id) FROM `system_tasks` WHERE type IN (?,?,?,?,?) AND status = ? GROUP BY `type`)[0m

2026/10/02 15:52:05 [32mgithub.com/QuantumNous/new-api/zsy/runninghub/queue.go:203 [33mSLOW SQL >= 200ms
[0m[31;1m[416.088ms] [33m[rows:0][35m SELECT * FROM `rh_queued_tasks` WHERE created_at < ? ORDER BY created_at asc LIMIT 50[0m

2026/10/02 15:52:05 [32mgithub.com/QuantumNous/new-api/zsy/runninghub/queue.go:116 [33mSLOW SQL >= 200ms
[0m[31;1m[257.007ms] [33m[rows:0][35m SELECT * FROM `rh_queued_tasks` ORDER BY created_at asc, id asc LIMIT 20[0m

2026/10/02 15:52:18 [32mgithub.com/QuantumNous/new-api/zsy/runninghub/queue.go:203 [33mSLOW SQL >= 200ms
[0m[31;1m[1572.553ms] [33m[rows:0][35m SELECT * FROM `rh_queued_tasks` WHERE created_at < ? ORDER BY created_at asc LIMIT 50[0m

2026/10/02 15:52:32 [32mgithub.com/QuantumNous/new-api/zsy/runninghub/queue.go:203 [33mSLOW SQL >= 200ms
[0m[31;1m[426.088ms] [33m[rows:0][35m SELECT * FROM `rh_queued_tasks` WHERE created_at < ? ORDER BY created_at asc LIMIT 50[0m

2026/10/02 15:52:32 [32mgithub.com/QuantumNous/new-api/zsy/runninghub/queue.go:116 [33mSLOW SQL >= 200ms
[0m[31;1m[290.102ms] [33m[rows:0][35m SELECT * FROM `rh_queued_tasks` ORDER BY created_at asc, id asc LIMIT 20[0m

2026/10/02 15:52:32 [32mgithub.com/QuantumNous/new-api/model/midjourney.go:116 [33mSLOW SQL >= 200ms
[0m[31;1m[719.278ms] [33m[rows:0][35m SELECT `id` FROM `midjourneys` WHERE progress != ? LIMIT 1[0m

2026/10/02 15:52:33 [32mgithub.com/QuantumNous/new-api/model/task.go:355 [33mSLOW SQL >= 200ms
[0m[31;1m[782.843ms] [33m[rows:0][35m SELECT `id` FROM `tasks` WHERE progress != ? AND status != ? AND status != ? LIMIT 1[0m

2026/10/02 15:52:33 [32mgithub.com/QuantumNous/new-api/model/system_task.go:216 [33mSLOW SQL >= 200ms
[0m[31;1m[336.902ms] [33m[rows:1][35m SELECT * FROM `system_tasks` WHERE id IN (SELECT MAX(id) FROM `system_tasks` WHERE type IN (?) GROUP BY `type`)[0m

2026/10/02 15:52:33 [32mgithub.com/QuantumNous/new-api/model/system_task.go:169 [33mSLOW SQL >= 200ms
[0m[31;1m[232.173ms] [33m[rows:0][35m SELECT * FROM `system_tasks` WHERE id IN (SELECT MIN(id) FROM `system_tasks` WHERE type IN (?,?,?,?,?) AND status = ? GROUP BY `type`)[0m

2026/10/02 15:52:34 [32mgithub.com/QuantumNous/new-api/model/system_instance.go:69 [33mSLOW SQL >= 200ms
[0m[31;1m[2080.188ms] [33m[rows:2][35m INSERT INTO `system_instances` (`node_name`,`info`,`started_at`,`last_seen_at`,`created_at`,`updated_at`) VALUES (?,?,?,?,?,?) ON DUPLICATE KEY UPDATE `info`=VALUES(`info`),`started_at`=VALUES(`started_at`),`last_seen_at`=VALUES(`last_seen_at`),`updated_at`=VALUES(`updated_at`)[0m

2026/10/02 15:52:35 [32mgithub.com/QuantumNous/new-api/zsy/runninghub/queue.go:203 [33mSLOW SQL >= 200ms
[0m[31;1m[1015.457ms] [33m[rows:0][35m SELECT * FROM `rh_queued_tasks` WHERE created_at < ? ORDER BY created_at asc LIMIT 50[0m

2026/10/02 15:52:36 [32mgithub.com/QuantumNous/new-api/zsy/runninghub/queue.go:116 [33mSLOW SQL >= 200ms
[0m[31;1m[290.589ms] [33m[rows:0][35m SELECT * FROM `rh_queued_tasks` ORDER BY created_at asc, id asc LIMIT 20[0m

2026/10/02 15:52:39 [32mgithub.com/QuantumNous/new-api/service/authz/adapter.go:23 [33mSLOW SQL >= 200ms
[0m[31;1m[781.816ms] [33m[rows:3][35m SELECT * FROM `casbin_rule` ORDER BY id asc[0m
[SYS] 2026/10/02 - 15:52:43 | syncing options from database 

2026/10/02 15:52:43 [32mgithub.com/QuantumNous/new-api/model/option.go:26 [33mSLOW SQL >= 200ms
[0m[31;1m[333.921ms] [33m[rows:37][35m SELECT * FROM `options`[0m

2026/10/02 15:52:46 [32mgithub.com/QuantumNous/new-api/model/system_task.go:362 [33mSLOW SQL >= 200ms
[0m[31;1m[211.860ms] [33m[rows:0][35m SELECT * FROM `system_task_locks` WHERE locked_until < ?[0m

2026/10/02 15:52:47 [32mgithub.com/QuantumNous/new-api/model/midjourney.go:116 [33mSLOW SQL >= 200ms
[0m[31;1m[585.641ms] [33m[rows:0][35m SELECT `id` FROM `midjourneys` WHERE progress != ? LIMIT 1[0m

2026/10/02 15:52:48 [32mgithub.com/QuantumNous/new-api/model/task.go:355 [33mSLOW SQL >= 200ms
[0m[31;1m[1166.078ms] [33m[rows:0][35m SELECT `id` FROM `tasks` WHERE progress != ? AND status != ? AND status != ? LIMIT 1[0m

2026/10/02 15:52:49 [32mgithub.com/QuantumNous/new-api/model/system_task.go:216 [33mSLOW SQL >= 200ms
[0m[31;1m[558.245ms] [33m[rows:1][35m SELECT * FROM `system_tasks` WHERE id IN (SELECT MAX(id) FROM `system_tasks` WHERE type IN (?) GROUP BY `type`)[0m

2026/10/02 15:52:50 [32mgithub.com/QuantumNous/new-api/zsy/runninghub/queue.go:203 [33mSLOW SQL >= 200ms
[0m[31;1m[773.126ms] [33m[rows:0][35m SELECT * FROM `rh_queued_tasks` WHERE created_at < ? ORDER BY created_at asc LIMIT 50[0m

2026/10/02 15:52:50 [32mgithub.com/QuantumNous/new-api/model/system_task.go:169 [33mSLOW SQL >= 200ms
[0m[31;1m[1275.957ms] [33m[rows:0][35m SELECT * FROM `system_tasks` WHERE id IN (SELECT MIN(id) FROM `system_tasks` WHERE type IN (?,?,?,?,?) AND status = ? GROUP BY `type`)[0m

2026/10/02 15:52:50 [32mgithub.com/QuantumNous/new-api/zsy/runninghub/queue.go:116 [33mSLOW SQL >= 200ms
[0m[31;1m[390.723ms] [33m[rows:0][35m SELECT * FROM `rh_queued_tasks` ORDER BY created_at asc, id asc LIMIT 20[0m

2026/10/02 15:52:53 [32mgithub.com/QuantumNous/new-api/zsy/runninghub/queue.go:203 [33mSLOW SQL >= 200ms
[0m[31;1m[432.140ms] [33m[rows:0][35m SELECT * FROM `rh_queued_tasks` WHERE created_at < ? ORDER BY created_at asc LIMIT 50[0m

2026/10/02 15:52:56 [32mgithub.com/QuantumNous/new-api/zsy/runninghub/queue.go:203 [33mSLOW SQL >= 200ms
[0m[31;1m[263.360ms] [33m[rows:0][35m SELECT * FROM `rh_queued_tasks` WHERE created_at < ? ORDER BY created_at asc LIMIT 50[0m

2026/10/02 15:52:56 [32mgithub.com/QuantumNous/new-api/zsy/runninghub/queue.go:116 [33mSLOW SQL >= 200ms
[0m[31;1m[236.124ms] [33m[rows:0][35m SELECT * FROM `rh_queued_tasks` ORDER BY created_at asc, id asc LIMIT 20[0m

2026/10/02 15:52:59 [32mgithub.com/QuantumNous/new-api/zsy/runninghub/queue.go:116 [33mSLOW SQL >= 200ms
[0m[31;1m[368.046ms] [33m[rows:0][35m SELECT * FROM `rh_queued_tasks` ORDER BY created_at asc, id asc LIMIT 20[0m

2026/10/02 15:53:01 [32mgithub.com/QuantumNous/new-api/model/db_time.go:16 [33mSLOW SQL >= 200ms
[0m[31;1m[244.283ms] [33m[rows:1][35m SELECT UNIX_TIMESTAMP()[0m

2026/10/02 15:53:02 [32mgithub.com/QuantumNous/new-api/model/system_instance.go:69 [33mSLOW SQL >= 200ms
[0m[31;1m[356.966ms] [33m[rows:2][35m INSERT INTO `system_instances` (`node_name`,`info`,`started_at`,`last_seen_at`,`created_at`,`updated_at`) VALUES (?,?,?,?,?,?) ON DUPLICATE KEY UPDATE `info`=VALUES(`info`),`started_at`=VALUES(`started_at`),`last_seen_at`=VALUES(`last_seen_at`),`updated_at`=VALUES(`updated_at`)[0m

2026/10/02 15:53:05 [32mgithub.com/QuantumNous/new-api/zsy/runninghub/queue.go:203 [33mSLOW SQL >= 200ms
[0m[31;1m[290.981ms] [33m[rows:0][35m SELECT * FROM `rh_queued_tasks` WHERE created_at < ? ORDER BY created_at asc LIMIT 50[0m

2026/10/02 15:53:05 [32mgithub.com/QuantumNous/new-api/zsy/runninghub/queue.go:116 [33mSLOW SQL >= 200ms
[0m[31;1m[308.814ms] [33m[rows:0][35m SELECT * FROM `rh_queued_tasks` ORDER BY created_at asc, id asc LIMIT 20[0m

2026/10/02 15:53:11 [32mgithub.com/QuantumNous/new-api/zsy/runninghub/queue.go:203 [33mSLOW SQL >= 200ms
[0m[31;1m[348.618ms] [33m[rows:0][35m SELECT * FROM `rh_queued_tasks` WHERE created_at < ? ORDER BY created_at asc LIMIT 50[0m

2026/10/02 15:53:20 [32mgithub.com/QuantumNous/new-api/zsy/runninghub/queue.go:203 [33mSLOW SQL >= 200ms
[0m[31;1m[402.424ms] [33m[rows:0][35m SELECT * FROM `rh_queued_tasks` WHERE created_at < ? ORDER BY created_at asc LIMIT 50[0m

2026/10/02 15:53:32 [32mgithub.com/QuantumNous/new-api/zsy/runninghub/queue.go:203 [33mSLOW SQL >= 200ms
[0m[31;1m[1111.720ms] [33m[rows:0][35m SELECT * FROM `rh_queued_tasks` WHERE created_at < ? ORDER BY created_at asc LIMIT 50[0m

2026/10/02 15:53:32 [32mgithub.com/QuantumNous/new-api/model/system_instance.go:69 [33mSLOW SQL >= 200ms
[0m[31;1m[678.751ms] [33m[rows:2][35m INSERT INTO `system_instances` (`node_name`,`info`,`started_at`,`last_seen_at`,`created_at`,`updated_at`) VALUES (?,?,?,?,?,?) ON DUPLICATE KEY UPDATE `info`=VALUES(`info`),`started_at`=VALUES(`started_at`),`last_seen_at`=VALUES(`last_seen_at`),`updated_at`=VALUES(`updated_at`)[0m
[SYS] 2026/10/02 - 15:53:43 | syncing options from database 

2026/10/02 15:53:44 [32mgithub.com/QuantumNous/new-api/model/option.go:26 [33mSLOW SQL >= 200ms
[0m[31;1m[248.564ms] [33m[rows:37][35m SELECT * FROM `options`[0m

2026/10/02 15:53:47 [32mgithub.com/QuantumNous/new-api/zsy/runninghub/queue.go:203 [33mSLOW SQL >= 200ms
[0m[31;1m[322.311ms] [33m[rows:0][35m SELECT * FROM `rh_queued_tasks` WHERE created_at < ? ORDER BY created_at asc LIMIT 50[0m

2026/10/02 15:53:47 [32mgithub.com/QuantumNous/new-api/model/system_task.go:169 [33mSLOW SQL >= 200ms
[0m[31;1m[323.416ms] [33m[rows:0][35m SELECT * FROM `system_tasks` WHERE id IN (SELECT MIN(id) FROM `system_tasks` WHERE type IN (?,?,?,?,?) AND status = ? GROUP BY `type`)[0m

2026/10/02 15:53:47 [32mgithub.com/QuantumNous/new-api/zsy/runninghub/queue.go:116 [33mSLOW SQL >= 200ms
[0m[31;1m[214.260ms] [33m[rows:0][35m SELECT * FROM `rh_queued_tasks` ORDER BY created_at asc, id asc LIMIT 20[0m

2026/10/02 15:53:53 [32mgithub.com/QuantumNous/new-api/zsy/runninghub/queue.go:203 [33mSLOW SQL >= 200ms
[0m[31;1m[433.356ms] [33m[rows:0][35m SELECT * FROM `rh_queued_tasks` WHERE created_at < ? ORDER BY created_at asc LIMIT 50[0m

2026/10/02 15:53:59 [32mgithub.com/QuantumNous/new-api/zsy/runninghub/queue.go:116 [33mSLOW SQL >= 200ms
[0m[31;1m[226.062ms] [33m[rows:0][35m SELECT * FROM `rh_queued_tasks` ORDER BY created_at asc, id asc LIMIT 20[0m

2026/10/02 15:54:02 [32mgithub.com/QuantumNous/new-api/model/midjourney.go:116 [33mSLOW SQL >= 200ms
[0m[31;1m[275.177ms] [33m[rows:0][35m SELECT `id` FROM `midjourneys` WHERE progress != ? LIMIT 1[0m

2026/10/02 15:54:02 [32mgithub.com/QuantumNous/new-api/model/db_time.go:16 [33mSLOW SQL >= 200ms
[0m[31;1m[280.289ms] [33m[rows:1][35m SELECT UNIX_TIMESTAMP()[0m

2026/10/02 15:54:02 [32mgithub.com/QuantumNous/new-api/model/subscription.go:1149 [33mSLOW SQL >= 200ms
[0m[31;1m[260.140ms] [33m[rows:0][35m SELECT * FROM `user_subscriptions` WHERE status = ? AND end_time > 0 AND end_time <= ? ORDER BY end_time asc, id asc LIMIT 300[0m

2026/10/02 15:54:02 [32mgithub.com/QuantumNous/new-api/model/task.go:355 [33mSLOW SQL >= 200ms
[0m[31;1m[589.393ms] [33m[rows:0][35m SELECT `id` FROM `tasks` WHERE progress != ? AND status != ? AND status != ? LIMIT 1[0m

2026/10/02 15:54:02 [32mgithub.com/QuantumNous/new-api/zsy/runninghub/queue.go:203 [33mSLOW SQL >= 200ms
[0m[31;1m[900.684ms] [33m[rows:0][35m SELECT * FROM `rh_queued_tasks` WHERE created_at < ? ORDER BY created_at asc LIMIT 50[0m

2026/10/02 15:54:02 [32mgithub.com/QuantumNous/new-api/model/subscription.go:1437 [33mSLOW SQL >= 200ms
[0m[31;1m[238.549ms] [33m[rows:0][35m SELECT * FROM `user_subscriptions` WHERE next_reset_time > 0 AND next_reset_time <= ? AND status = ? ORDER BY next_reset_time asc LIMIT 300[0m

2026/10/02 15:54:03 [32mgithub.com/QuantumNous/new-api/model/system_instance.go:69 [33mSLOW SQL >= 200ms
[0m[31;1m[1519.361ms] [33m[rows:2][35m INSERT INTO `system_instances` (`node_name`,`info`,`started_at`,`last_seen_at`,`created_at`,`updated_at`) VALUES (?,?,?,?,?,?) ON DUPLICATE KEY UPDATE `info`=VALUES(`info`),`started_at`=VALUES(`started_at`),`last_seen_at`=VALUES(`last_seen_at`),`updated_at`=VALUES(`updated_at`)[0m

2026/10/02 15:54:04 [32mgithub.com/QuantumNous/new-api/zsy/runninghub/queue.go:203 [33mSLOW SQL >= 200ms
[0m[31;1m[236.814ms] [33m[rows:0][35m SELECT * FROM `rh_queued_tasks` WHERE created_at < ? ORDER BY created_at asc LIMIT 50[0m

2026/10/02 15:54:08 [32mgithub.com/QuantumNous/new-api/zsy/runninghub/queue.go:116 [33mSLOW SQL >= 200ms
[0m[31;1m[250.187ms] [33m[rows:0][35m SELECT * FROM `rh_queued_tasks` ORDER BY created_at asc, id asc LIMIT 20[0m

2026/10/02 15:54:11 [32mgithub.com/QuantumNous/new-api/zsy/runninghub/queue.go:116 [33mSLOW SQL >= 200ms
[0m[31;1m[384.174ms] [33m[rows:0][35m SELECT * FROM `rh_queued_tasks` ORDER BY created_at asc, id asc LIMIT 20[0m

2026/10/02 15:54:14 [32mgithub.com/QuantumNous/new-api/zsy/runninghub/queue.go:203 [33mSLOW SQL >= 200ms
[0m[31;1m[600.930ms] [33m[rows:0][35m SELECT * FROM `rh_queued_tasks` WHERE created_at < ? ORDER BY created_at asc LIMIT 50[0m

2026/10/02 15:54:14 [32mgithub.com/QuantumNous/new-api/zsy/runninghub/queue.go:116 [33mSLOW SQL >= 200ms
[0m[31;1m[299.104ms] [33m[rows:0][35m SELECT * FROM `rh_queued_tasks` ORDER BY created_at asc, id asc LIMIT 20[0m

2026/10/02 15:54:17 [32mgithub.com/QuantumNous/new-api/model/system_task.go:362 [33mSLOW SQL >= 200ms
[0m[31;1m[275.642ms] [33m[rows:0][35m SELECT * FROM `system_task_locks` WHERE locked_until < ?[0m

2026/10/02 15:54:17 [32mgithub.com/QuantumNous/new-api/model/midjourney.go:116 [33mSLOW SQL >= 200ms
[0m[31;1m[211.352ms] [33m[rows:0][35m SELECT `id` FROM `midjourneys` WHERE progress != ? LIMIT 1[0m

2026/10/02 15:54:17 [32mgithub.com/QuantumNous/new-api/model/task.go:355 [33mSLOW SQL >= 200ms
[0m[31;1m[276.695ms] [33m[rows:0][35m SELECT `id` FROM `tasks` WHERE progress != ? AND status != ? AND status != ? LIMIT 1[0m

2026/10/02 15:54:17 [32mgithub.com/QuantumNous/new-api/model/system_task.go:216 [33mSLOW SQL >= 200ms
[0m[31;1m[206.338ms] [33m[rows:1][35m SELECT * FROM `system_tasks` WHERE id IN (SELECT MAX(id) FROM `system_tasks` WHERE type IN (?) GROUP BY `type`)[0m

2026/10/02 15:54:33 [32mgithub.com/QuantumNous/new-api/model/system_instance.go:69 [33mSLOW SQL >= 200ms
[0m[31;1m[785.334ms] [33m[rows:2][35m INSERT INTO `system_instances` (`node_name`,`info`,`started_at`,`last_seen_at`,`created_at`,`updated_at`) VALUES (?,?,?,?,?,?) ON DUPLICATE KEY UPDATE `info`=VALUES(`info`),`started_at`=VALUES(`started_at`),`last_seen_at`=VALUES(`last_seen_at`),`updated_at`=VALUES(`updated_at`)[0m

2026/10/02 15:54:37 [32mgithub.com/QuantumNous/new-api/zsy/runninghub/queue.go:203 [33mSLOW SQL >= 200ms
[0m[31;1m[230.878ms] [33m[rows:0][35m SELECT * FROM `rh_queued_tasks` WHERE created_at < ? ORDER BY created_at asc LIMIT 50[0m
[SYS] 2026/10/02 - 15:54:44 | syncing options from database 

2026/10/02 15:54:44 [32mgithub.com/QuantumNous/new-api/zsy/runninghub/queue.go:203 [33mSLOW SQL >= 200ms
[0m[31;1m[805.546ms] [33m[rows:0][35m SELECT * FROM `rh_queued_tasks` WHERE created_at < ? ORDER BY created_at asc LIMIT 50[0m

2026/10/02 15:54:46 [32mgithub.com/QuantumNous/new-api/model/midjourney.go:116 [33mSLOW SQL >= 200ms
[0m[31;1m[214.635ms] [33m[rows:0][35m SELECT `id` FROM `midjourneys` WHERE progress != ? LIMIT 1[0m

2026/10/02 15:54:47 [32mgithub.com/QuantumNous/new-api/zsy/runninghub/queue.go:203 [33mSLOW SQL >= 200ms
[0m[31;1m[727.006ms] [33m[rows:0][35m SELECT * FROM `rh_queued_tasks` WHERE created_at < ? ORDER BY created_at asc LIMIT 50[0m

2026/10/02 15:54:49 [32mgithub.com/QuantumNous/new-api/model/option.go:26 [33mSLOW SQL >= 200ms
[0m[31;1m[4915.570ms] [33m[rows:37][35m SELECT * FROM `options`[0m

2026/10/02 15:54:55 [32mgithub.com/QuantumNous/new-api/zsy/runninghub/queue.go:203 [33mSLOW SQL >= 200ms
[0m[31;1m[244.325ms] [33m[rows:0][35m SELECT * FROM `rh_queued_tasks` WHERE created_at < ? ORDER BY created_at asc LIMIT 50[0m

2026/10/02 15:55:02 [32mgithub.com/QuantumNous/new-api/model/task.go:355 [33mSLOW SQL >= 200ms
[0m[31;1m[283.888ms] [33m[rows:0][35m SELECT `id` FROM `tasks` WHERE progress != ? AND status != ? AND status != ? LIMIT 1[0m

2026/10/02 15:55:02 [32mgithub.com/QuantumNous/new-api/model/subscription.go:1437 [33mSLOW SQL >= 200ms
[0m[31;1m[273.715ms] [33m[rows:0][35m SELECT * FROM `user_subscriptions` WHERE next_reset_time > 0 AND next_reset_time <= ? AND status = ? ORDER BY next_reset_time asc LIMIT 300[0m

2026/10/02 15:55:02 [32mgithub.com/QuantumNous/new-api/model/system_task.go:216 [33mSLOW SQL >= 200ms
[0m[31;1m[235.154ms] [33m[rows:1][35m SELECT * FROM `system_tasks` WHERE id IN (SELECT MAX(id) FROM `system_tasks` WHERE type IN (?) GROUP BY `type`)[0m

2026/10/02 15:55:03 [32mgithub.com/QuantumNous/new-api/model/system_instance.go:69 [33mSLOW SQL >= 200ms
[0m[31;1m[884.944ms] [33m[rows:2][35m INSERT INTO `system_instances` (`node_name`,`info`,`started_at`,`last_seen_at`,`created_at`,`updated_at`) VALUES (?,?,?,?,?,?) ON DUPLICATE KEY UPDATE `info`=VALUES(`info`),`started_at`=VALUES(`started_at`),`last_seen_at`=VALUES(`last_seen_at`),`updated_at`=VALUES(`updated_at`)[0m

2026/10/02 15:55:17 [32mgithub.com/QuantumNous/new-api/model/system_task.go:169 [33mSLOW SQL >= 200ms
[0m[31;1m[255.419ms] [33m[rows:0][35m SELECT * FROM `system_tasks` WHERE id IN (SELECT MIN(id) FROM `system_tasks` WHERE type IN (?,?,?,?,?) AND status = ? GROUP BY `type`)[0m

2026/10/02 15:55:17 [32mgithub.com/QuantumNous/new-api/zsy/runninghub/queue.go:203 [33mSLOW SQL >= 200ms
[0m[31;1m[724.837ms] [33m[rows:0][35m SELECT * FROM `rh_queued_tasks` WHERE created_at < ? ORDER BY created_at asc LIMIT 50[0m

2026/10/02 15:55:32 [32mgithub.com/QuantumNous/new-api/model/system_instance.go:69 [33mSLOW SQL >= 200ms
[0m[31;1m[347.024ms] [33m[rows:2][35m INSERT INTO `system_instances` (`node_name`,`info`,`started_at`,`last_seen_at`,`created_at`,`updated_at`) VALUES (?,?,?,?,?,?) ON DUPLICATE KEY UPDATE `info`=VALUES(`info`),`started_at`=VALUES(`started_at`),`last_seen_at`=VALUES(`last_seen_at`),`updated_at`=VALUES(`updated_at`)[0m

2026/10/02 15:55:32 [32mgithub.com/QuantumNous/new-api/model/system_task.go:216 [33mSLOW SQL >= 200ms
[0m[31;1m[484.607ms] [33m[rows:1][35m SELECT * FROM `system_tasks` WHERE id IN (SELECT MAX(id) FROM `system_tasks` WHERE type IN (?) GROUP BY `type`)[0m

2026/10/02 15:55:40 [32mgithub.com/QuantumNous/new-api/service/authz/adapter.go:23 [33mSLOW SQL >= 200ms
[0m[31;1m[201.926ms] [33m[rows:3][35m SELECT * FROM `casbin_rule` ORDER BY id asc[0m

2026/10/02 15:55:40 [32mgithub.com/QuantumNous/new-api/zsy/runninghub/queue.go:203 [33mSLOW SQL >= 200ms
[0m[31;1m[212.077ms] [33m[rows:0][35m SELECT * FROM `rh_queued_tasks` WHERE created_at < ? ORDER BY created_at asc LIMIT 50[0m

2026/10/02 15:55:46 [32mgithub.com/QuantumNous/new-api/zsy/runninghub/queue.go:203 [33mSLOW SQL >= 200ms
[0m[31;1m[229.360ms] [33m[rows:0][35m SELECT * FROM `rh_queued_tasks` WHERE created_at < ? ORDER BY created_at asc LIMIT 50[0m

2026/10/02 15:55:46 [32mgithub.com/QuantumNous/new-api/model/system_task.go:169 [33mSLOW SQL >= 200ms
[0m[31;1m[231.178ms] [33m[rows:0][35m SELECT * FROM `system_tasks` WHERE id IN (SELECT MIN(id) FROM `system_tasks` WHERE type IN (?,?,?,?,?) AND status = ? GROUP BY `type`)[0m
[SYS] 2026/10/02 - 15:55:49 | syncing options from database 

2026/10/02 15:55:49 [32mgithub.com/QuantumNous/new-api/model/option.go:26 [33mSLOW SQL >= 200ms
[0m[31;1m[380.630ms] [33m[rows:37][35m SELECT * FROM `options`[0m
[SYS] 2026/10/02 - 15:56:01 | 正在更新数据看板数据... 
[SYS] 2026/10/02 - 15:56:01 | 保存数据看板数据成功，共保存0条数据 

2026/10/02 15:56:02 [32mgithub.com/QuantumNous/new-api/model/db_time.go:16 [33mSLOW SQL >= 200ms
[0m[31;1m[986.217ms] [33m[rows:1][35m SELECT UNIX_TIMESTAMP()[0m

2026/10/02 15:56:02 [32mgithub.com/QuantumNous/new-api/model/midjourney.go:116 [33mSLOW SQL >= 200ms
[0m[31;1m[1103.706ms] [33m[rows:0][35m SELECT `id` FROM `midjourneys` WHERE progress != ? LIMIT 1[0m

2026/10/02 15:56:03 [32mgithub.com/QuantumNous/new-api/model/subscription.go:1149 [33mSLOW SQL >= 200ms
[0m[31;1m[265.251ms] [33m[rows:0][35m SELECT * FROM `user_subscriptions` WHERE status = ? AND end_time > 0 AND end_time <= ? ORDER BY end_time asc, id asc LIMIT 300[0m

2026/10/02 15:56:03 [32mgithub.com/QuantumNous/new-api/model/system_instance.go:69 [33mSLOW SQL >= 200ms
[0m[31;1m[788.765ms] [33m[rows:2][35m INSERT INTO `system_instances` (`node_name`,`info`,`started_at`,`last_seen_at`,`created_at`,`updated_at`) VALUES (?,?,?,?,?,?) ON DUPLICATE KEY UPDATE `info`=VALUES(`info`),`started_at`=VALUES(`started_at`),`last_seen_at`=VALUES(`last_seen_at`),`updated_at`=VALUES(`updated_at`)[0m

2026/10/02 15:56:03 [32mgithub.com/QuantumNous/new-api/model/task.go:355 [33mSLOW SQL >= 200ms
[0m[31;1m[234.608ms] [33m[rows:0][35m SELECT `id` FROM `tasks` WHERE progress != ? AND status != ? AND status != ? LIMIT 1[0m

2026/10/02 15:56:03 [32mgithub.com/QuantumNous/new-api/service/codex_credential_refresh_task.go:80 [33mSLOW SQL >= 200ms
[0m[31;1m[1404.605ms] [33m[rows:0][35m SELECT `id`,`name`,`key`,`status`,`channel_info` FROM `channels` WHERE type = ? AND (status = ? OR status = ?) ORDER BY id asc LIMIT 200[0m

2026/10/02 15:56:03 [32mgithub.com/QuantumNous/new-api/model/subscription.go:1437 [33mSLOW SQL >= 200ms
[0m[31;1m[312.181ms] [33m[rows:0][35m SELECT * FROM `user_subscriptions` WHERE next_reset_time > 0 AND next_reset_time <= ? AND status = ? ORDER BY next_reset_time asc LIMIT 300[0m

2026/10/02 15:56:03 [32mgithub.com/QuantumNous/new-api/model/system_task.go:216 [33mSLOW SQL >= 200ms
[0m[31;1m[532.528ms] [33m[rows:1][35m SELECT * FROM `system_tasks` WHERE id IN (SELECT MAX(id) FROM `system_tasks` WHERE type IN (?) GROUP BY `type`)[0m

2026/10/02 15:56:05 [32mgithub.com/QuantumNous/new-api/zsy/runninghub/queue.go:116 [33mSLOW SQL >= 200ms
[0m[31;1m[218.308ms] [33m[rows:0][35m SELECT * FROM `rh_queued_tasks` ORDER BY created_at asc, id asc LIMIT 20[0m

2026/10/02 15:56:17 [32mgithub.com/QuantumNous/new-api/zsy/runninghub/queue.go:203 [33mSLOW SQL >= 200ms
[0m[31;1m[254.164ms] [33m[rows:0][35m SELECT * FROM `rh_queued_tasks` WHERE created_at < ? ORDER BY created_at asc LIMIT 50[0m

2026/10/02 15:56:17 [32mgithub.com/QuantumNous/new-api/model/system_task.go:362 [33mSLOW SQL >= 200ms
[0m[31;1m[258.953ms] [33m[rows:0][35m SELECT * FROM `system_task_locks` WHERE locked_until < ?[0m

2026/10/02 15:56:17 [32mgithub.com/QuantumNous/new-api/model/task.go:355 [33mSLOW SQL >= 200ms
[0m[31;1m[259.261ms] [33m[rows:0][35m SELECT `id` FROM `tasks` WHERE progress != ? AND status != ? AND status != ? LIMIT 1[0m

2026/10/02 15:56:17 [32mgithub.com/QuantumNous/new-api/zsy/runninghub/queue.go:116 [33mSLOW SQL >= 200ms
[0m[31;1m[381.226ms] [33m[rows:0][35m SELECT * FROM `rh_queued_tasks` ORDER BY created_at asc, id asc LIMIT 20[0m

2026/10/02 15:56:17 [32mgithub.com/QuantumNous/new-api/model/system_task.go:169 [33mSLOW SQL >= 200ms
[0m[31;1m[304.966ms] [33m[rows:0][35m SELECT * FROM `system_tasks` WHERE id IN (SELECT MIN(id) FROM `system_tasks` WHERE type IN (?,?,?,?,?) AND status = ? GROUP BY `type`)[0m

2026/10/02 15:56:20 [32mgithub.com/QuantumNous/new-api/zsy/runninghub/queue.go:203 [33mSLOW SQL >= 200ms
[0m[31;1m[319.551ms] [33m[rows:0][35m SELECT * FROM `rh_queued_tasks` WHERE created_at < ? ORDER BY created_at asc LIMIT 50[0m

2026/10/02 15:56:20 [32mgithub.com/QuantumNous/new-api/zsy/runninghub/queue.go:116 [33mSLOW SQL >= 200ms
[0m[31;1m[309.145ms] [33m[rows:0][35m SELECT * FROM `rh_queued_tasks` ORDER BY created_at asc, id asc LIMIT 20[0m

2026/10/02 15:56:26 [32mgithub.com/QuantumNous/new-api/zsy/runninghub/queue.go:203 [33mSLOW SQL >= 200ms
[0m[31;1m[344.700ms] [33m[rows:0][35m SELECT * FROM `rh_queued_tasks` WHERE created_at < ? ORDER BY created_at asc LIMIT 50[0m

2026/10/02 15:56:32 [32mgithub.com/QuantumNous/new-api/model/system_instance.go:69 [33mSLOW SQL >= 200ms
[0m[31;1m[488.685ms] [33m[rows:2][35m INSERT INTO `system_instances` (`node_name`,`info`,`started_at`,`last_seen_at`,`created_at`,`updated_at`) VALUES (?,?,?,?,?,?) ON DUPLICATE KEY UPDATE `info`=VALUES(`info`),`started_at`=VALUES(`started_at`),`last_seen_at`=VALUES(`last_seen_at`),`updated_at`=VALUES(`updated_at`)[0m

2026/10/02 15:56:40 [32mgithub.com/QuantumNous/new-api/service/authz/adapter.go:23 [33mSLOW SQL >= 200ms
[0m[31;1m[404.226ms] [33m[rows:3][35m SELECT * FROM `casbin_rule` ORDER BY id asc[0m

2026/10/02 15:56:41 [32mgithub.com/QuantumNous/new-api/zsy/runninghub/queue.go:203 [33mSLOW SQL >= 200ms
[0m[31;1m[257.297ms] [33m[rows:0][35m SELECT * FROM `rh_queued_tasks` WHERE created_at < ? ORDER BY created_at asc LIMIT 50[0m

2026/10/02 15:56:44 [32mgithub.com/QuantumNous/new-api/zsy/runninghub/queue.go:116 [33mSLOW SQL >= 200ms
[0m[31;1m[214.204ms] [33m[rows:0][35m SELECT * FROM `rh_queued_tasks` ORDER BY created_at asc, id asc LIMIT 20[0m

2026/10/02 15:56:47 [32mgithub.com/QuantumNous/new-api/zsy/runninghub/queue.go:203 [33mSLOW SQL >= 200ms
[0m[31;1m[446.024ms] [33m[rows:0][35m SELECT * FROM `rh_queued_tasks` WHERE created_at < ? ORDER BY created_at asc LIMIT 50[0m

2026/10/02 15:56:47 [32mgithub.com/QuantumNous/new-api/model/midjourney.go:116 [33mSLOW SQL >= 200ms
[0m[31;1m[446.530ms] [33m[rows:0][35m SELECT `id` FROM `midjourneys` WHERE progress != ? LIMIT 1[0m

2026/10/02 15:56:47 [32mgithub.com/QuantumNous/new-api/zsy/runninghub/queue.go:116 [33mSLOW SQL >= 200ms
[0m[31;1m[214.662ms] [33m[rows:0][35m SELECT * FROM `rh_queued_tasks` ORDER BY created_at asc, id asc LIMIT 20[0m

2026/10/02 15:56:47 [32mgithub.com/QuantumNous/new-api/model/task.go:355 [33mSLOW SQL >= 200ms
[0m[31;1m[214.623ms] [33m[rows:0][35m SELECT `id` FROM `tasks` WHERE progress != ? AND status != ? AND status != ? LIMIT 1[0m

2026/10/02 15:56:47 [32mgithub.com/QuantumNous/new-api/model/system_task.go:216 [33mSLOW SQL >= 200ms
[0m[31;1m[324.580ms] [33m[rows:1][35m SELECT * FROM `system_tasks` WHERE id IN (SELECT MAX(id) FROM `system_tasks` WHERE type IN (?) GROUP BY `type`)[0m
[SYS] 2026/10/02 - 15:56:49 | syncing options from database 

2026/10/02 15:56:49 [32mgithub.com/QuantumNous/new-api/zsy/runninghub/queue.go:203 [33mSLOW SQL >= 200ms
[0m[31;1m[206.064ms] [33m[rows:0][35m SELECT * FROM `rh_queued_tasks` WHERE created_at < ? ORDER BY created_at asc LIMIT 50[0m

2026/10/02 15:56:50 [32mgithub.com/QuantumNous/new-api/model/option.go:26 [33mSLOW SQL >= 200ms
[0m[31;1m[1166.009ms] [33m[rows:37][35m SELECT * FROM `options`[0m

2026/10/02 15:56:56 [32mgithub.com/QuantumNous/new-api/zsy/runninghub/queue.go:203 [33mSLOW SQL >= 200ms
[0m[31;1m[283.828ms] [33m[rows:0][35m SELECT * FROM `rh_queued_tasks` WHERE created_at < ? ORDER BY created_at asc LIMIT 50[0m

2026/10/02 15:56:56 [32mgithub.com/QuantumNous/new-api/zsy/runninghub/queue.go:116 [33mSLOW SQL >= 200ms
[0m[31;1m[230.762ms] [33m[rows:0][35m SELECT * FROM `rh_queued_tasks` ORDER BY created_at asc, id asc LIMIT 20[0m

2026/10/02 15:56:59 [32mgithub.com/QuantumNous/new-api/zsy/runninghub/queue.go:203 [33mSLOW SQL >= 200ms
[0m[31;1m[435.515ms] [33m[rows:0][35m SELECT * FROM `rh_queued_tasks` WHERE created_at < ? ORDER BY created_at asc LIMIT 50[0m

2026/10/02 15:57:00 [32mgithub.com/QuantumNous/new-api/zsy/runninghub/queue.go:116 [33mSLOW SQL >= 200ms
[0m[31;1m[1251.554ms] [33m[rows:0][35m SELECT * FROM `rh_queued_tasks` ORDER BY created_at asc, id asc LIMIT 20[0m

2026/10/02 15:57:01 [32mgithub.com/QuantumNous/new-api/model/db_time.go:16 [33mSLOW SQL >= 200ms
[0m[31;1m[221.722ms] [33m[rows:1][35m SELECT UNIX_TIMESTAMP()[0m

2026/10/02 15:57:01 [32mgithub.com/QuantumNous/new-api/model/system_task.go:362 [33mSLOW SQL >= 200ms
[0m[31;1m[222.329ms] [33m[rows:0][35m SELECT * FROM `system_task_locks` WHERE locked_until < ?[0m

2026/10/02 15:57:02 [32mgithub.com/QuantumNous/new-api/zsy/runninghub/queue.go:203 [33mSLOW SQL >= 200ms
[0m[31;1m[578.322ms] [33m[rows:0][35m SELECT * FROM `rh_queued_tasks` WHERE created_at < ? ORDER BY created_at asc LIMIT 50[0m

2026/10/02 15:57:02 [32mgithub.com/QuantumNous/new-api/zsy/runninghub/queue.go:116 [33mSLOW SQL >= 200ms
[0m[31;1m[341.385ms] [33m[rows:0][35m SELECT * FROM `rh_queued_tasks` ORDER BY created_at asc, id asc LIMIT 20[0m

2026/10/02 15:57:02 [32mgithub.com/QuantumNous/new-api/model/system_instance.go:69 [33mSLOW SQL >= 200ms
[0m[31;1m[464.005ms] [33m[rows:2][35m INSERT INTO `system_instances` (`node_name`,`info`,`started_at`,`last_seen_at`,`created_at`,`updated_at`) VALUES (?,?,?,?,?,?) ON DUPLICATE KEY UPDATE `info`=VALUES(`info`),`started_at`=VALUES(`started_at`),`last_seen_at`=VALUES(`last_seen_at`),`updated_at`=VALUES(`updated_at`)[0m

2026/10/02 15:57:03 [32mgithub.com/QuantumNous/new-api/model/subscription.go:1437 [33mSLOW SQL >= 200ms
[0m[31;1m[1069.594ms] [33m[rows:0][35m SELECT * FROM `user_subscriptions` WHERE next_reset_time > 0 AND next_reset_time <= ? AND status = ? ORDER BY next_reset_time asc LIMIT 300[0m

2026/10/02 15:57:05 [32mgithub.com/QuantumNous/new-api/zsy/runninghub/queue.go:203 [33mSLOW SQL >= 200ms
[0m[31;1m[918.071ms] [33m[rows:0][35m SELECT * FROM `rh_queued_tasks` WHERE created_at < ? ORDER BY created_at asc LIMIT 50[0m

2026/10/02 15:57:05 [32mgithub.com/QuantumNous/new-api/zsy/runninghub/queue.go:116 [33mSLOW SQL >= 200ms
[0m[31;1m[290.476ms] [33m[rows:0][35m SELECT * FROM `rh_queued_tasks` ORDER BY created_at asc, id asc LIMIT 20[0m

2026/10/02 15:57:08 [32mgithub.com/QuantumNous/new-api/zsy/runninghub/queue.go:116 [33mSLOW SQL >= 200ms
[0m[31;1m[239.643ms] [33m[rows:0][35m SELECT * FROM `rh_queued_tasks` ORDER BY created_at asc, id asc LIMIT 20[0m

2026/10/02 15:57:11 [32mgithub.com/QuantumNous/new-api/zsy/runninghub/queue.go:116 [33mSLOW SQL >= 200ms
[0m[31;1m[344.854ms] [33m[rows:0][35m SELECT * FROM `rh_queued_tasks` ORDER BY created_at asc, id asc LIMIT 20[0m

2026/10/02 15:57:17 [32mgithub.com/QuantumNous/new-api/zsy/runninghub/queue.go:203 [33mSLOW SQL >= 200ms
[0m[31;1m[647.268ms] [33m[rows:0][35m SELECT * FROM `rh_queued_tasks` WHERE created_at < ? ORDER BY created_at asc LIMIT 50[0m

2026/10/02 15:57:17 [32mgithub.com/QuantumNous/new-api/zsy/runninghub/queue.go:116 [33mSLOW SQL >= 200ms
[0m[31;1m[326.266ms] [33m[rows:0][35m SELECT * FROM `rh_queued_tasks` ORDER BY created_at asc, id asc LIMIT 20[0m

2026/10/02 15:57:20 [32mgithub.com/QuantumNous/new-api/zsy/runninghub/queue.go:203 [33mSLOW SQL >= 200ms
[0m[31;1m[256.541ms] [33m[rows:0][35m SELECT * FROM `rh_queued_tasks` WHERE created_at < ? ORDER BY created_at asc LIMIT 50[0m

2026/10/02 15:57:20 [32mgithub.com/QuantumNous/new-api/zsy/runninghub/queue.go:116 [33mSLOW SQL >= 200ms
[0m[31;1m[206.462ms] [33m[rows:0][35m SELECT * FROM `rh_queued_tasks` ORDER BY created_at asc, id asc LIMIT 20[0m

2026/10/02 15:57:22 [32mgithub.com/QuantumNous/new-api/zsy/runninghub/queue.go:203 [33mSLOW SQL >= 200ms
[0m[31;1m[229.291ms] [33m[rows:0][35m SELECT * FROM `rh_queued_tasks` WHERE created_at < ? ORDER BY created_at asc LIMIT 50[0m

2026/10/02 15:57:26 [32mgithub.com/QuantumNous/new-api/zsy/runninghub/queue.go:116 [33mSLOW SQL >= 200ms
[0m[31;1m[240.305ms] [33m[rows:0][35m SELECT * FROM `rh_queued_tasks` ORDER BY created_at asc, id asc LIMIT 20[0m

2026/10/02 15:57:32 [32mgithub.com/QuantumNous/new-api/model/system_task.go:216 [33mSLOW SQL >= 200ms
[0m[31;1m[200.214ms] [33m[rows:1][35m SELECT * FROM `system_tasks` WHERE id IN (SELECT MAX(id) FROM `system_tasks` WHERE type IN (?) GROUP BY `type`)[0m

2026/10/02 15:57:32 [32mgithub.com/QuantumNous/new-api/model/system_instance.go:69 [33mSLOW SQL >= 200ms
[0m[31;1m[360.512ms] [33m[rows:2][35m INSERT INTO `system_instances` (`node_name`,`info`,`started_at`,`last_seen_at`,`created_at`,`updated_at`) VALUES (?,?,?,?,?,?) ON DUPLICATE KEY UPDATE `info`=VALUES(`info`),`started_at`=VALUES(`started_at`),`last_seen_at`=VALUES(`last_seen_at`),`updated_at`=VALUES(`updated_at`)[0m

2026/10/02 15:57:44 [32mgithub.com/QuantumNous/new-api/zsy/runninghub/queue.go:116 [33mSLOW SQL >= 200ms
[0m[31;1m[334.627ms] [33m[rows:0][35m SELECT * FROM `rh_queued_tasks` ORDER BY created_at asc, id asc LIMIT 20[0m

2026/10/02 15:57:47 [32mgithub.com/QuantumNous/new-api/model/system_task.go:169 [33mSLOW SQL >= 200ms
[0m[31;1m[394.123ms] [33m[rows:0][35m SELECT * FROM `system_tasks` WHERE id IN (SELECT MIN(id) FROM `system_tasks` WHERE type IN (?,?,?,?,?) AND status = ? GROUP BY `type`)[0m
[SYS] 2026/10/02 - 15:57:50 | syncing options from database 

2026/10/02 15:57:51 [32mgithub.com/QuantumNous/new-api/model/option.go:26 [33mSLOW SQL >= 200ms
[0m[31;1m[364.431ms] [33m[rows:37][35m SELECT * FROM `options`[0m

2026/10/02 15:57:53 [32mgithub.com/QuantumNous/new-api/zsy/runninghub/queue.go:116 [33mSLOW SQL >= 200ms
[0m[31;1m[231.982ms] [33m[rows:0][35m SELECT * FROM `rh_queued_tasks` ORDER BY created_at asc, id asc LIMIT 20[0m

2026/10/02 15:57:56 [32mgithub.com/QuantumNous/new-api/zsy/runninghub/queue.go:203 [33mSLOW SQL >= 200ms
[0m[31;1m[420.913ms] [33m[rows:0][35m SELECT * FROM `rh_queued_tasks` WHERE created_at < ? ORDER BY created_at asc LIMIT 50[0m

2026/10/02 15:57:56 [32mgithub.com/QuantumNous/new-api/zsy/runninghub/queue.go:116 [33mSLOW SQL >= 200ms
[0m[31;1m[362.126ms] [33m[rows:0][35m SELECT * FROM `rh_queued_tasks` ORDER BY created_at asc, id asc LIMIT 20[0m

2026/10/02 15:57:59 [32mgithub.com/QuantumNous/new-api/zsy/runninghub/queue.go:203 [33mSLOW SQL >= 200ms
[0m[31;1m[266.519ms] [33m[rows:0][35m SELECT * FROM `rh_queued_tasks` WHERE created_at < ? ORDER BY created_at asc LIMIT 50[0m

2026/10/02 15:58:02 [32mgithub.com/QuantumNous/new-api/model/db_time.go:16 [33mSLOW SQL >= 200ms
[0m[31;1m[248.641ms] [33m[rows:1][35m SELECT UNIX_TIMESTAMP()[0m

2026/10/02 15:58:02 [32mgithub.com/QuantumNous/new-api/model/subscription.go:1149 [33mSLOW SQL >= 200ms
[0m[31;1m[296.434ms] [33m[rows:0][35m SELECT * FROM `user_subscriptions` WHERE status = ? AND end_time > 0 AND end_time <= ? ORDER BY end_time asc, id asc LIMIT 300[0m

2026/10/02 15:58:03 [32mgithub.com/QuantumNous/new-api/model/db_time.go:16 [33mSLOW SQL >= 200ms
[0m[31;1m[888.504ms] [33m[rows:1][35m SELECT UNIX_TIMESTAMP()[0m

2026/10/02 15:58:03 [32mgithub.com/QuantumNous/new-api/model/system_task.go:169 [33mSLOW SQL >= 200ms
[0m[31;1m[887.891ms] [33m[rows:0][35m SELECT * FROM `system_tasks` WHERE id IN (SELECT MIN(id) FROM `system_tasks` WHERE type IN (?,?,?,?,?) AND status = ? GROUP BY `type`)[0m

2026/10/02 15:58:03 [32mgithub.com/QuantumNous/new-api/model/subscription.go:1437 [33mSLOW SQL >= 200ms
[0m[31;1m[599.455ms] [33m[rows:0][35m SELECT * FROM `user_subscriptions` WHERE next_reset_time > 0 AND next_reset_time <= ? AND status = ? ORDER BY next_reset_time asc LIMIT 300[0m

2026/10/02 15:58:04 [32mgithub.com/QuantumNous/new-api/zsy/runninghub/queue.go:203 [33mSLOW SQL >= 200ms
[0m[31;1m[2444.421ms] [33m[rows:0][35m SELECT * FROM `rh_queued_tasks` WHERE created_at < ? ORDER BY created_at asc LIMIT 50[0m

2026/10/02 15:58:04 [32mgithub.com/QuantumNous/new-api/zsy/runninghub/queue.go:116 [33mSLOW SQL >= 200ms
[0m[31;1m[425.080ms] [33m[rows:0][35m SELECT * FROM `rh_queued_tasks` ORDER BY created_at asc, id asc LIMIT 20[0m

2026/10/02 15:58:04 [32mgithub.com/QuantumNous/new-api/model/system_instance.go:69 [33mSLOW SQL >= 200ms
[0m[31;1m[2724.556ms] [33m[rows:2][35m INSERT INTO `system_instances` (`node_name`,`info`,`started_at`,`last_seen_at`,`created_at`,`updated_at`) VALUES (?,?,?,?,?,?) ON DUPLICATE KEY UPDATE `info`=VALUES(`info`),`started_at`=VALUES(`started_at`),`last_seen_at`=VALUES(`last_seen_at`),`updated_at`=VALUES(`updated_at`)[0m

2026/10/02 15:58:08 [32mgithub.com/QuantumNous/new-api/zsy/runninghub/queue.go:203 [33mSLOW SQL >= 200ms
[0m[31;1m[595.412ms] [33m[rows:0][35m SELECT * FROM `rh_queued_tasks` WHERE created_at < ? ORDER BY created_at asc LIMIT 50[0m

2026/10/02 15:58:11 [32mgithub.com/QuantumNous/new-api/zsy/runninghub/queue.go:203 [33mSLOW SQL >= 200ms
[0m[31;1m[488.067ms] [33m[rows:0][35m SELECT * FROM `rh_queued_tasks` WHERE created_at < ? ORDER BY created_at asc LIMIT 50[0m

2026/10/02 15:58:11 [32mgithub.com/QuantumNous/new-api/zsy/runninghub/queue.go:116 [33mSLOW SQL >= 200ms
[0m[31;1m[340.158ms] [33m[rows:0][35m SELECT * FROM `rh_queued_tasks` ORDER BY created_at asc, id asc LIMIT 20[0m

2026/10/02 15:58:20 [32mgithub.com/QuantumNous/new-api/zsy/runninghub/queue.go:116 [33mSLOW SQL >= 200ms
[0m[31;1m[331.582ms] [33m[rows:0][35m SELECT * FROM `rh_queued_tasks` ORDER BY created_at asc, id asc LIMIT 20[0m

2026/10/02 15:58:22 [32mgithub.com/QuantumNous/new-api/zsy/runninghub/queue.go:203 [33mSLOW SQL >= 200ms
[0m[31;1m[212.405ms] [33m[rows:0][35m SELECT * FROM `rh_queued_tasks` WHERE created_at < ? ORDER BY created_at asc LIMIT 50[0m

2026/10/02 15:58:32 [32mgithub.com/QuantumNous/new-api/model/task.go:355 [33mSLOW SQL >= 200ms
[0m[31;1m[357.286ms] [33m[rows:0][35m SELECT `id` FROM `tasks` WHERE progress != ? AND status != ? AND status != ? LIMIT 1[0m

2026/10/02 15:58:32 [32mgithub.com/QuantumNous/new-api/model/system_task.go:216 [33mSLOW SQL >= 200ms
[0m[31;1m[577.918ms] [33m[rows:1][35m SELECT * FROM `system_tasks` WHERE id IN (SELECT MAX(id) FROM `system_tasks` WHERE type IN (?) GROUP BY `type`)[0m

2026/10/02 15:58:33 [32mgithub.com/QuantumNous/new-api/model/system_instance.go:69 [33mSLOW SQL >= 200ms
[0m[31;1m[818.217ms] [33m[rows:2][35m INSERT INTO `system_instances` (`node_name`,`info`,`started_at`,`last_seen_at`,`created_at`,`updated_at`) VALUES (?,?,?,?,?,?) ON DUPLICATE KEY UPDATE `info`=VALUES(`info`),`started_at`=VALUES(`started_at`),`last_seen_at`=VALUES(`last_seen_at`),`updated_at`=VALUES(`updated_at`)[0m

2026/10/02 15:58:33 [32mgithub.com/QuantumNous/new-api/model/system_task.go:169 [33mSLOW SQL >= 200ms
[0m[31;1m[324.098ms] [33m[rows:0][35m SELECT * FROM `system_tasks` WHERE id IN (SELECT MIN(id) FROM `system_tasks` WHERE type IN (?,?,?,?,?) AND status = ? GROUP BY `type`)[0m

2026/10/02 15:58:38 [32mgithub.com/QuantumNous/new-api/zsy/runninghub/queue.go:116 [33mSLOW SQL >= 200ms
[0m[31;1m[351.844ms] [33m[rows:0][35m SELECT * FROM `rh_queued_tasks` ORDER BY created_at asc, id asc LIMIT 20[0m

2026/10/02 15:58:40 [32mgithub.com/QuantumNous/new-api/zsy/runninghub/queue.go:203 [33mSLOW SQL >= 200ms
[0m[31;1m[223.386ms] [33m[rows:0][35m SELECT * FROM `rh_queued_tasks` WHERE created_at < ? ORDER BY created_at asc LIMIT 50[0m

2026/10/02 15:58:41 [32mgithub.com/QuantumNous/new-api/zsy/runninghub/queue.go:116 [33mSLOW SQL >= 200ms
[0m[31;1m[317.320ms] [33m[rows:0][35m SELECT * FROM `rh_queued_tasks` ORDER BY created_at asc, id asc LIMIT 20[0m

2026/10/02 15:58:41 [32mgithub.com/QuantumNous/new-api/service/authz/adapter.go:23 [33mSLOW SQL >= 200ms
[0m[31;1m[778.794ms] [33m[rows:3][35m SELECT * FROM `casbin_rule` ORDER BY id asc[0m

2026/10/02 15:58:44 [32mgithub.com/QuantumNous/new-api/zsy/runninghub/queue.go:116 [33mSLOW SQL >= 200ms
[0m[31;1m[217.364ms] [33m[rows:0][35m SELECT * FROM `rh_queued_tasks` ORDER BY created_at asc, id asc LIMIT 20[0m

2026/10/02 15:58:47 [32mgithub.com/QuantumNous/new-api/zsy/runninghub/queue.go:203 [33mSLOW SQL >= 200ms
[0m[31;1m[488.843ms] [33m[rows:0][35m SELECT * FROM `rh_queued_tasks` WHERE created_at < ? ORDER BY created_at asc LIMIT 50[0m
[SYS] 2026/10/02 - 15:58:51 | syncing options from database 

2026/10/02 15:58:51 [32mgithub.com/QuantumNous/new-api/model/option.go:26 [33mSLOW SQL >= 200ms
[0m[31;1m[235.659ms] [33m[rows:37][35m SELECT * FROM `options`[0m

2026/10/02 15:58:53 [32mgithub.com/QuantumNous/new-api/zsy/runninghub/queue.go:203 [33mSLOW SQL >= 200ms
[0m[31;1m[447.280ms] [33m[rows:0][35m SELECT * FROM `rh_queued_tasks` WHERE created_at < ? ORDER BY created_at asc LIMIT 50[0m

2026/10/02 15:58:56 [32mgithub.com/QuantumNous/new-api/zsy/runninghub/queue.go:203 [33mSLOW SQL >= 200ms
[0m[31;1m[425.284ms] [33m[rows:0][35m SELECT * FROM `rh_queued_tasks` WHERE created_at < ? ORDER BY created_at asc LIMIT 50[0m

2026/10/02 15:59:02 [32mgithub.com/QuantumNous/new-api/model/system_task.go:169 [33mSLOW SQL >= 200ms
[0m[31;1m[587.289ms] [33m[rows:0][35m SELECT * FROM `system_tasks` WHERE id IN (SELECT MIN(id) FROM `system_tasks` WHERE type IN (?,?,?,?,?) AND status = ? GROUP BY `type`)[0m

2026/10/02 15:59:02 [32mgithub.com/QuantumNous/new-api/model/system_instance.go:69 [33mSLOW SQL >= 200ms
[0m[31;1m[337.576ms] [33m[rows:2][35m INSERT INTO `system_instances` (`node_name`,`info`,`started_at`,`last_seen_at`,`created_at`,`updated_at`) VALUES (?,?,?,?,?,?) ON DUPLICATE KEY UPDATE `info`=VALUES(`info`),`started_at`=VALUES(`started_at`),`last_seen_at`=VALUES(`last_seen_at`),`updated_at`=VALUES(`updated_at`)[0m

2026/10/02 15:59:11 [32mgithub.com/QuantumNous/new-api/zsy/runninghub/queue.go:203 [33mSLOW SQL >= 200ms
[0m[31;1m[253.370ms] [33m[rows:0][35m SELECT * FROM `rh_queued_tasks` WHERE created_at < ? ORDER BY created_at asc LIMIT 50[0m

2026/10/02 15:59:17 [32mgithub.com/QuantumNous/new-api/zsy/runninghub/queue.go:203 [33mSLOW SQL >= 200ms
[0m[31;1m[793.626ms] [33m[rows:0][35m SELECT * FROM `rh_queued_tasks` WHERE created_at < ? ORDER BY created_at asc LIMIT 50[0m

2026/10/02 15:59:17 [32mgithub.com/QuantumNous/new-api/zsy/runninghub/queue.go:116 [33mSLOW SQL >= 200ms
[0m[31;1m[355.062ms] [33m[rows:0][35m SELECT * FROM `rh_queued_tasks` ORDER BY created_at asc, id asc LIMIT 20[0m

2026/10/02 15:59:18 [32mgithub.com/QuantumNous/new-api/model/midjourney.go:116 [33mSLOW SQL >= 200ms
[0m[31;1m[1529.863ms] [33m[rows:0][35m SELECT `id` FROM `midjourneys` WHERE progress != ? LIMIT 1[0m

2026/10/02 15:59:18 [32mgithub.com/QuantumNous/new-api/model/task.go:355 [33mSLOW SQL >= 200ms
[0m[31;1m[427.759ms] [33m[rows:0][35m SELECT `id` FROM `tasks` WHERE progress != ? AND status != ? AND status != ? LIMIT 1[0m

2026/10/02 15:59:18 [32mgithub.com/QuantumNous/new-api/model/system_task.go:216 [33mSLOW SQL >= 200ms
[0m[31;1m[263.618ms] [33m[rows:1][35m SELECT * FROM `system_tasks` WHERE id IN (SELECT MAX(id) FROM `system_tasks` WHERE type IN (?) GROUP BY `type`)[0m

2026/10/02 15:59:32 [32mgithub.com/QuantumNous/new-api/model/system_task.go:362 [33mSLOW SQL >= 200ms
[0m[31;1m[303.852ms] [33m[rows:0][35m SELECT * FROM `system_task_locks` WHERE locked_until < ?[0m

2026/10/02 15:59:32 [32mgithub.com/QuantumNous/new-api/zsy/runninghub/queue.go:116 [33mSLOW SQL >= 200ms
[0m[31;1m[256.015ms] [33m[rows:0][35m SELECT * FROM `rh_queued_tasks` ORDER BY created_at asc, id asc LIMIT 20[0m

2026/10/02 15:59:32 [32mgithub.com/QuantumNous/new-api/model/system_instance.go:69 [33mSLOW SQL >= 200ms
[0m[31;1m[550.663ms] [33m[rows:2][35m INSERT INTO `system_instances` (`node_name`,`info`,`started_at`,`last_seen_at`,`created_at`,`updated_at`) VALUES (?,?,?,?,?,?) ON DUPLICATE KEY UPDATE `info`=VALUES(`info`),`started_at`=VALUES(`started_at`),`last_seen_at`=VALUES(`last_seen_at`),`updated_at`=VALUES(`updated_at`)[0m

2026/10/02 15:59:35 [32mgithub.com/QuantumNous/new-api/zsy/runninghub/queue.go:116 [33mSLOW SQL >= 200ms
[0m[31;1m[360.031ms] [33m[rows:0][35m SELECT * FROM `rh_queued_tasks` ORDER BY created_at asc, id asc LIMIT 20[0m

2026/10/02 15:59:38 [32mgithub.com/QuantumNous/new-api/zsy/runninghub/queue.go:203 [33mSLOW SQL >= 200ms
[0m[31;1m[559.891ms] [33m[rows:0][35m SELECT * FROM `rh_queued_tasks` WHERE created_at < ? ORDER BY created_at asc LIMIT 50[0m

2026/10/02 15:59:41 [32mgithub.com/QuantumNous/new-api/zsy/runninghub/queue.go:203 [33mSLOW SQL >= 200ms
[0m[31;1m[420.549ms] [33m[rows:0][35m SELECT * FROM `rh_queued_tasks` WHERE created_at < ? ORDER BY created_at asc LIMIT 50[0m

2026/10/02 15:59:44 [32mgithub.com/QuantumNous/new-api/zsy/runninghub/queue.go:203 [33mSLOW SQL >= 200ms
[0m[31;1m[413.166ms] [33m[rows:0][35m SELECT * FROM `rh_queued_tasks` WHERE created_at < ? ORDER BY created_at asc LIMIT 50[0m

2026/10/02 15:59:46 [32mgithub.com/QuantumNous/new-api/zsy/runninghub/queue.go:203 [33mSLOW SQL >= 200ms
[0m[31;1m[214.966ms] [33m[rows:0][35m SELECT * FROM `rh_queued_tasks` WHERE created_at < ? ORDER BY created_at asc LIMIT 50[0m

2026/10/02 15:59:47 [32mgithub.com/QuantumNous/new-api/model/midjourney.go:116 [33mSLOW SQL >= 200ms
[0m[31;1m[461.896ms] [33m[rows:0][35m SELECT `id` FROM `midjourneys` WHERE progress != ? LIMIT 1[0m
[SYS] 2026/10/02 - 15:59:51 | syncing options from database 

2026/10/02 15:59:51 [32mgithub.com/QuantumNous/new-api/model/option.go:26 [33mSLOW SQL >= 200ms
[0m[31;1m[617.114ms] [33m[rows:37][35m SELECT * FROM `options`[0m

2026/10/02 15:59:53 [32mgithub.com/QuantumNous/new-api/zsy/runninghub/queue.go:116 [33mSLOW SQL >= 200ms
[0m[31;1m[303.636ms] [33m[rows:0][35m SELECT * FROM `rh_queued_tasks` ORDER BY created_at asc, id asc LIMIT 20[0m

2026/10/02 16:00:01 [32mgithub.com/QuantumNous/new-api/model/system_task.go:362 [33mSLOW SQL >= 200ms
[0m[31;1m[217.246ms] [33m[rows:0][35m SELECT * FROM `system_task_locks` WHERE locked_until < ?[0m

2026/10/02 16:00:01 [32mgithub.com/QuantumNous/new-api/model/db_time.go:16 [33mSLOW SQL >= 200ms
[0m[31;1m[217.801ms] [33m[rows:1][35m SELECT UNIX_TIMESTAMP()[0m

2026/10/02 16:00:02 [32mgithub.com/QuantumNous/new-api/model/subscription.go:1149 [33mSLOW SQL >= 200ms
[0m[31;1m[238.589ms] [33m[rows:0][35m SELECT * FROM `user_subscriptions` WHERE status = ? AND end_time > 0 AND end_time <= ? ORDER BY end_time asc, id asc LIMIT 300[0m

2026/10/02 16:00:02 [32mgithub.com/QuantumNous/new-api/model/subscription.go:1437 [33mSLOW SQL >= 200ms
[0m[31;1m[213.951ms] [33m[rows:0][35m SELECT * FROM `user_subscriptions` WHERE next_reset_time > 0 AND next_reset_time <= ? AND status = ? ORDER BY next_reset_time asc LIMIT 300[0m

2026/10/02 16:00:02 [32mgithub.com/QuantumNous/new-api/zsy/runninghub/queue.go:203 [33mSLOW SQL >= 200ms
[0m[31;1m[926.608ms] [33m[rows:0][35m SELECT * FROM `rh_queued_tasks` WHERE created_at < ? ORDER BY created_at asc LIMIT 50[0m

2026/10/02 16:00:03 [32mgithub.com/QuantumNous/new-api/zsy/runninghub/queue.go:116 [33mSLOW SQL >= 200ms
[0m[31;1m[411.762ms] [33m[rows:0][35m SELECT * FROM `rh_queued_tasks` ORDER BY created_at asc, id asc LIMIT 20[0m

2026/10/02 16:00:03 [32mgithub.com/QuantumNous/new-api/model/system_instance.go:69 [33mSLOW SQL >= 200ms
[0m[31;1m[1368.310ms] [33m[rows:2][35m INSERT INTO `system_instances` (`node_name`,`info`,`started_at`,`last_seen_at`,`created_at`,`updated_at`) VALUES (?,?,?,?,?,?) ON DUPLICATE KEY UPDATE `info`=VALUES(`info`),`started_at`=VALUES(`started_at`),`last_seen_at`=VALUES(`last_seen_at`),`updated_at`=VALUES(`updated_at`)[0m

2026/10/02 16:00:05 [32mgithub.com/QuantumNous/new-api/zsy/runninghub/queue.go:203 [33mSLOW SQL >= 200ms
[0m[31;1m[551.825ms] [33m[rows:0][35m SELECT * FROM `rh_queued_tasks` WHERE created_at < ? ORDER BY created_at asc LIMIT 50[0m

2026/10/02 16:00:06 [32mgithub.com/QuantumNous/new-api/zsy/runninghub/queue.go:116 [33mSLOW SQL >= 200ms
[0m[31;1m[726.858ms] [33m[rows:0][35m SELECT * FROM `rh_queued_tasks` ORDER BY created_at asc, id asc LIMIT 20[0m

2026/10/02 16:00:17 [32mgithub.com/QuantumNous/new-api/zsy/runninghub/queue.go:203 [33mSLOW SQL >= 200ms
[0m[31;1m[573.719ms] [33m[rows:0][35m SELECT * FROM `rh_queued_tasks` WHERE created_at < ? ORDER BY created_at asc LIMIT 50[0m

2026/10/02 16:00:17 [32mgithub.com/QuantumNous/new-api/model/midjourney.go:116 [33mSLOW SQL >= 200ms
[0m[31;1m[721.241ms] [33m[rows:0][35m SELECT `id` FROM `midjourneys` WHERE progress != ? LIMIT 1[0m

2026/10/02 16:00:17 [32mgithub.com/QuantumNous/new-api/model/system_task.go:216 [33mSLOW SQL >= 200ms
[0m[31;1m[230.955ms] [33m[rows:1][35m SELECT * FROM `system_tasks` WHERE id IN (SELECT MAX(id) FROM `system_tasks` WHERE type IN (?) GROUP BY `type`)[0m

2026/10/02 16:00:18 [32mgithub.com/QuantumNous/new-api/model/system_task.go:169 [33mSLOW SQL >= 200ms
[0m[31;1m[375.779ms] [33m[rows:0][35m SELECT * FROM `system_tasks` WHERE id IN (SELECT MIN(id) FROM `system_tasks` WHERE type IN (?,?,?,?,?) AND status = ? GROUP BY `type`)[0m

2026/10/02 16:00:23 [32mgithub.com/QuantumNous/new-api/zsy/runninghub/queue.go:203 [33mSLOW SQL >= 200ms
[0m[31;1m[284.036ms] [33m[rows:0][35m SELECT * FROM `rh_queued_tasks` WHERE created_at < ? ORDER BY created_at asc LIMIT 50[0m

2026/10/02 16:00:23 [32mgithub.com/QuantumNous/new-api/zsy/runninghub/queue.go:116 [33mSLOW SQL >= 200ms
[0m[31;1m[223.039ms] [33m[rows:0][35m SELECT * FROM `rh_queued_tasks` ORDER BY created_at asc, id asc LIMIT 20[0m

2026/10/02 16:00:29 [32mgithub.com/QuantumNous/new-api/zsy/runninghub/queue.go:203 [33mSLOW SQL >= 200ms
[0m[31;1m[248.949ms] [33m[rows:0][35m SELECT * FROM `rh_queued_tasks` WHERE created_at < ? ORDER BY created_at asc LIMIT 50[0m

2026/10/02 16:00:29 [32mgithub.com/QuantumNous/new-api/zsy/runninghub/queue.go:116 [33mSLOW SQL >= 200ms
[0m[31;1m[445.843ms] [33m[rows:0][35m SELECT * FROM `rh_queued_tasks` ORDER BY created_at asc, id asc LIMIT 20[0m

2026/10/02 16:00:32 [32mgithub.com/QuantumNous/new-api/model/midjourney.go:116 [33mSLOW SQL >= 200ms
[0m[31;1m[527.538ms] [33m[rows:0][35m SELECT `id` FROM `midjourneys` WHERE progress != ? LIMIT 1[0m

2026/10/02 16:00:32 [32mgithub.com/QuantumNous/new-api/model/task.go:355 [33mSLOW SQL >= 200ms
[0m[31;1m[205.688ms] [33m[rows:0][35m SELECT `id` FROM `tasks` WHERE progress != ? AND status != ? AND status != ? LIMIT 1[0m

2026/10/02 16:00:32 [32mgithub.com/QuantumNous/new-api/model/system_task.go:216 [33mSLOW SQL >= 200ms
[0m[31;1m[218.944ms] [33m[rows:1][35m SELECT * FROM `system_tasks` WHERE id IN (SELECT MAX(id) FROM `system_tasks` WHERE type IN (?) GROUP BY `type`)[0m

2026/10/02 16:00:33 [32mgithub.com/QuantumNous/new-api/model/system_instance.go:69 [33mSLOW SQL >= 200ms
[0m[31;1m[1071.289ms] [33m[rows:2][35m INSERT INTO `system_instances` (`node_name`,`info`,`started_at`,`last_seen_at`,`created_at`,`updated_at`) VALUES (?,?,?,?,?,?) ON DUPLICATE KEY UPDATE `info`=VALUES(`info`),`started_at`=VALUES(`started_at`),`last_seen_at`=VALUES(`last_seen_at`),`updated_at`=VALUES(`updated_at`)[0m

2026/10/02 16:00:33 [32mgithub.com/QuantumNous/new-api/model/system_task.go:169 [33mSLOW SQL >= 200ms
[0m[31;1m[557.511ms] [33m[rows:0][35m SELECT * FROM `system_tasks` WHERE id IN (SELECT MIN(id) FROM `system_tasks` WHERE type IN (?,?,?,?,?) AND status = ? GROUP BY `type`)[0m

2026/10/02 16:00:44 [32mgithub.com/QuantumNous/new-api/zsy/runninghub/queue.go:203 [33mSLOW SQL >= 200ms
[0m[31;1m[341.047ms] [33m[rows:0][35m SELECT * FROM `rh_queued_tasks` WHERE created_at < ? ORDER BY created_at asc LIMIT 50[0m

2026/10/02 16:00:47 [32mgithub.com/QuantumNous/new-api/model/system_task.go:169 [33mSLOW SQL >= 200ms
[0m[31;1m[503.060ms] [33m[rows:0][35m SELECT * FROM `system_tasks` WHERE id IN (SELECT MIN(id) FROM `system_tasks` WHERE type IN (?,?,?,?,?) AND status = ? GROUP BY `type`)[0m

2026/10/02 16:00:47 [32mgithub.com/QuantumNous/new-api/zsy/runninghub/queue.go:203 [33mSLOW SQL >= 200ms
[0m[31;1m[531.381ms] [33m[rows:0][35m SELECT * FROM `rh_queued_tasks` WHERE created_at < ? ORDER BY created_at asc LIMIT 50[0m
[SYS] 2026/10/02 - 16:00:51 | syncing options from database 

2026/10/02 16:00:52 [32mgithub.com/QuantumNous/new-api/model/option.go:26 [33mSLOW SQL >= 200ms
[0m[31;1m[317.949ms] [33m[rows:37][35m SELECT * FROM `options`[0m

2026/10/02 16:00:53 [32mgithub.com/QuantumNous/new-api/zsy/runninghub/queue.go:203 [33mSLOW SQL >= 200ms
[0m[31;1m[540.958ms] [33m[rows:0][35m SELECT * FROM `rh_queued_tasks` WHERE created_at < ? ORDER BY created_at asc LIMIT 50[0m

2026/10/02 16:00:53 [32mgithub.com/QuantumNous/new-api/zsy/runninghub/queue.go:116 [33mSLOW SQL >= 200ms
[0m[31;1m[207.523ms] [33m[rows:0][35m SELECT * FROM `rh_queued_tasks` ORDER BY created_at asc, id asc LIMIT 20[0m
[SYS] 2026/10/02 - 16:01:01 | 正在更新数据看板数据... 
[SYS] 2026/10/02 - 16:01:01 | 保存数据看板数据成功，共保存0条数据 

2026/10/02 16:01:02 [32mgithub.com/QuantumNous/new-api/model/db_time.go:16 [33mSLOW SQL >= 200ms
[0m[31;1m[257.650ms] [33m[rows:1][35m SELECT UNIX_TIMESTAMP()[0m

2026/10/02 16:01:02 [32mgithub.com/QuantumNous/new-api/model/subscription.go:1149 [33mSLOW SQL >= 200ms
[0m[31;1m[302.132ms] [33m[rows:0][35m SELECT * FROM `user_subscriptions` WHERE status = ? AND end_time > 0 AND end_time <= ? ORDER BY end_time asc, id asc LIMIT 300[0m

2026/10/02 16:01:02 [32mgithub.com/QuantumNous/new-api/zsy/runninghub/queue.go:203 [33mSLOW SQL >= 200ms
[0m[31;1m[708.986ms] [33m[rows:0][35m SELECT * FROM `rh_queued_tasks` WHERE created_at < ? ORDER BY created_at asc LIMIT 50[0m

2026/10/02 16:01:02 [32mgithub.com/QuantumNous/new-api/model/system_instance.go:69 [33mSLOW SQL >= 200ms
[0m[31;1m[363.949ms] [33m[rows:2][35m INSERT INTO `system_instances` (`node_name`,`info`,`started_at`,`last_seen_at`,`created_at`,`updated_at`) VALUES (?,?,?,?,?,?) ON DUPLICATE KEY UPDATE `info`=VALUES(`info`),`started_at`=VALUES(`started_at`),`last_seen_at`=VALUES(`last_seen_at`),`updated_at`=VALUES(`updated_at`)[0m

2026/10/02 16:01:02 [32mgithub.com/QuantumNous/new-api/model/subscription.go:1437 [33mSLOW SQL >= 200ms
[0m[31;1m[299.830ms] [33m[rows:0][35m SELECT * FROM `user_subscriptions` WHERE next_reset_time > 0 AND next_reset_time <= ? AND status = ? ORDER BY next_reset_time asc LIMIT 300[0m

2026/10/02 16:01:11 [32mgithub.com/QuantumNous/new-api/zsy/runninghub/queue.go:203 [33mSLOW SQL >= 200ms
[0m[31;1m[396.166ms] [33m[rows:0][35m SELECT * FROM `rh_queued_tasks` WHERE created_at < ? ORDER BY created_at asc LIMIT 50[0m

2026/10/02 16:01:17 [32mgithub.com/QuantumNous/new-api/model/midjourney.go:116 [33mSLOW SQL >= 200ms
[0m[31;1m[299.940ms] [33m[rows:0][35m SELECT `id` FROM `midjourneys` WHERE progress != ? LIMIT 1[0m

2026/10/02 16:01:17 [32mgithub.com/QuantumNous/new-api/zsy/runninghub/queue.go:203 [33mSLOW SQL >= 200ms
[0m[31;1m[809.410ms] [33m[rows:0][35m SELECT * FROM `rh_queued_tasks` WHERE created_at < ? ORDER BY created_at asc LIMIT 50[0m

2026/10/02 16:01:17 [32mgithub.com/QuantumNous/new-api/zsy/runninghub/queue.go:116 [33mSLOW SQL >= 200ms
[0m[31;1m[232.397ms] [33m[rows:0][35m SELECT * FROM `rh_queued_tasks` ORDER BY created_at asc, id asc LIMIT 20[0m

2026/10/02 16:01:23 [32mgithub.com/QuantumNous/new-api/zsy/runninghub/queue.go:116 [33mSLOW SQL >= 200ms
[0m[31;1m[397.948ms] [33m[rows:0][35m SELECT * FROM `rh_queued_tasks` ORDER BY created_at asc, id asc LIMIT 20[0m

2026/10/02 16:01:26 [32mgithub.com/QuantumNous/new-api/zsy/runninghub/queue.go:116 [33mSLOW SQL >= 200ms
[0m[31;1m[254.683ms] [33m[rows:0][35m SELECT * FROM `rh_queued_tasks` ORDER BY created_at asc, id asc LIMIT 20[0m

2026/10/02 16:01:32 [32mgithub.com/QuantumNous/new-api/model/system_instance.go:69 [33mSLOW SQL >= 200ms
[0m[31;1m[622.596ms] [33m[rows:2][35m INSERT INTO `system_instances` (`node_name`,`info`,`started_at`,`last_seen_at`,`created_at`,`updated_at`) VALUES (?,?,?,?,?,?) ON DUPLICATE KEY UPDATE `info`=VALUES(`info`),`started_at`=VALUES(`started_at`),`last_seen_at`=VALUES(`last_seen_at`),`updated_at`=VALUES(`updated_at`)[0m

2026/10/02 16:01:41 [32mgithub.com/QuantumNous/new-api/zsy/runninghub/queue.go:116 [33mSLOW SQL >= 200ms
[0m[31;1m[317.978ms] [33m[rows:0][35m SELECT * FROM `rh_queued_tasks` ORDER BY created_at asc, id asc LIMIT 20[0m

2026/10/02 16:01:42 [32mgithub.com/QuantumNous/new-api/service/authz/adapter.go:23 [33mSLOW SQL >= 200ms
[0m[31;1m[315.315ms] [33m[rows:3][35m SELECT * FROM `casbin_rule` ORDER BY id asc[0m

2026/10/02 16:01:47 [32mgithub.com/QuantumNous/new-api/model/task.go:355 [33mSLOW SQL >= 200ms
[0m[31;1m[571.968ms] [33m[rows:0][35m SELECT `id` FROM `tasks` WHERE progress != ? AND status != ? AND status != ? LIMIT 1[0m

2026/10/02 16:01:47 [32mgithub.com/QuantumNous/new-api/zsy/runninghub/queue.go:116 [33mSLOW SQL >= 200ms
[0m[31;1m[572.534ms] [33m[rows:0][35m SELECT * FROM `rh_queued_tasks` ORDER BY created_at asc, id asc LIMIT 20[0m

2026/10/02 16:01:47 [32mgithub.com/QuantumNous/new-api/model/midjourney.go:116 [33mSLOW SQL >= 200ms
[0m[31;1m[458.749ms] [33m[rows:0][35m SELECT `id` FROM `midjourneys` WHERE progress != ? LIMIT 1[0m
[SYS] 2026/10/02 - 16:01:52 | syncing options from database 

2026/10/02 16:01:52 [32mgithub.com/QuantumNous/new-api/model/option.go:26 [33mSLOW SQL >= 200ms
[0m[31;1m[489.241ms] [33m[rows:37][35m SELECT * FROM `options`[0m

2026/10/02 16:01:53 [32mgithub.com/QuantumNous/new-api/zsy/runninghub/queue.go:116 [33mSLOW SQL >= 200ms
[0m[31;1m[362.828ms] [33m[rows:0][35m SELECT * FROM `rh_queued_tasks` ORDER BY created_at asc, id asc LIMIT 20[0m

2026/10/02 16:01:59 [32mgithub.com/QuantumNous/new-api/zsy/runninghub/queue.go:116 [33mSLOW SQL >= 200ms
[0m[31;1m[220.273ms] [33m[rows:0][35m SELECT * FROM `rh_queued_tasks` ORDER BY created_at asc, id asc LIMIT 20[0m

2026/10/02 16:02:02 [32mgithub.com/QuantumNous/new-api/model/system_instance.go:69 [33mSLOW SQL >= 200ms
[0m[31;1m[426.434ms] [33m[rows:2][35m INSERT INTO `system_instances` (`node_name`,`info`,`started_at`,`last_seen_at`,`created_at`,`updated_at`) VALUES (?,?,?,?,?,?) ON DUPLICATE KEY UPDATE `info`=VALUES(`info`),`started_at`=VALUES(`started_at`),`last_seen_at`=VALUES(`last_seen_at`),`updated_at`=VALUES(`updated_at`)[0m

2026/10/02 16:02:02 [32mgithub.com/QuantumNous/new-api/zsy/runninghub/queue.go:203 [33mSLOW SQL >= 200ms
[0m[31;1m[1154.044ms] [33m[rows:0][35m SELECT * FROM `rh_queued_tasks` WHERE created_at < ? ORDER BY created_at asc LIMIT 50[0m

2026/10/02 16:02:03 [32mgithub.com/QuantumNous/new-api/zsy/runninghub/queue.go:116 [33mSLOW SQL >= 200ms
[0m[31;1m[246.022ms] [33m[rows:0][35m SELECT * FROM `rh_queued_tasks` ORDER BY created_at asc, id asc LIMIT 20[0m

2026/10/02 16:02:08 [32mgithub.com/QuantumNous/new-api/zsy/runninghub/queue.go:203 [33mSLOW SQL >= 200ms
[0m[31;1m[588.029ms] [33m[rows:0][35m SELECT * FROM `rh_queued_tasks` WHERE created_at < ? ORDER BY created_at asc LIMIT 50[0m

2026/10/02 16:02:11 [32mgithub.com/QuantumNous/new-api/zsy/runninghub/queue.go:203 [33mSLOW SQL >= 200ms
[0m[31;1m[283.650ms] [33m[rows:0][35m SELECT * FROM `rh_queued_tasks` WHERE created_at < ? ORDER BY created_at asc LIMIT 50[0m

2026/10/02 16:02:11 [32mgithub.com/QuantumNous/new-api/zsy/runninghub/queue.go:116 [33mSLOW SQL >= 200ms
[0m[31;1m[210.447ms] [33m[rows:0][35m SELECT * FROM `rh_queued_tasks` ORDER BY created_at asc, id asc LIMIT 20[0m

2026/10/02 16:02:13 [32mgithub.com/QuantumNous/new-api/zsy/runninghub/queue.go:203 [33mSLOW SQL >= 200ms
[0m[31;1m[238.327ms] [33m[rows:0][35m SELECT * FROM `rh_queued_tasks` WHERE created_at < ? ORDER BY created_at asc LIMIT 50[0m

2026/10/02 16:02:17 [32mgithub.com/QuantumNous/new-api/zsy/runninghub/queue.go:116 [33mSLOW SQL >= 200ms
[0m[31;1m[373.238ms] [33m[rows:0][35m SELECT * FROM `rh_queued_tasks` ORDER BY created_at asc, id asc LIMIT 20[0m

2026/10/02 16:02:17 [32mgithub.com/QuantumNous/new-api/model/system_task.go:362 [33mSLOW SQL >= 200ms
[0m[31;1m[496.672ms] [33m[rows:0][35m SELECT * FROM `system_task_locks` WHERE locked_until < ?[0m

2026/10/02 16:02:17 [32mgithub.com/QuantumNous/new-api/model/midjourney.go:116 [33mSLOW SQL >= 200ms
[0m[31;1m[549.861ms] [33m[rows:0][35m SELECT `id` FROM `midjourneys` WHERE progress != ? LIMIT 1[0m

2026/10/02 16:02:18 [32mgithub.com/QuantumNous/new-api/model/task.go:355 [33mSLOW SQL >= 200ms
[0m[31;1m[789.467ms] [33m[rows:0][35m SELECT `id` FROM `tasks` WHERE progress != ? AND status != ? AND status != ? LIMIT 1[0m

2026/10/02 16:02:19 [32mgithub.com/QuantumNous/new-api/model/system_task.go:216 [33mSLOW SQL >= 200ms
[0m[31;1m[431.066ms] [33m[rows:1][35m SELECT * FROM `system_tasks` WHERE id IN (SELECT MAX(id) FROM `system_tasks` WHERE type IN (?) GROUP BY `type`)[0m

2026/10/02 16:02:19 [32mgithub.com/QuantumNous/new-api/model/system_task.go:169 [33mSLOW SQL >= 200ms
[0m[31;1m[338.788ms] [33m[rows:0][35m SELECT * FROM `system_tasks` WHERE id IN (SELECT MIN(id) FROM `system_tasks` WHERE type IN (?,?,?,?,?) AND status = ? GROUP BY `type`)[0m

2026/10/02 16:02:20 [32mgithub.com/QuantumNous/new-api/zsy/runninghub/queue.go:203 [33mSLOW SQL >= 200ms
[0m[31;1m[506.234ms] [33m[rows:0][35m SELECT * FROM `rh_queued_tasks` WHERE created_at < ? ORDER BY created_at asc LIMIT 50[0m

2026/10/02 16:02:20 [32mgithub.com/QuantumNous/new-api/zsy/runninghub/queue.go:116 [33mSLOW SQL >= 200ms
[0m[31;1m[432.960ms] [33m[rows:0][35m SELECT * FROM `rh_queued_tasks` ORDER BY created_at asc, id asc LIMIT 20[0m

2026/10/02 16:02:29 [32mgithub.com/QuantumNous/new-api/zsy/runninghub/queue.go:203 [33mSLOW SQL >= 200ms
[0m[31;1m[1040.230ms] [33m[rows:0][35m SELECT * FROM `rh_queued_tasks` WHERE created_at < ? ORDER BY created_at asc LIMIT 50[0m

2026/10/02 16:02:32 [32mgithub.com/QuantumNous/new-api/model/system_task.go:169 [33mSLOW SQL >= 200ms
[0m[31;1m[322.774ms] [33m[rows:0][35m SELECT * FROM `system_tasks` WHERE id IN (SELECT MIN(id) FROM `system_tasks` WHERE type IN (?,?,?,?,?) AND status = ? GROUP BY `type`)[0m

2026/10/02 16:02:33 [32mgithub.com/QuantumNous/new-api/model/system_instance.go:69 [33mSLOW SQL >= 200ms
[0m[31;1m[905.135ms] [33m[rows:2][35m INSERT INTO `system_instances` (`node_name`,`info`,`started_at`,`last_seen_at`,`created_at`,`updated_at`) VALUES (?,?,?,?,?,?) ON DUPLICATE KEY UPDATE `info`=VALUES(`info`),`started_at`=VALUES(`started_at`),`last_seen_at`=VALUES(`last_seen_at`),`updated_at`=VALUES(`updated_at`)[0m

2026/10/02 16:02:33 [32mgithub.com/QuantumNous/new-api/zsy/runninghub/queue.go:203 [33mSLOW SQL >= 200ms
[0m[31;1m[2023.186ms] [33m[rows:0][35m SELECT * FROM `rh_queued_tasks` WHERE created_at < ? ORDER BY created_at asc LIMIT 50[0m

2026/10/02 16:02:34 [32mgithub.com/QuantumNous/new-api/zsy/runninghub/queue.go:116 [33mSLOW SQL >= 200ms
[0m[31;1m[460.308ms] [33m[rows:0][35m SELECT * FROM `rh_queued_tasks` ORDER BY created_at asc, id asc LIMIT 20[0m

2026/10/02 16:02:38 [32mgithub.com/QuantumNous/new-api/zsy/runninghub/queue.go:203 [33mSLOW SQL >= 200ms
[0m[31;1m[595.074ms] [33m[rows:0][35m SELECT * FROM `rh_queued_tasks` WHERE created_at < ? ORDER BY created_at asc LIMIT 50[0m

2026/10/02 16:02:41 [32mgithub.com/QuantumNous/new-api/zsy/runninghub/queue.go:203 [33mSLOW SQL >= 200ms
[0m[31;1m[385.546ms] [33m[rows:0][35m SELECT * FROM `rh_queued_tasks` WHERE created_at < ? ORDER BY created_at asc LIMIT 50[0m

2026/10/02 16:02:41 [32mgithub.com/QuantumNous/new-api/zsy/runninghub/queue.go:116 [33mSLOW SQL >= 200ms
[0m[31;1m[224.366ms] [33m[rows:0][35m SELECT * FROM `rh_queued_tasks` ORDER BY created_at asc, id asc LIMIT 20[0m

2026/10/02 16:02:46 [32mgithub.com/QuantumNous/new-api/zsy/runninghub/queue.go:203 [33mSLOW SQL >= 200ms
[0m[31;1m[222.420ms] [33m[rows:0][35m SELECT * FROM `rh_queued_tasks` WHERE created_at < ? ORDER BY created_at asc LIMIT 50[0m

2026/10/02 16:02:47 [32mgithub.com/QuantumNous/new-api/model/midjourney.go:116 [33mSLOW SQL >= 200ms
[0m[31;1m[359.357ms] [33m[rows:0][35m SELECT `id` FROM `midjourneys` WHERE progress != ? LIMIT 1[0m

2026/10/02 16:02:47 [32mgithub.com/QuantumNous/new-api/model/task.go:355 [33mSLOW SQL >= 200ms
[0m[31;1m[233.691ms] [33m[rows:0][35m SELECT `id` FROM `tasks` WHERE progress != ? AND status != ? AND status != ? LIMIT 1[0m

2026/10/02 16:02:47 [32mgithub.com/QuantumNous/new-api/model/system_task.go:216 [33mSLOW SQL >= 200ms
[0m[31;1m[267.038ms] [33m[rows:1][35m SELECT * FROM `system_tasks` WHERE id IN (SELECT MAX(id) FROM `system_tasks` WHERE type IN (?) GROUP BY `type`)[0m

2026/10/02 16:02:47 [32mgithub.com/QuantumNous/new-api/model/system_task.go:169 [33mSLOW SQL >= 200ms
[0m[31;1m[221.499ms] [33m[rows:0][35m SELECT * FROM `system_tasks` WHERE id IN (SELECT MIN(id) FROM `system_tasks` WHERE type IN (?,?,?,?,?) AND status = ? GROUP BY `type`)[0m

2026/10/02 16:02:50 [32mgithub.com/QuantumNous/new-api/zsy/runninghub/queue.go:203 [33mSLOW SQL >= 200ms
[0m[31;1m[346.182ms] [33m[rows:0][35m SELECT * FROM `rh_queued_tasks` WHERE created_at < ? ORDER BY created_at asc LIMIT 50[0m

2026/10/02 16:02:50 [32mgithub.com/QuantumNous/new-api/zsy/runninghub/queue.go:116 [33mSLOW SQL >= 200ms
[0m[31;1m[600.264ms] [33m[rows:0][35m SELECT * FROM `rh_queued_tasks` ORDER BY created_at asc, id asc LIMIT 20[0m
[SYS] 2026/10/02 - 16:02:52 | syncing options from database 

2026/10/02 16:02:53 [32mgithub.com/QuantumNous/new-api/zsy/runninghub/queue.go:203 [33mSLOW SQL >= 200ms
[0m[31;1m[278.998ms] [33m[rows:0][35m SELECT * FROM `rh_queued_tasks` WHERE created_at < ? ORDER BY created_at asc LIMIT 50[0m

2026/10/02 16:02:53 [32mgithub.com/QuantumNous/new-api/zsy/runninghub/queue.go:116 [33mSLOW SQL >= 200ms
[0m[31;1m[599.798ms] [33m[rows:0][35m SELECT * FROM `rh_queued_tasks` ORDER BY created_at asc, id asc LIMIT 20[0m

2026/10/02 16:02:54 [32mgithub.com/QuantumNous/new-api/model/option.go:26 [33mSLOW SQL >= 200ms
[0m[31;1m[1480.653ms] [33m[rows:37][35m SELECT * FROM `options`[0m

2026/10/02 16:02:56 [32mgithub.com/QuantumNous/new-api/zsy/runninghub/queue.go:203 [33mSLOW SQL >= 200ms
[0m[31;1m[341.398ms] [33m[rows:0][35m SELECT * FROM `rh_queued_tasks` WHERE created_at < ? ORDER BY created_at asc LIMIT 50[0m

2026/10/02 16:03:02 [32mgithub.com/QuantumNous/new-api/model/system_task.go:362 [33mSLOW SQL >= 200ms
[0m[31;1m[993.817ms] [33m[rows:0][35m SELECT * FROM `system_task_locks` WHERE locked_until < ?[0m

2026/10/02 16:03:02 [32mgithub.com/QuantumNous/new-api/model/db_time.go:16 [33mSLOW SQL >= 200ms
[0m[31;1m[994.330ms] [33m[rows:1][35m SELECT UNIX_TIMESTAMP()[0m

2026/10/02 16:03:03 [32mgithub.com/QuantumNous/new-api/model/task.go:355 [33mSLOW SQL >= 200ms
[0m[31;1m[449.291ms] [33m[rows:0][35m SELECT `id` FROM `tasks` WHERE progress != ? AND status != ? AND status != ? LIMIT 1[0m

2026/10/02 16:03:03 [32mgithub.com/QuantumNous/new-api/model/system_task.go:216 [33mSLOW SQL >= 200ms
[0m[31;1m[233.828ms] [33m[rows:1][35m SELECT * FROM `system_tasks` WHERE id IN (SELECT MAX(id) FROM `system_tasks` WHERE type IN (?) GROUP BY `type`)[0m

2026/10/02 16:03:03 [32mgithub.com/QuantumNous/new-api/model/system_task.go:169 [33mSLOW SQL >= 200ms
[0m[31;1m[226.536ms] [33m[rows:0][35m SELECT * FROM `system_tasks` WHERE id IN (SELECT MIN(id) FROM `system_tasks` WHERE type IN (?,?,?,?,?) AND status = ? GROUP BY `type`)[0m

2026/10/02 16:03:03 [32mgithub.com/QuantumNous/new-api/zsy/runninghub/queue.go:203 [33mSLOW SQL >= 200ms
[0m[31;1m[2049.036ms] [33m[rows:0][35m SELECT * FROM `rh_queued_tasks` WHERE created_at < ? ORDER BY created_at asc LIMIT 50[0m

2026/10/02 16:03:03 [32mgithub.com/QuantumNous/new-api/model/subscription.go:1149 [33mSLOW SQL >= 200ms
[0m[31;1m[1054.433ms] [33m[rows:0][35m SELECT * FROM `user_subscriptions` WHERE status = ? AND end_time > 0 AND end_time <= ? ORDER BY end_time asc, id asc LIMIT 300[0m

2026/10/02 16:03:04 [32mgithub.com/QuantumNous/new-api/zsy/runninghub/queue.go:116 [33mSLOW SQL >= 200ms
[0m[31;1m[262.072ms] [33m[rows:0][35m SELECT * FROM `rh_queued_tasks` ORDER BY created_at asc, id asc LIMIT 20[0m

2026/10/02 16:03:04 [32mgithub.com/QuantumNous/new-api/model/db_time.go:16 [33mSLOW SQL >= 200ms
[0m[31;1m[261.528ms] [33m[rows:1][35m SELECT UNIX_TIMESTAMP()[0m

2026/10/02 16:03:04 [32mgithub.com/QuantumNous/new-api/model/system_instance.go:69 [33mSLOW SQL >= 200ms
[0m[31;1m[1847.493ms] [33m[rows:2][35m INSERT INTO `system_instances` (`node_name`,`info`,`started_at`,`last_seen_at`,`created_at`,`updated_at`) VALUES (?,?,?,?,?,?) ON DUPLICATE KEY UPDATE `info`=VALUES(`info`),`started_at`=VALUES(`started_at`),`last_seen_at`=VALUES(`last_seen_at`),`updated_at`=VALUES(`updated_at`)[0m

2026/10/02 16:03:04 [32mgithub.com/QuantumNous/new-api/model/subscription.go:1437 [33mSLOW SQL >= 200ms
[0m[31;1m[497.188ms] [33m[rows:0][35m SELECT * FROM `user_subscriptions` WHERE next_reset_time > 0 AND next_reset_time <= ? AND status = ? ORDER BY next_reset_time asc LIMIT 300[0m

2026/10/02 16:03:05 [32mgithub.com/QuantumNous/new-api/zsy/runninghub/queue.go:203 [33mSLOW SQL >= 200ms
[0m[31;1m[581.665ms] [33m[rows:0][35m SELECT * FROM `rh_queued_tasks` WHERE created_at < ? ORDER BY created_at asc LIMIT 50[0m

2026/10/02 16:03:06 [32mgithub.com/QuantumNous/new-api/zsy/runninghub/queue.go:116 [33mSLOW SQL >= 200ms
[0m[31;1m[1251.722ms] [33m[rows:0][35m SELECT * FROM `rh_queued_tasks` ORDER BY created_at asc, id asc LIMIT 20[0m

2026/10/02 16:03:08 [32mgithub.com/QuantumNous/new-api/zsy/runninghub/queue.go:116 [33mSLOW SQL >= 200ms
[0m[31;1m[829.067ms] [33m[rows:0][35m SELECT * FROM `rh_queued_tasks` ORDER BY created_at asc, id asc LIMIT 20[0m

2026/10/02 16:03:14 [32mgithub.com/QuantumNous/new-api/zsy/runninghub/queue.go:203 [33mSLOW SQL >= 200ms
[0m[31;1m[835.174ms] [33m[rows:0][35m SELECT * FROM `rh_queued_tasks` WHERE created_at < ? ORDER BY created_at asc LIMIT 50[0m

2026/10/02 16:03:15 [32mgithub.com/QuantumNous/new-api/zsy/runninghub/queue.go:116 [33mSLOW SQL >= 200ms
[0m[31;1m[695.793ms] [33m[rows:0][35m SELECT * FROM `rh_queued_tasks` ORDER BY created_at asc, id asc LIMIT 20[0m

2026/10/02 16:03:17 [32mgithub.com/QuantumNous/new-api/zsy/runninghub/queue.go:203 [33mSLOW SQL >= 200ms
[0m[31;1m[305.386ms] [33m[rows:0][35m SELECT * FROM `rh_queued_tasks` WHERE created_at < ? ORDER BY created_at asc LIMIT 50[0m

2026/10/02 16:03:17 [32mgithub.com/QuantumNous/new-api/model/midjourney.go:116 [33mSLOW SQL >= 200ms
[0m[31;1m[342.514ms] [33m[rows:0][35m SELECT `id` FROM `midjourneys` WHERE progress != ? LIMIT 1[0m

2026/10/02 16:03:17 [32mgithub.com/QuantumNous/new-api/zsy/runninghub/queue.go:116 [33mSLOW SQL >= 200ms
[0m[31;1m[380.167ms] [33m[rows:0][35m SELECT * FROM `rh_queued_tasks` ORDER BY created_at asc, id asc LIMIT 20[0m

2026/10/02 16:03:17 [32mgithub.com/QuantumNous/new-api/model/task.go:355 [33mSLOW SQL >= 200ms
[0m[31;1m[378.075ms] [33m[rows:0][35m SELECT `id` FROM `tasks` WHERE progress != ? AND status != ? AND status != ? LIMIT 1[0m

2026/10/02 16:03:18 [32mgithub.com/QuantumNous/new-api/model/system_task.go:216 [33mSLOW SQL >= 200ms
[0m[31;1m[698.000ms] [33m[rows:1][35m SELECT * FROM `system_tasks` WHERE id IN (SELECT MAX(id) FROM `system_tasks` WHERE type IN (?) GROUP BY `type`)[0m

2026/10/02 16:03:23 [32mgithub.com/QuantumNous/new-api/zsy/runninghub/queue.go:203 [33mSLOW SQL >= 200ms
[0m[31;1m[285.962ms] [33m[rows:0][35m SELECT * FROM `rh_queued_tasks` WHERE created_at < ? ORDER BY created_at asc LIMIT 50[0m

2026/10/02 16:03:23 [32mgithub.com/QuantumNous/new-api/zsy/runninghub/queue.go:116 [33mSLOW SQL >= 200ms
[0m[31;1m[362.177ms] [33m[rows:0][35m SELECT * FROM `rh_queued_tasks` ORDER BY created_at asc, id asc LIMIT 20[0m

2026/10/02 16:03:26 [32mgithub.com/QuantumNous/new-api/zsy/runninghub/queue.go:116 [33mSLOW SQL >= 200ms
[0m[31;1m[264.604ms] [33m[rows:0][35m SELECT * FROM `rh_queued_tasks` ORDER BY created_at asc, id asc LIMIT 20[0m

2026/10/02 16:03:32 [32mgithub.com/QuantumNous/new-api/model/system_task.go:362 [33mSLOW SQL >= 200ms
[0m[31;1m[434.558ms] [33m[rows:0][35m SELECT * FROM `system_task_locks` WHERE locked_until < ?[0m

2026/10/02 16:03:32 [32mgithub.com/QuantumNous/new-api/model/system_task.go:169 [33mSLOW SQL >= 200ms
[0m[31;1m[556.390ms] [33m[rows:0][35m SELECT * FROM `system_tasks` WHERE id IN (SELECT MIN(id) FROM `system_tasks` WHERE type IN (?,?,?,?,?) AND status = ? GROUP BY `type`)[0m

2026/10/02 16:03:33 [32mgithub.com/QuantumNous/new-api/model/system_instance.go:69 [33mSLOW SQL >= 200ms
[0m[31;1m[1276.254ms] [33m[rows:2][35m INSERT INTO `system_instances` (`node_name`,`info`,`started_at`,`last_seen_at`,`created_at`,`updated_at`) VALUES (?,?,?,?,?,?) ON DUPLICATE KEY UPDATE `info`=VALUES(`info`),`started_at`=VALUES(`started_at`),`last_seen_at`=VALUES(`last_seen_at`),`updated_at`=VALUES(`updated_at`)[0m

2026/10/02 16:03:37 [32mgithub.com/QuantumNous/new-api/zsy/runninghub/queue.go:203 [33mSLOW SQL >= 200ms
[0m[31;1m[228.518ms] [33m[rows:0][35m SELECT * FROM `rh_queued_tasks` WHERE created_at < ? ORDER BY created_at asc LIMIT 50[0m

2026/10/02 16:03:38 [32mgithub.com/QuantumNous/new-api/zsy/runninghub/queue.go:116 [33mSLOW SQL >= 200ms
[0m[31;1m[620.950ms] [33m[rows:0][35m SELECT * FROM `rh_queued_tasks` ORDER BY created_at asc, id asc LIMIT 20[0m

2026/10/02 16:03:41 [32mgithub.com/QuantumNous/new-api/zsy/runninghub/queue.go:203 [33mSLOW SQL >= 200ms
[0m[31;1m[368.494ms] [33m[rows:0][35m SELECT * FROM `rh_queued_tasks` WHERE created_at < ? ORDER BY created_at asc LIMIT 50[0m

2026/10/02 16:03:42 [32mgithub.com/QuantumNous/new-api/service/authz/adapter.go:23 [33mSLOW SQL >= 200ms
[0m[31;1m[540.902ms] [33m[rows:3][35m SELECT * FROM `casbin_rule` ORDER BY id asc[0m

2026/10/02 16:03:47 [32mgithub.com/QuantumNous/new-api/model/midjourney.go:116 [33mSLOW SQL >= 200ms
[0m[31;1m[657.448ms] [33m[rows:0][35m SELECT `id` FROM `midjourneys` WHERE progress != ? LIMIT 1[0m
[SYS] 2026/10/02 - 16:03:54 | syncing options from database 

2026/10/02 16:03:55 [32mgithub.com/QuantumNous/new-api/model/option.go:26 [33mSLOW SQL >= 200ms
[0m[31;1m[1380.677ms] [33m[rows:37][35m SELECT * FROM `options`[0m

2026/10/02 16:03:59 [32mgithub.com/QuantumNous/new-api/zsy/runninghub/queue.go:203 [33mSLOW SQL >= 200ms
[0m[31;1m[296.782ms] [33m[rows:0][35m SELECT * FROM `rh_queued_tasks` WHERE created_at < ? ORDER BY created_at asc LIMIT 50[0m

2026/10/02 16:03:59 [32mgithub.com/QuantumNous/new-api/zsy/runninghub/queue.go:116 [33mSLOW SQL >= 200ms
[0m[31;1m[369.640ms] [33m[rows:0][35m SELECT * FROM `rh_queued_tasks` ORDER BY created_at asc, id asc LIMIT 20[0m

2026/10/02 16:04:01 [32mgithub.com/QuantumNous/new-api/model/db_time.go:16 [33mSLOW SQL >= 200ms
[0m[31;1m[227.612ms] [33m[rows:1][35m SELECT UNIX_TIMESTAMP()[0m

2026/10/02 16:04:01 [32mgithub.com/QuantumNous/new-api/zsy/runninghub/queue.go:203 [33mSLOW SQL >= 200ms
[0m[31;1m[227.195ms] [33m[rows:0][35m SELECT * FROM `rh_queued_tasks` WHERE created_at < ? ORDER BY created_at asc LIMIT 50[0m

2026/10/02 16:04:02 [32mgithub.com/QuantumNous/new-api/model/subscription.go:1149 [33mSLOW SQL >= 200ms
[0m[31;1m[220.237ms] [33m[rows:0][35m SELECT * FROM `user_subscriptions` WHERE status = ? AND end_time > 0 AND end_time <= ? ORDER BY end_time asc, id asc LIMIT 300[0m

2026/10/02 16:04:02 [32mgithub.com/QuantumNous/new-api/model/system_instance.go:69 [33mSLOW SQL >= 200ms
[0m[31;1m[544.999ms] [33m[rows:2][35m INSERT INTO `system_instances` (`node_name`,`info`,`started_at`,`last_seen_at`,`created_at`,`updated_at`) VALUES (?,?,?,?,?,?) ON DUPLICATE KEY UPDATE `info`=VALUES(`info`),`started_at`=VALUES(`started_at`),`last_seen_at`=VALUES(`last_seen_at`),`updated_at`=VALUES(`updated_at`)[0m

2026/10/02 16:04:07 [32mgithub.com/QuantumNous/new-api/zsy/runninghub/queue.go:203 [33mSLOW SQL >= 200ms
[0m[31;1m[2890.696ms] [33m[rows:0][35m SELECT * FROM `rh_queued_tasks` WHERE created_at < ? ORDER BY created_at asc LIMIT 50[0m

2026/10/02 16:04:07 [32mgithub.com/QuantumNous/new-api/zsy/runninghub/queue.go:116 [33mSLOW SQL >= 200ms
[0m[31;1m[223.300ms] [33m[rows:0][35m SELECT * FROM `rh_queued_tasks` ORDER BY created_at asc, id asc LIMIT 20[0m

2026/10/02 16:04:08 [32mgithub.com/QuantumNous/new-api/zsy/runninghub/queue.go:203 [33mSLOW SQL >= 200ms
[0m[31;1m[205.374ms] [33m[rows:0][35m SELECT * FROM `rh_queued_tasks` WHERE created_at < ? ORDER BY created_at asc LIMIT 50[0m

2026/10/02 16:04:11 [32mgithub.com/QuantumNous/new-api/zsy/runninghub/queue.go:116 [33mSLOW SQL >= 200ms
[0m[31;1m[342.405ms] [33m[rows:0][35m SELECT * FROM `rh_queued_tasks` ORDER BY created_at asc, id asc LIMIT 20[0m

2026/10/02 16:04:14 [32mgithub.com/QuantumNous/new-api/zsy/runninghub/queue.go:116 [33mSLOW SQL >= 200ms
[0m[31;1m[224.523ms] [33m[rows:0][35m SELECT * FROM `rh_queued_tasks` ORDER BY created_at asc, id asc LIMIT 20[0m

2026/10/02 16:04:17 [32mgithub.com/QuantumNous/new-api/model/system_task.go:362 [33mSLOW SQL >= 200ms
[0m[31;1m[570.307ms] [33m[rows:0][35m SELECT * FROM `system_task_locks` WHERE locked_until < ?[0m

2026/10/02 16:04:20 [32mgithub.com/QuantumNous/new-api/zsy/runninghub/queue.go:203 [33mSLOW SQL >= 200ms
[0m[31;1m[266.441ms] [33m[rows:0][35m SELECT * FROM `rh_queued_tasks` WHERE created_at < ? ORDER BY created_at asc LIMIT 50[0m

2026/10/02 16:04:20 [32mgithub.com/QuantumNous/new-api/zsy/runninghub/queue.go:116 [33mSLOW SQL >= 200ms
[0m[31;1m[483.202ms] [33m[rows:0][35m SELECT * FROM `rh_queued_tasks` ORDER BY created_at asc, id asc LIMIT 20[0m

2026/10/02 16:04:32 [32mgithub.com/QuantumNous/new-api/model/system_task.go:169 [33mSLOW SQL >= 200ms
[0m[31;1m[250.986ms] [33m[rows:0][35m SELECT * FROM `system_tasks` WHERE id IN (SELECT MIN(id) FROM `system_tasks` WHERE type IN (?,?,?,?,?) AND status = ? GROUP BY `type`)[0m

2026/10/02 16:04:32 [32mgithub.com/QuantumNous/new-api/model/system_instance.go:69 [33mSLOW SQL >= 200ms
[0m[31;1m[547.648ms] [33m[rows:2][35m INSERT INTO `system_instances` (`node_name`,`info`,`started_at`,`last_seen_at`,`created_at`,`updated_at`) VALUES (?,?,?,?,?,?) ON DUPLICATE KEY UPDATE `info`=VALUES(`info`),`started_at`=VALUES(`started_at`),`last_seen_at`=VALUES(`last_seen_at`),`updated_at`=VALUES(`updated_at`)[0m

2026/10/02 16:04:43 [32mgithub.com/QuantumNous/new-api/service/authz/adapter.go:23 [33mSLOW SQL >= 200ms
[0m[31;1m[915.069ms] [33m[rows:3][35m SELECT * FROM `casbin_rule` ORDER BY id asc[0m

2026/10/02 16:04:47 [32mgithub.com/QuantumNous/new-api/model/system_task.go:362 [33mSLOW SQL >= 200ms
[0m[31;1m[595.586ms] [33m[rows:0][35m SELECT * FROM `system_task_locks` WHERE locked_until < ?[0m

2026/10/02 16:04:47 [32mgithub.com/QuantumNous/new-api/zsy/runninghub/queue.go:203 [33mSLOW SQL >= 200ms
[0m[31;1m[596.265ms] [33m[rows:0][35m SELECT * FROM `rh_queued_tasks` WHERE created_at < ? ORDER BY created_at asc LIMIT 50[0m

2026/10/02 16:04:47 [32mgithub.com/QuantumNous/new-api/zsy/runninghub/queue.go:116 [33mSLOW SQL >= 200ms
[0m[31;1m[420.342ms] [33m[rows:0][35m SELECT * FROM `rh_queued_tasks` ORDER BY created_at asc, id asc LIMIT 20[0m

2026/10/02 16:04:49 [32mgithub.com/QuantumNous/new-api/model/midjourney.go:116 [33mSLOW SQL >= 200ms
[0m[31;1m[1807.786ms] [33m[rows:0][35m SELECT `id` FROM `midjourneys` WHERE progress != ? LIMIT 1[0m

2026/10/02 16:04:49 [32mgithub.com/QuantumNous/new-api/model/task.go:355 [33mSLOW SQL >= 200ms
[0m[31;1m[475.718ms] [33m[rows:0][35m SELECT `id` FROM `tasks` WHERE progress != ? AND status != ? AND status != ? LIMIT 1[0m

2026/10/02 16:04:50 [32mgithub.com/QuantumNous/new-api/zsy/runninghub/queue.go:203 [33mSLOW SQL >= 200ms
[0m[31;1m[252.289ms] [33m[rows:0][35m SELECT * FROM `rh_queued_tasks` WHERE created_at < ? ORDER BY created_at asc LIMIT 50[0m

2026/10/02 16:04:50 [32mgithub.com/QuantumNous/new-api/model/system_task.go:216 [33mSLOW SQL >= 200ms
[0m[31;1m[387.095ms] [33m[rows:1][35m SELECT * FROM `system_tasks` WHERE id IN (SELECT MAX(id) FROM `system_tasks` WHERE type IN (?) GROUP BY `type`)[0m

2026/10/02 16:04:50 [32mgithub.com/QuantumNous/new-api/zsy/runninghub/queue.go:116 [33mSLOW SQL >= 200ms
[0m[31;1m[542.790ms] [33m[rows:0][35m SELECT * FROM `rh_queued_tasks` ORDER BY created_at asc, id asc LIMIT 20[0m

2026/10/02 16:04:51 [32mgithub.com/QuantumNous/new-api/model/system_task.go:115 [33mSLOW SQL >= 200ms
[0m[31;1m[1336.500ms] [33m[rows:1][35m INSERT INTO `system_tasks` (`task_id`,`type`,`status`,`active_key`,`payload`,`state`,`result`,`error`,`locked_by`,`created_at`,`updated_at`) VALUES (?,?,?,?,?,?,?,?,?,?,?)[0m

2026/10/02 16:04:51 [32mgithub.com/QuantumNous/new-api/model/system_task.go:276 [33mSLOW SQL >= 200ms
[0m[31;1m[301.470ms] [33m[rows:1][35m INSERT INTO `system_task_locks` (`type`,`task_id`,`locked_by`,`locked_until`,`updated_at`) VALUES (?,?,?,?,?)[0m

2026/10/02 16:04:52 [32mgithub.com/QuantumNous/new-api/model/system_task.go:248 [33mSLOW SQL >= 200ms
[0m[31;1m[312.287ms] [33m[rows:1][35m UPDATE `system_tasks` SET `locked_by`=?,`status`=?,`updated_at`=? WHERE id = ? AND type = ? AND status = ?[0m

2026/10/02 16:04:52 [32mgithub.com/QuantumNous/new-api/model/system_task.go:262 [33mSLOW SQL >= 200ms
[0m[31;1m[215.682ms] [33m[rows:1][35m SELECT * FROM `system_tasks` WHERE id = ? AND `system_tasks`.`id` = ? ORDER BY `system_tasks`.`id` LIMIT 1[0m

2026/10/02 16:04:52 [32mgithub.com/QuantumNous/new-api/controller/channel_upstream_update.go:696 [33mSLOW SQL >= 200ms
[0m[31;1m[311.671ms] [33m[rows:1][35m SELECT count(*) FROM `channels` WHERE status = ?[0m

2026/10/02 16:04:53 [32mgithub.com/QuantumNous/new-api/zsy/runninghub/queue.go:116 [33mSLOW SQL >= 200ms
[0m[31;1m[437.304ms] [33m[rows:0][35m SELECT * FROM `rh_queued_tasks` ORDER BY created_at asc, id asc LIMIT 20[0m
[SYS] 2026/10/02 - 16:04:55 | syncing options from database 

2026/10/02 16:04:56 [32mgithub.com/QuantumNous/new-api/controller/channel_upstream_update.go:716 [33mSLOW SQL >= 200ms
[0m[31;1m[3473.521ms] [33m[rows:29][35m SELECT `id`,`name`,`type`,`key`,`status`,`base_url`,`models`,`model_mapping`,`settings`,`setting`,`other`,`group`,`priority`,`weight`,`tag`,`channel_info`,`header_override` FROM `channels` WHERE status = ? ORDER BY id asc LIMIT 100[0m

2026/10/02 16:04:56 [32mgithub.com/QuantumNous/new-api/model/option.go:26 [33mSLOW SQL >= 200ms
[0m[31;1m[702.654ms] [33m[rows:37][35m SELECT * FROM `options`[0m

2026/10/02 16:04:57 [32mgithub.com/QuantumNous/new-api/zsy/runninghub/queue.go:203 [33mSLOW SQL >= 200ms
[0m[31;1m[1537.645ms] [33m[rows:0][35m SELECT * FROM `rh_queued_tasks` WHERE created_at < ? ORDER BY created_at asc LIMIT 50[0m

2026/10/02 16:04:57 [32mgithub.com/QuantumNous/new-api/zsy/runninghub/queue.go:116 [33mSLOW SQL >= 200ms
[0m[31;1m[312.163ms] [33m[rows:0][35m SELECT * FROM `rh_queued_tasks` ORDER BY created_at asc, id asc LIMIT 20[0m

2026/10/02 16:04:57 [32mgithub.com/QuantumNous/new-api/model/system_task.go:318 [33mSLOW SQL >= 200ms
[0m[31;1m[1374.232ms] [33m[rows:1][35m UPDATE `system_tasks` SET `state`=?,`updated_at`=? WHERE (task_id = ? AND status = ? AND locked_by = ?) AND (EXISTS (SELECT 1 FROM system_task_locks WHERE system_task_locks.task_id = system_tasks.task_id AND system_task_locks.locked_by = ? AND system_task_locks.locked_until >= ?))[0m

2026/10/02 16:04:59 [32mgithub.com/QuantumNous/new-api/zsy/runninghub/queue.go:203 [33mSLOW SQL >= 200ms
[0m[31;1m[430.380ms] [33m[rows:0][35m SELECT * FROM `rh_queued_tasks` WHERE created_at < ? ORDER BY created_at asc LIMIT 50[0m

2026/10/02 16:05:01 [32mgithub.com/QuantumNous/new-api/controller/channel_upstream_update.go:499 [33mSLOW SQL >= 200ms
[0m[31;1m[1556.833ms] [33m[rows:1][35m UPDATE `channels` SET `settings`=? WHERE id = ?[0m

2026/10/02 16:05:03 [32mgithub.com/QuantumNous/new-api/model/db_time.go:16 [33mSLOW SQL >= 200ms
[0m[31;1m[1568.740ms] [33m[rows:1][35m SELECT UNIX_TIMESTAMP()[0m

2026/10/02 16:05:03 [32mgithub.com/QuantumNous/new-api/model/system_task.go:318 [33mSLOW SQL >= 200ms
[0m[31;1m[2116.849ms] [33m[rows:1][35m UPDATE `system_tasks` SET `state`=?,`updated_at`=? WHERE (task_id = ? AND status = ? AND locked_by = ?) AND (EXISTS (SELECT 1 FROM system_task_locks WHERE system_task_locks.task_id = system_tasks.task_id AND system_task_locks.locked_by = ? AND system_task_locks.locked_until >= ?))[0m

2026/10/02 16:05:03 [32mgithub.com/QuantumNous/new-api/model/subscription.go:1149 [33mSLOW SQL >= 200ms
[0m[31;1m[510.513ms] [33m[rows:0][35m SELECT * FROM `user_subscriptions` WHERE status = ? AND end_time > 0 AND end_time <= ? ORDER BY end_time asc, id asc LIMIT 300[0m

2026/10/02 16:05:04 [32mgithub.com/QuantumNous/new-api/model/db_time.go:16 [33mSLOW SQL >= 200ms
[0m[31;1m[369.923ms] [33m[rows:1][35m SELECT UNIX_TIMESTAMP()[0m

2026/10/02 16:05:04 [32mgithub.com/QuantumNous/new-api/model/system_instance.go:69 [33mSLOW SQL >= 200ms
[0m[31;1m[1990.735ms] [33m[rows:2][35m INSERT INTO `system_instances` (`node_name`,`info`,`started_at`,`last_seen_at`,`created_at`,`updated_at`) VALUES (?,?,?,?,?,?) ON DUPLICATE KEY UPDATE `info`=VALUES(`info`),`started_at`=VALUES(`started_at`),`last_seen_at`=VALUES(`last_seen_at`),`updated_at`=VALUES(`updated_at`)[0m

2026/10/02 16:05:04 [32mgithub.com/QuantumNous/new-api/model/system_task.go:318 [33mSLOW SQL >= 200ms
[0m[31;1m[1146.280ms] [33m[rows:1][35m UPDATE `system_tasks` SET `state`=?,`updated_at`=? WHERE (task_id = ? AND status = ? AND locked_by = ?) AND (EXISTS (SELECT 1 FROM system_task_locks WHERE system_task_locks.task_id = system_tasks.task_id AND system_task_locks.locked_by = ? AND system_task_locks.locked_until >= ?))[0m

2026/10/02 16:05:04 [32mgithub.com/QuantumNous/new-api/zsy/runninghub/queue.go:203 [33mSLOW SQL >= 200ms
[0m[31;1m[2808.960ms] [33m[rows:0][35m SELECT * FROM `rh_queued_tasks` WHERE created_at < ? ORDER BY created_at asc LIMIT 50[0m

2026/10/02 16:05:04 [32mgithub.com/QuantumNous/new-api/model/subscription.go:1437 [33mSLOW SQL >= 200ms
[0m[31;1m[371.454ms] [33m[rows:0][35m SELECT * FROM `user_subscriptions` WHERE next_reset_time > 0 AND next_reset_time <= ? AND status = ? ORDER BY next_reset_time asc LIMIT 300[0m

2026/10/02 16:05:06 [32mgithub.com/QuantumNous/new-api/controller/channel_upstream_update.go:499 [33mSLOW SQL >= 200ms
[0m[31;1m[1671.015ms] [33m[rows:1][35m UPDATE `channels` SET `settings`=? WHERE id = ?[0m

2026/10/02 16:05:08 [32mgithub.com/QuantumNous/new-api/model/system_task.go:318 [33mSLOW SQL >= 200ms
[0m[31;1m[1743.422ms] [33m[rows:1][35m UPDATE `system_tasks` SET `state`=?,`updated_at`=? WHERE (task_id = ? AND status = ? AND locked_by = ?) AND (EXISTS (SELECT 1 FROM system_task_locks WHERE system_task_locks.task_id = system_tasks.task_id AND system_task_locks.locked_by = ? AND system_task_locks.locked_until >= ?))[0m

2026/10/02 16:05:11 [32mgithub.com/QuantumNous/new-api/zsy/runninghub/queue.go:116 [33mSLOW SQL >= 200ms
[0m[31;1m[582.354ms] [33m[rows:0][35m SELECT * FROM `rh_queued_tasks` ORDER BY created_at asc, id asc LIMIT 20[0m

2026/10/02 16:05:11 [32mgithub.com/QuantumNous/new-api/controller/channel_upstream_update.go:499 [33mSLOW SQL >= 200ms
[0m[31;1m[2073.080ms] [33m[rows:1][35m UPDATE `channels` SET `settings`=? WHERE id = ?[0m

2026/10/02 16:05:12 [32mgithub.com/QuantumNous/new-api/model/system_task.go:318 [33mSLOW SQL >= 200ms
[0m[31;1m[846.935ms] [33m[rows:1][35m UPDATE `system_tasks` SET `state`=?,`updated_at`=? WHERE (task_id = ? AND status = ? AND locked_by = ?) AND (EXISTS (SELECT 1 FROM system_task_locks WHERE system_task_locks.task_id = system_tasks.task_id AND system_task_locks.locked_by = ? AND system_task_locks.locked_until >= ?))[0m

2026/10/02 16:05:13 [32mgithub.com/QuantumNous/new-api/zsy/runninghub/queue.go:203 [33mSLOW SQL >= 200ms
[0m[31;1m[236.219ms] [33m[rows:0][35m SELECT * FROM `rh_queued_tasks` WHERE created_at < ? ORDER BY created_at asc LIMIT 50[0m

2026/10/02 16:05:14 [32mgithub.com/QuantumNous/new-api/zsy/runninghub/queue.go:116 [33mSLOW SQL >= 200ms
[0m[31;1m[546.707ms] [33m[rows:0][35m SELECT * FROM `rh_queued_tasks` ORDER BY created_at asc, id asc LIMIT 20[0m

2026/10/02 16:05:14 [32mgithub.com/QuantumNous/new-api/model/system_task.go:335 [33mSLOW SQL >= 200ms
[0m[31;1m[2090.485ms] [33m[rows:1][35m UPDATE `system_task_locks` SET `locked_until`=?,`updated_at`=? WHERE task_id = ? AND locked_by = ? AND locked_until >= ?[0m

2026/10/02 16:05:15 [32mgithub.com/QuantumNous/new-api/controller/channel_upstream_update.go:499 [33mSLOW SQL >= 200ms
[0m[31;1m[3081.195ms] [33m[rows:1][35m UPDATE `channels` SET `settings`=? WHERE id = ?[0m

2026/10/02 16:05:17 [32mgithub.com/QuantumNous/new-api/model/system_task.go:318 [33mSLOW SQL >= 200ms
[0m[31;1m[1361.377ms] [33m[rows:1][35m UPDATE `system_tasks` SET `state`=?,`updated_at`=? WHERE (task_id = ? AND status = ? AND locked_by = ?) AND (EXISTS (SELECT 1 FROM system_task_locks WHERE system_task_locks.task_id = system_tasks.task_id AND system_task_locks.locked_by = ? AND system_task_locks.locked_until >= ?))[0m

2026/10/02 16:05:17 [32mgithub.com/QuantumNous/new-api/zsy/runninghub/queue.go:203 [33mSLOW SQL >= 200ms
[0m[31;1m[726.378ms] [33m[rows:0][35m SELECT * FROM `rh_queued_tasks` WHERE created_at < ? ORDER BY created_at asc LIMIT 50[0m

2026/10/02 16:05:19 [32mgithub.com/QuantumNous/new-api/controller/channel_upstream_update.go:499 [33mSLOW SQL >= 200ms
[0m[31;1m[892.757ms] [33m[rows:1][35m UPDATE `channels` SET `settings`=? WHERE id = ?[0m

2026/10/02 16:05:19 [32mgithub.com/QuantumNous/new-api/zsy/runninghub/queue.go:203 [33mSLOW SQL >= 200ms
[0m[31;1m[211.407ms] [33m[rows:0][35m SELECT * FROM `rh_queued_tasks` WHERE created_at < ? ORDER BY created_at asc LIMIT 50[0m

2026/10/02 16:05:20 [32mgithub.com/QuantumNous/new-api/zsy/runninghub/queue.go:116 [33mSLOW SQL >= 200ms
[0m[31;1m[265.018ms] [33m[rows:0][35m SELECT * FROM `rh_queued_tasks` ORDER BY created_at asc, id asc LIMIT 20[0m

2026/10/02 16:05:21 [32mgithub.com/QuantumNous/new-api/model/system_task.go:318 [33mSLOW SQL >= 200ms
[0m[31;1m[2419.869ms] [33m[rows:1][35m UPDATE `system_tasks` SET `state`=?,`updated_at`=? WHERE (task_id = ? AND status = ? AND locked_by = ?) AND (EXISTS (SELECT 1 FROM system_task_locks WHERE system_task_locks.task_id = system_tasks.task_id AND system_task_locks.locked_by = ? AND system_task_locks.locked_until >= ?))[0m

2026/10/02 16:05:23 [32mgithub.com/QuantumNous/new-api/zsy/runninghub/queue.go:203 [33mSLOW SQL >= 200ms
[0m[31;1m[361.171ms] [33m[rows:0][35m SELECT * FROM `rh_queued_tasks` WHERE created_at < ? ORDER BY created_at asc LIMIT 50[0m

2026/10/02 16:05:23 [32mgithub.com/QuantumNous/new-api/controller/channel_upstream_update.go:499 [33mSLOW SQL >= 200ms
[0m[31;1m[1519.597ms] [33m[rows:1][35m UPDATE `channels` SET `settings`=? WHERE id = ?[0m

2026/10/02 16:05:23 [32mgithub.com/QuantumNous/new-api/zsy/runninghub/queue.go:116 [33mSLOW SQL >= 200ms
[0m[31;1m[465.163ms] [33m[rows:0][35m SELECT * FROM `rh_queued_tasks` ORDER BY created_at asc, id asc LIMIT 20[0m

2026/10/02 16:05:24 [32mgithub.com/QuantumNous/new-api/model/system_task.go:318 [33mSLOW SQL >= 200ms
[0m[31;1m[634.657ms] [33m[rows:1][35m UPDATE `system_tasks` SET `state`=?,`updated_at`=? WHERE (task_id = ? AND status = ? AND locked_by = ?) AND (EXISTS (SELECT 1 FROM system_task_locks WHERE system_task_locks.task_id = system_tasks.task_id AND system_task_locks.locked_by = ? AND system_task_locks.locked_until >= ?))[0m

2026/10/02 16:05:25 [32mgithub.com/QuantumNous/new-api/controller/channel_upstream_update.go:499 [33mSLOW SQL >= 200ms
[0m[31;1m[997.773ms] [33m[rows:1][35m UPDATE `channels` SET `settings`=? WHERE id = ?[0m

2026/10/02 16:05:26 [32mgithub.com/QuantumNous/new-api/model/system_task.go:318 [33mSLOW SQL >= 200ms
[0m[31;1m[604.155ms] [33m[rows:1][35m UPDATE `system_tasks` SET `state`=?,`updated_at`=? WHERE (task_id = ? AND status = ? AND locked_by = ?) AND (EXISTS (SELECT 1 FROM system_task_locks WHERE system_task_locks.task_id = system_tasks.task_id AND system_task_locks.locked_by = ? AND system_task_locks.locked_until >= ?))[0m

2026/10/02 16:05:27 [32mgithub.com/QuantumNous/new-api/controller/channel_upstream_update.go:499 [33mSLOW SQL >= 200ms
[0m[31;1m[631.566ms] [33m[rows:1][35m UPDATE `channels` SET `settings`=? WHERE id = ?[0m

2026/10/02 16:05:28 [32mgithub.com/QuantumNous/new-api/model/system_task.go:318 [33mSLOW SQL >= 200ms
[0m[31;1m[354.318ms] [33m[rows:1][35m UPDATE `system_tasks` SET `state`=?,`updated_at`=? WHERE (task_id = ? AND status = ? AND locked_by = ?) AND (EXISTS (SELECT 1 FROM system_task_locks WHERE system_task_locks.task_id = system_tasks.task_id AND system_task_locks.locked_by = ? AND system_task_locks.locked_until >= ?))[0m

2026/10/02 16:05:28 [32mgithub.com/QuantumNous/new-api/controller/channel_upstream_update.go:499 [33mSLOW SQL >= 200ms
[0m[31;1m[421.084ms] [33m[rows:1][35m UPDATE `channels` SET `settings`=? WHERE id = ?[0m

2026/10/02 16:05:29 [32mgithub.com/QuantumNous/new-api/zsy/runninghub/queue.go:116 [33mSLOW SQL >= 200ms
[0m[31;1m[205.217ms] [33m[rows:0][35m SELECT * FROM `rh_queued_tasks` ORDER BY created_at asc, id asc LIMIT 20[0m

2026/10/02 16:05:30 [32mgithub.com/QuantumNous/new-api/controller/channel_upstream_update.go:499 [33mSLOW SQL >= 200ms
[0m[31;1m[1422.085ms] [33m[rows:1][35m UPDATE `channels` SET `settings`=? WHERE id = ?[0m

2026/10/02 16:05:31 [32mgithub.com/QuantumNous/new-api/model/system_task.go:318 [33mSLOW SQL >= 200ms
[0m[31;1m[803.284ms] [33m[rows:1][35m UPDATE `system_tasks` SET `state`=?,`updated_at`=? WHERE (task_id = ? AND status = ? AND locked_by = ?) AND (EXISTS (SELECT 1 FROM system_task_locks WHERE system_task_locks.task_id = system_tasks.task_id AND system_task_locks.locked_by = ? AND system_task_locks.locked_until >= ?))[0m

2026/10/02 16:05:32 [32mgithub.com/QuantumNous/new-api/zsy/runninghub/queue.go:203 [33mSLOW SQL >= 200ms
[0m[31;1m[530.450ms] [33m[rows:0][35m SELECT * FROM `rh_queued_tasks` WHERE created_at < ? ORDER BY created_at asc LIMIT 50[0m

2026/10/02 16:05:32 [32mgithub.com/QuantumNous/new-api/model/system_task.go:362 [33mSLOW SQL >= 200ms
[0m[31;1m[835.531ms] [33m[rows:0][35m SELECT * FROM `system_task_locks` WHERE locked_until < ?[0m

2026/10/02 16:05:32 [32mgithub.com/QuantumNous/new-api/zsy/runninghub/queue.go:116 [33mSLOW SQL >= 200ms
[0m[31;1m[304.551ms] [33m[rows:0][35m SELECT * FROM `rh_queued_tasks` ORDER BY created_at asc, id asc LIMIT 20[0m

2026/10/02 16:05:33 [32mgithub.com/QuantumNous/new-api/model/system_task.go:169 [33mSLOW SQL >= 200ms
[0m[31;1m[1124.435ms] [33m[rows:0][35m SELECT * FROM `system_tasks` WHERE id IN (SELECT MIN(id) FROM `system_tasks` WHERE type IN (?,?,?,?,?) AND status = ? GROUP BY `type`)[0m

2026/10/02 16:05:34 [32mgithub.com/QuantumNous/new-api/controller/channel_upstream_update.go:499 [33mSLOW SQL >= 200ms
[0m[31;1m[2140.715ms] [33m[rows:1][35m UPDATE `channels` SET `settings`=? WHERE id = ?[0m

2026/10/02 16:05:35 [32mgithub.com/QuantumNous/new-api/model/system_task.go:318 [33mSLOW SQL >= 200ms
[0m[31;1m[376.160ms] [33m[rows:1][35m UPDATE `system_tasks` SET `state`=?,`updated_at`=? WHERE (task_id = ? AND status = ? AND locked_by = ?) AND (EXISTS (SELECT 1 FROM system_task_locks WHERE system_task_locks.task_id = system_tasks.task_id AND system_task_locks.locked_by = ? AND system_task_locks.locked_until >= ?))[0m

2026/10/02 16:05:36 [32mgithub.com/QuantumNous/new-api/controller/channel_upstream_update.go:499 [33mSLOW SQL >= 200ms
[0m[31;1m[967.589ms] [33m[rows:1][35m UPDATE `channels` SET `settings`=? WHERE id = ?[0m

2026/10/02 16:05:37 [32mgithub.com/QuantumNous/new-api/model/system_task.go:335 [33mSLOW SQL >= 200ms
[0m[31;1m[4919.532ms] [33m[rows:1][35m UPDATE `system_task_locks` SET `locked_until`=?,`updated_at`=? WHERE task_id = ? AND locked_by = ? AND locked_until >= ?[0m

2026/10/02 16:05:37 [32mgithub.com/QuantumNous/new-api/controller/channel_upstream_update.go:499 [33mSLOW SQL >= 200ms
[0m[31;1m[809.654ms] [33m[rows:1][35m UPDATE `channels` SET `settings`=? WHERE id = ?[0m

2026/10/02 16:05:38 [32mgithub.com/QuantumNous/new-api/model/system_task.go:318 [33mSLOW SQL >= 200ms
[0m[31;1m[649.988ms] [33m[rows:1][35m UPDATE `system_tasks` SET `state`=?,`updated_at`=? WHERE (task_id = ? AND status = ? AND locked_by = ?) AND (EXISTS (SELECT 1 FROM system_task_locks WHERE system_task_locks.task_id = system_tasks.task_id AND system_task_locks.locked_by = ? AND system_task_locks.locked_until >= ?))[0m

2026/10/02 16:05:38 [32mgithub.com/QuantumNous/new-api/zsy/runninghub/queue.go:203 [33mSLOW SQL >= 200ms
[0m[31;1m[443.843ms] [33m[rows:0][35m SELECT * FROM `rh_queued_tasks` WHERE created_at < ? ORDER BY created_at asc LIMIT 50[0m

2026/10/02 16:05:38 [32mgithub.com/QuantumNous/new-api/model/system_instance.go:69 [33mSLOW SQL >= 200ms
[0m[31;1m[6142.587ms] [33m[rows:2][35m INSERT INTO `system_instances` (`node_name`,`info`,`started_at`,`last_seen_at`,`created_at`,`updated_at`) VALUES (?,?,?,?,?,?) ON DUPLICATE KEY UPDATE `info`=VALUES(`info`),`started_at`=VALUES(`started_at`),`last_seen_at`=VALUES(`last_seen_at`),`updated_at`=VALUES(`updated_at`)[0m

2026/10/02 16:05:39 [32mgithub.com/QuantumNous/new-api/controller/channel_upstream_update.go:499 [33mSLOW SQL >= 200ms
[0m[31;1m[1377.246ms] [33m[rows:1][35m UPDATE `channels` SET `settings`=? WHERE id = ?[0m

2026/10/02 16:05:40 [32mgithub.com/QuantumNous/new-api/zsy/runninghub/queue.go:116 [33mSLOW SQL >= 200ms
[0m[31;1m[2048.939ms] [33m[rows:0][35m SELECT * FROM `rh_queued_tasks` ORDER BY created_at asc, id asc LIMIT 20[0m

2026/10/02 16:05:40 [32mgithub.com/QuantumNous/new-api/model/system_task.go:318 [33mSLOW SQL >= 200ms
[0m[31;1m[971.388ms] [33m[rows:1][35m UPDATE `system_tasks` SET `state`=?,`updated_at`=? WHERE (task_id = ? AND status = ? AND locked_by = ?) AND (EXISTS (SELECT 1 FROM system_task_locks WHERE system_task_locks.task_id = system_tasks.task_id AND system_task_locks.locked_by = ? AND system_task_locks.locked_until >= ?))[0m

2026/10/02 16:05:41 [32mgithub.com/QuantumNous/new-api/zsy/runninghub/queue.go:116 [33mSLOW SQL >= 200ms
[0m[31;1m[548.675ms] [33m[rows:0][35m SELECT * FROM `rh_queued_tasks` ORDER BY created_at asc, id asc LIMIT 20[0m

2026/10/02 16:05:42 [32mgithub.com/QuantumNous/new-api/controller/channel_upstream_update.go:499 [33mSLOW SQL >= 200ms
[0m[31;1m[1248.737ms] [33m[rows:1][35m UPDATE `channels` SET `settings`=? WHERE id = ?[0m

2026/10/02 16:05:43 [32mgithub.com/QuantumNous/new-api/model/system_task.go:318 [33mSLOW SQL >= 200ms
[0m[31;1m[424.714ms] [33m[rows:1][35m UPDATE `system_tasks` SET `state`=?,`updated_at`=? WHERE (task_id = ? AND status = ? AND locked_by = ?) AND (EXISTS (SELECT 1 FROM system_task_locks WHERE system_task_locks.task_id = system_tasks.task_id AND system_task_locks.locked_by = ? AND system_task_locks.locked_until >= ?))[0m

2026/10/02 16:05:44 [32mgithub.com/QuantumNous/new-api/service/authz/adapter.go:23 [33mSLOW SQL >= 200ms
[0m[31;1m[367.765ms] [33m[rows:3][35m SELECT * FROM `casbin_rule` ORDER BY id asc[0m

2026/10/02 16:05:44 [32mgithub.com/QuantumNous/new-api/zsy/runninghub/queue.go:203 [33mSLOW SQL >= 200ms
[0m[31;1m[281.258ms] [33m[rows:0][35m SELECT * FROM `rh_queued_tasks` WHERE created_at < ? ORDER BY created_at asc LIMIT 50[0m

2026/10/02 16:05:44 [32mgithub.com/QuantumNous/new-api/controller/channel_upstream_update.go:499 [33mSLOW SQL >= 200ms
[0m[31;1m[652.029ms] [33m[rows:1][35m UPDATE `channels` SET `settings`=? WHERE id = ?[0m

2026/10/02 16:05:45 [32mgithub.com/QuantumNous/new-api/controller/channel_upstream_update.go:499 [33mSLOW SQL >= 200ms
[0m[31;1m[342.382ms] [33m[rows:1][35m UPDATE `channels` SET `settings`=? WHERE id = ?[0m

2026/10/02 16:05:46 [32mgithub.com/QuantumNous/new-api/model/system_task.go:318 [33mSLOW SQL >= 200ms
[0m[31;1m[334.202ms] [33m[rows:1][35m UPDATE `system_tasks` SET `state`=?,`updated_at`=? WHERE (task_id = ? AND status = ? AND locked_by = ?) AND (EXISTS (SELECT 1 FROM system_task_locks WHERE system_task_locks.task_id = system_tasks.task_id AND system_task_locks.locked_by = ? AND system_task_locks.locked_until >= ?))[0m

2026/10/02 16:05:47 [32mgithub.com/QuantumNous/new-api/controller/channel_upstream_update.go:499 [33mSLOW SQL >= 200ms
[0m[31;1m[653.375ms] [33m[rows:1][35m UPDATE `channels` SET `settings`=? WHERE id = ?[0m

2026/10/02 16:05:47 [32mgithub.com/QuantumNous/new-api/model/midjourney.go:116 [33mSLOW SQL >= 200ms
[0m[31;1m[556.508ms] [33m[rows:0][35m SELECT `id` FROM `midjourneys` WHERE progress != ? LIMIT 1[0m

2026/10/02 16:05:47 [32mgithub.com/QuantumNous/new-api/zsy/runninghub/queue.go:203 [33mSLOW SQL >= 200ms
[0m[31;1m[557.058ms] [33m[rows:0][35m SELECT * FROM `rh_queued_tasks` WHERE created_at < ? ORDER BY created_at asc LIMIT 50[0m

2026/10/02 16:05:47 [32mgithub.com/QuantumNous/new-api/zsy/runninghub/queue.go:116 [33mSLOW SQL >= 200ms
[0m[31;1m[435.849ms] [33m[rows:0][35m SELECT * FROM `rh_queued_tasks` ORDER BY created_at asc, id asc LIMIT 20[0m

2026/10/02 16:05:48 [32mgithub.com/QuantumNous/new-api/model/task.go:355 [33mSLOW SQL >= 200ms
[0m[31;1m[701.691ms] [33m[rows:0][35m SELECT `id` FROM `tasks` WHERE progress != ? AND status != ? AND status != ? LIMIT 1[0m

2026/10/02 16:05:48 [32mgithub.com/QuantumNous/new-api/model/system_task.go:216 [33mSLOW SQL >= 200ms
[0m[31;1m[959.705ms] [33m[rows:1][35m SELECT * FROM `system_tasks` WHERE id IN (SELECT MAX(id) FROM `system_tasks` WHERE type IN (?) GROUP BY `type`)[0m

2026/10/02 16:05:49 [32mgithub.com/QuantumNous/new-api/controller/channel_upstream_update.go:499 [33mSLOW SQL >= 200ms
[0m[31;1m[1533.281ms] [33m[rows:1][35m UPDATE `channels` SET `settings`=? WHERE id = ?[0m

2026/10/02 16:05:49 [32mgithub.com/QuantumNous/new-api/model/system_task.go:169 [33mSLOW SQL >= 200ms
[0m[31;1m[534.190ms] [33m[rows:0][35m SELECT * FROM `system_tasks` WHERE id IN (SELECT MIN(id) FROM `system_tasks` WHERE type IN (?,?,?,?,?) AND status = ? GROUP BY `type`)[0m

2026/10/02 16:05:50 [32mgithub.com/QuantumNous/new-api/zsy/runninghub/queue.go:203 [33mSLOW SQL >= 200ms
[0m[31;1m[450.589ms] [33m[rows:0][35m SELECT * FROM `rh_queued_tasks` WHERE created_at < ? ORDER BY created_at asc LIMIT 50[0m

2026/10/02 16:05:50 [32mgithub.com/QuantumNous/new-api/model/system_task.go:318 [33mSLOW SQL >= 200ms
[0m[31;1m[1218.719ms] [33m[rows:1][35m UPDATE `system_tasks` SET `state`=?,`updated_at`=? WHERE (task_id = ? AND status = ? AND locked_by = ?) AND (EXISTS (SELECT 1 FROM system_task_locks WHERE system_task_locks.task_id = system_tasks.task_id AND system_task_locks.locked_by = ? AND system_task_locks.locked_until >= ?))[0m

2026/10/02 16:05:53 [32mgithub.com/QuantumNous/new-api/zsy/runninghub/queue.go:203 [33mSLOW SQL >= 200ms
[0m[31;1m[446.256ms] [33m[rows:0][35m SELECT * FROM `rh_queued_tasks` WHERE created_at < ? ORDER BY created_at asc LIMIT 50[0m

2026/10/02 16:05:53 [32mgithub.com/QuantumNous/new-api/zsy/runninghub/queue.go:116 [33mSLOW SQL >= 200ms
[0m[31;1m[448.571ms] [33m[rows:0][35m SELECT * FROM `rh_queued_tasks` ORDER BY created_at asc, id asc LIMIT 20[0m

2026/10/02 16:05:53 [32mgithub.com/QuantumNous/new-api/model/system_task.go:318 [33mSLOW SQL >= 200ms
[0m[31;1m[3625.477ms] [33m[rows:1][35m UPDATE `system_tasks` SET `state`=?,`updated_at`=? WHERE (task_id = ? AND status = ? AND locked_by = ?) AND (EXISTS (SELECT 1 FROM system_task_locks WHERE system_task_locks.task_id = system_tasks.task_id AND system_task_locks.locked_by = ? AND system_task_locks.locked_until >= ?))[0m

2026/10/02 16:05:54 [32mgithub.com/QuantumNous/new-api/model/system_task.go:335 [33mSLOW SQL >= 200ms
[0m[31;1m[2216.954ms] [33m[rows:1][35m UPDATE `system_task_locks` SET `locked_until`=?,`updated_at`=? WHERE task_id = ? AND locked_by = ? AND locked_until >= ?[0m

2026/10/02 16:05:55 [32mgithub.com/QuantumNous/new-api/model/system_task.go:318 [33mSLOW SQL >= 200ms
[0m[31;1m[1713.399ms] [33m[rows:1][35m UPDATE `system_tasks` SET `state`=?,`updated_at`=? WHERE (task_id = ? AND status = ? AND locked_by = ?) AND (EXISTS (SELECT 1 FROM system_task_locks WHERE system_task_locks.task_id = system_tasks.task_id AND system_task_locks.locked_by = ? AND system_task_locks.locked_until >= ?))[0m
[SYS] 2026/10/02 - 16:05:55 | upstream model update task done: checked_channels=19 changed_channels=19 detected_add_models=2497 detected_remove_models=0 failed_channels=0 auto_added_models=0 
[SYS] 2026/10/02 - 16:05:55 | upstream model update notification skipped in 24h window: changed_channels=19 failed_channels=0 

2026/10/02 16:05:56 [32mgithub.com/QuantumNous/new-api/model/system_task.go:392 [33mSLOW SQL >= 200ms
[0m[31;1m[323.759ms] [33m[rows:1][35m UPDATE `system_tasks` SET `active_key`=?,`error`=?,`result`=?,`status`=?,`updated_at`=? WHERE (task_id = ? AND status = ? AND locked_by = ?) AND (EXISTS (SELECT 1 FROM system_task_locks WHERE system_task_locks.task_id = system_tasks.task_id AND system_task_locks.locked_by = ? AND system_task_locks.locked_until >= ?))[0m
[SYS] 2026/10/02 - 16:05:56 | syncing options from database 

2026/10/02 16:05:56 [32mgithub.com/QuantumNous/new-api/model/option.go:26 [33mSLOW SQL >= 200ms
[0m[31;1m[634.950ms] [33m[rows:37][35m SELECT * FROM `options`[0m

2026/10/02 16:05:56 [32mgithub.com/QuantumNous/new-api/model/system_task.go:379 [33mSLOW SQL >= 200ms
[0m[31;1m[951.557ms] [33m[rows:1][35m DELETE FROM `system_task_locks` WHERE task_id = ? AND locked_by = ?[0m

2026/10/02 16:06:00 [32mgithub.com/QuantumNous/new-api/zsy/runninghub/queue.go:203 [33mSLOW SQL >= 200ms
[0m[31;1m[1388.066ms] [33m[rows:0][35m SELECT * FROM `rh_queued_tasks` WHERE created_at < ? ORDER BY created_at asc LIMIT 50[0m

2026/10/02 16:06:01 [32mgithub.com/QuantumNous/new-api/zsy/runninghub/queue.go:116 [33mSLOW SQL >= 200ms
[0m[31;1m[1032.852ms] [33m[rows:0][35m SELECT * FROM `rh_queued_tasks` ORDER BY created_at asc, id asc LIMIT 20[0m
[SYS] 2026/10/02 - 16:06:01 | 正在更新数据看板数据... 
[SYS] 2026/10/02 - 16:06:01 | 保存数据看板数据成功，共保存0条数据 

2026/10/02 16:06:02 [32mgithub.com/QuantumNous/new-api/model/subscription.go:1149 [33mSLOW SQL >= 200ms
[0m[31;1m[427.791ms] [33m[rows:0][35m SELECT * FROM `user_subscriptions` WHERE status = ? AND end_time > 0 AND end_time <= ? ORDER BY end_time asc, id asc LIMIT 300[0m

2026/10/02 16:06:02 [32mgithub.com/QuantumNous/new-api/service/codex_credential_refresh_task.go:80 [33mSLOW SQL >= 200ms
[0m[31;1m[833.875ms] [33m[rows:0][35m SELECT `id`,`name`,`key`,`status`,`channel_info` FROM `channels` WHERE type = ? AND (status = ? OR status = ?) ORDER BY id asc LIMIT 200[0m

2026/10/02 16:06:02 [32mgithub.com/QuantumNous/new-api/model/system_instance.go:69 [33mSLOW SQL >= 200ms
[0m[31;1m[412.037ms] [33m[rows:2][35m INSERT INTO `system_instances` (`node_name`,`info`,`started_at`,`last_seen_at`,`created_at`,`updated_at`) VALUES (?,?,?,?,?,?) ON DUPLICATE KEY UPDATE `info`=VALUES(`info`),`started_at`=VALUES(`started_at`),`last_seen_at`=VALUES(`last_seen_at`),`updated_at`=VALUES(`updated_at`)[0m

2026/10/02 16:06:04 [32mgithub.com/QuantumNous/new-api/zsy/runninghub/queue.go:203 [33mSLOW SQL >= 200ms
[0m[31;1m[2404.295ms] [33m[rows:0][35m SELECT * FROM `rh_queued_tasks` WHERE created_at < ? ORDER BY created_at asc LIMIT 50[0m

2026/10/02 16:06:05 [32mgithub.com/QuantumNous/new-api/zsy/runninghub/queue.go:116 [33mSLOW SQL >= 200ms
[0m[31;1m[1474.139ms] [33m[rows:0][35m SELECT * FROM `rh_queued_tasks` ORDER BY created_at asc, id asc LIMIT 20[0m

2026/10/02 16:06:05 [32mgithub.com/QuantumNous/new-api/zsy/runninghub/queue.go:203 [33mSLOW SQL >= 200ms
[0m[31;1m[216.174ms] [33m[rows:0][35m SELECT * FROM `rh_queued_tasks` WHERE created_at < ? ORDER BY created_at asc LIMIT 50[0m

2026/10/02 16:06:06 [32mgithub.com/QuantumNous/new-api/zsy/runninghub/queue.go:116 [33mSLOW SQL >= 200ms
[0m[31;1m[260.649ms] [33m[rows:0][35m SELECT * FROM `rh_queued_tasks` ORDER BY created_at asc, id asc LIMIT 20[0m

2026/10/02 16:06:07 [32mgithub.com/QuantumNous/new-api/zsy/runninghub/queue.go:203 [33mSLOW SQL >= 200ms
[0m[31;1m[206.124ms] [33m[rows:0][35m SELECT * FROM `rh_queued_tasks` WHERE created_at < ? ORDER BY created_at asc LIMIT 50[0m

2026/10/02 16:06:11 [32mgithub.com/QuantumNous/new-api/zsy/runninghub/queue.go:203 [33mSLOW SQL >= 200ms
[0m[31;1m[922.022ms] [33m[rows:0][35m SELECT * FROM `rh_queued_tasks` WHERE created_at < ? ORDER BY created_at asc LIMIT 50[0m

2026/10/02 16:06:12 [32mgithub.com/QuantumNous/new-api/zsy/runninghub/queue.go:116 [33mSLOW SQL >= 200ms
[0m[31;1m[1157.052ms] [33m[rows:0][35m SELECT * FROM `rh_queued_tasks` ORDER BY created_at asc, id asc LIMIT 20[0m

2026/10/02 16:06:13 [32mgithub.com/QuantumNous/new-api/zsy/runninghub/queue.go:203 [33mSLOW SQL >= 200ms
[0m[31;1m[236.492ms] [33m[rows:0][35m SELECT * FROM `rh_queued_tasks` WHERE created_at < ? ORDER BY created_at asc LIMIT 50[0m

2026/10/02 16:06:14 [32mgithub.com/QuantumNous/new-api/zsy/runninghub/queue.go:116 [33mSLOW SQL >= 200ms
[0m[31;1m[391.564ms] [33m[rows:0][35m SELECT * FROM `rh_queued_tasks` ORDER BY created_at asc, id asc LIMIT 20[0m

2026/10/02 16:06:18 [32mgithub.com/QuantumNous/new-api/model/midjourney.go:116 [33mSLOW SQL >= 200ms
[0m[31;1m[1734.253ms] [33m[rows:0][35m SELECT `id` FROM `midjourneys` WHERE progress != ? LIMIT 1[0m

2026/10/02 16:06:20 [32mgithub.com/QuantumNous/new-api/zsy/runninghub/queue.go:116 [33mSLOW SQL >= 200ms
[0m[31;1m[293.038ms] [33m[rows:0][35m SELECT * FROM `rh_queued_tasks` ORDER BY created_at asc, id asc LIMIT 20[0m

2026/10/02 16:06:21 [32mgithub.com/QuantumNous/new-api/model/task.go:355 [33mSLOW SQL >= 200ms
[0m[31;1m[2731.913ms] [33m[rows:0][35m SELECT `id` FROM `tasks` WHERE progress != ? AND status != ? AND status != ? LIMIT 1[0m

2026/10/02 16:06:21 [32mgithub.com/QuantumNous/new-api/model/system_task.go:169 [33mSLOW SQL >= 200ms
[0m[31;1m[264.921ms] [33m[rows:0][35m SELECT * FROM `system_tasks` WHERE id IN (SELECT MIN(id) FROM `system_tasks` WHERE type IN (?,?,?,?,?) AND status = ? GROUP BY `type`)[0m

2026/10/02 16:06:23 [32mgithub.com/QuantumNous/new-api/zsy/runninghub/queue.go:203 [33mSLOW SQL >= 200ms
[0m[31;1m[618.406ms] [33m[rows:0][35m SELECT * FROM `rh_queued_tasks` WHERE created_at < ? ORDER BY created_at asc LIMIT 50[0m

2026/10/02 16:06:24 [32mgithub.com/QuantumNous/new-api/zsy/runninghub/queue.go:116 [33mSLOW SQL >= 200ms
[0m[31;1m[690.132ms] [33m[rows:0][35m SELECT * FROM `rh_queued_tasks` ORDER BY created_at asc, id asc LIMIT 20[0m

2026/10/02 16:06:29 [32mgithub.com/QuantumNous/new-api/zsy/runninghub/queue.go:116 [33mSLOW SQL >= 200ms
[0m[31;1m[222.597ms] [33m[rows:0][35m SELECT * FROM `rh_queued_tasks` ORDER BY created_at asc, id asc LIMIT 20[0m

2026/10/02 16:06:32 [32mgithub.com/QuantumNous/new-api/model/task.go:355 [33mSLOW SQL >= 200ms
[0m[31;1m[200.190ms] [33m[rows:0][35m SELECT `id` FROM `tasks` WHERE progress != ? AND status != ? AND status != ? LIMIT 1[0m

2026/10/02 16:06:32 [32mgithub.com/QuantumNous/new-api/model/system_task.go:216 [33mSLOW SQL >= 200ms
[0m[31;1m[202.076ms] [33m[rows:1][35m SELECT * FROM `system_tasks` WHERE id IN (SELECT MAX(id) FROM `system_tasks` WHERE type IN (?) GROUP BY `type`)[0m

2026/10/02 16:06:32 [32mgithub.com/QuantumNous/new-api/model/system_instance.go:69 [33mSLOW SQL >= 200ms
[0m[31;1m[620.985ms] [33m[rows:2][35m INSERT INTO `system_instances` (`node_name`,`info`,`started_at`,`last_seen_at`,`created_at`,`updated_at`) VALUES (?,?,?,?,?,?) ON DUPLICATE KEY UPDATE `info`=VALUES(`info`),`started_at`=VALUES(`started_at`),`last_seen_at`=VALUES(`last_seen_at`),`updated_at`=VALUES(`updated_at`)[0m

2026/10/02 16:06:49 [32mgithub.com/QuantumNous/new-api/model/system_task.go:362 [33mSLOW SQL >= 200ms
[0m[31;1m[2546.696ms] [33m[rows:0][35m SELECT * FROM `system_task_locks` WHERE locked_until < ?[0m

2026/10/02 16:06:49 [32mgithub.com/QuantumNous/new-api/model/system_task.go:169 [33mSLOW SQL >= 200ms
[0m[31;1m[235.393ms] [33m[rows:0][35m SELECT * FROM `system_tasks` WHERE id IN (SELECT MIN(id) FROM `system_tasks` WHERE type IN (?,?,?,?,?) AND status = ? GROUP BY `type`)[0m

2026/10/02 16:06:50 [32mgithub.com/QuantumNous/new-api/zsy/runninghub/queue.go:116 [33mSLOW SQL >= 200ms
[0m[31;1m[625.346ms] [33m[rows:0][35m SELECT * FROM `rh_queued_tasks` ORDER BY created_at asc, id asc LIMIT 20[0m

2026/10/02 16:06:52 [32mgithub.com/QuantumNous/new-api/zsy/runninghub/queue.go:203 [33mSLOW SQL >= 200ms
[0m[31;1m[232.315ms] [33m[rows:0][35m SELECT * FROM `rh_queued_tasks` WHERE created_at < ? ORDER BY created_at asc LIMIT 50[0m

2026/10/02 16:06:56 [32mgithub.com/QuantumNous/new-api/zsy/runninghub/queue.go:203 [33mSLOW SQL >= 200ms
[0m[31;1m[492.651ms] [33m[rows:0][35m SELECT * FROM `rh_queued_tasks` WHERE created_at < ? ORDER BY created_at asc LIMIT 50[0m
[SYS] 2026/10/02 - 16:06:56 | syncing options from database 

2026/10/02 16:06:57 [32mgithub.com/QuantumNous/new-api/zsy/runninghub/queue.go:116 [33mSLOW SQL >= 200ms
[0m[31;1m[1087.499ms] [33m[rows:0][35m SELECT * FROM `rh_queued_tasks` ORDER BY created_at asc, id asc LIMIT 20[0m

2026/10/02 16:06:58 [32mgithub.com/QuantumNous/new-api/model/option.go:26 [33mSLOW SQL >= 200ms
[0m[31;1m[1680.338ms] [33m[rows:37][35m SELECT * FROM `options`[0m

2026/10/02 16:07:02 [32mgithub.com/QuantumNous/new-api/model/midjourney.go:116 [33mSLOW SQL >= 200ms
[0m[31;1m[270.932ms] [33m[rows:0][35m SELECT `id` FROM `midjourneys` WHERE progress != ? LIMIT 1[0m

2026/10/02 16:07:02 [32mgithub.com/QuantumNous/new-api/model/db_time.go:16 [33mSLOW SQL >= 200ms
[0m[31;1m[515.116ms] [33m[rows:1][35m SELECT UNIX_TIMESTAMP()[0m

2026/10/02 16:07:02 [32mgithub.com/QuantumNous/new-api/model/subscription.go:1149 [33mSLOW SQL >= 200ms
[0m[31;1m[224.473ms] [33m[rows:0][35m SELECT * FROM `user_subscriptions` WHERE status = ? AND end_time > 0 AND end_time <= ? ORDER BY end_time asc, id asc LIMIT 300[0m

2026/10/02 16:07:02 [32mgithub.com/QuantumNous/new-api/zsy/runninghub/queue.go:203 [33mSLOW SQL >= 200ms
[0m[31;1m[1147.367ms] [33m[rows:0][35m SELECT * FROM `rh_queued_tasks` WHERE created_at < ? ORDER BY created_at asc LIMIT 50[0m

2026/10/02 16:07:02 [32mgithub.com/QuantumNous/new-api/model/db_time.go:16 [33mSLOW SQL >= 200ms
[0m[31;1m[420.972ms] [33m[rows:1][35m SELECT UNIX_TIMESTAMP()[0m

2026/10/02 16:07:03 [32mgithub.com/QuantumNous/new-api/zsy/runninghub/queue.go:116 [33mSLOW SQL >= 200ms
[0m[31;1m[206.694ms] [33m[rows:0][35m SELECT * FROM `rh_queued_tasks` ORDER BY created_at asc, id asc LIMIT 20[0m

2026/10/02 16:07:03 [32mgithub.com/QuantumNous/new-api/model/system_instance.go:69 [33mSLOW SQL >= 200ms
[0m[31;1m[1039.542ms] [33m[rows:2][35m INSERT INTO `system_instances` (`node_name`,`info`,`started_at`,`last_seen_at`,`created_at`,`updated_at`) VALUES (?,?,?,?,?,?) ON DUPLICATE KEY UPDATE `info`=VALUES(`info`),`started_at`=VALUES(`started_at`),`last_seen_at`=VALUES(`last_seen_at`),`updated_at`=VALUES(`updated_at`)[0m

2026/10/02 16:07:03 [32mgithub.com/QuantumNous/new-api/model/subscription.go:1437 [33mSLOW SQL >= 200ms
[0m[31;1m[638.836ms] [33m[rows:0][35m SELECT * FROM `user_subscriptions` WHERE next_reset_time > 0 AND next_reset_time <= ? AND status = ? ORDER BY next_reset_time asc LIMIT 300[0m

2026/10/02 16:07:05 [32mgithub.com/QuantumNous/new-api/zsy/runninghub/queue.go:203 [33mSLOW SQL >= 200ms
[0m[31;1m[387.880ms] [33m[rows:0][35m SELECT * FROM `rh_queued_tasks` WHERE created_at < ? ORDER BY created_at asc LIMIT 50[0m

2026/10/02 16:07:06 [32mgithub.com/QuantumNous/new-api/zsy/runninghub/queue.go:116 [33mSLOW SQL >= 200ms
[0m[31;1m[888.298ms] [33m[rows:0][35m SELECT * FROM `rh_queued_tasks` ORDER BY created_at asc, id asc LIMIT 20[0m

2026/10/02 16:07:11 [32mgithub.com/QuantumNous/new-api/zsy/runninghub/queue.go:203 [33mSLOW SQL >= 200ms
[0m[31;1m[277.232ms] [33m[rows:0][35m SELECT * FROM `rh_queued_tasks` WHERE created_at < ? ORDER BY created_at asc LIMIT 50[0m

2026/10/02 16:07:16 [32mgithub.com/QuantumNous/new-api/model/system_task.go:362 [33mSLOW SQL >= 200ms
[0m[31;1m[208.242ms] [33m[rows:0][35m SELECT * FROM `system_task_locks` WHERE locked_until < ?[0m

2026/10/02 16:07:17 [32mgithub.com/QuantumNous/new-api/model/midjourney.go:116 [33mSLOW SQL >= 200ms
[0m[31;1m[212.128ms] [33m[rows:0][35m SELECT `id` FROM `midjourneys` WHERE progress != ? LIMIT 1[0m

2026/10/02 16:07:17 [32mgithub.com/QuantumNous/new-api/zsy/runninghub/queue.go:116 [33mSLOW SQL >= 200ms
[0m[31;1m[391.815ms] [33m[rows:0][35m SELECT * FROM `rh_queued_tasks` ORDER BY created_at asc, id asc LIMIT 20[0m

2026/10/02 16:07:17 [32mgithub.com/QuantumNous/new-api/model/system_task.go:216 [33mSLOW SQL >= 200ms
[0m[31;1m[265.627ms] [33m[rows:1][35m SELECT * FROM `system_tasks` WHERE id IN (SELECT MAX(id) FROM `system_tasks` WHERE type IN (?) GROUP BY `type`)[0m

2026/10/02 16:07:20 [32mgithub.com/QuantumNous/new-api/zsy/runninghub/queue.go:203 [33mSLOW SQL >= 200ms
[0m[31;1m[624.196ms] [33m[rows:0][35m SELECT * FROM `rh_queued_tasks` WHERE created_at < ? ORDER BY created_at asc LIMIT 50[0m

2026/10/02 16:07:23 [32mgithub.com/QuantumNous/new-api/zsy/runninghub/queue.go:116 [33mSLOW SQL >= 200ms
[0m[31;1m[396.298ms] [33m[rows:0][35m SELECT * FROM `rh_queued_tasks` ORDER BY created_at asc, id asc LIMIT 20[0m

2026/10/02 16:07:32 [32mgithub.com/QuantumNous/new-api/model/system_instance.go:69 [33mSLOW SQL >= 200ms
[0m[31;1m[360.835ms] [33m[rows:2][35m INSERT INTO `system_instances` (`node_name`,`info`,`started_at`,`last_seen_at`,`created_at`,`updated_at`) VALUES (?,?,?,?,?,?) ON DUPLICATE KEY UPDATE `info`=VALUES(`info`),`started_at`=VALUES(`started_at`),`last_seen_at`=VALUES(`last_seen_at`),`updated_at`=VALUES(`updated_at`)[0m

2026/10/02 16:07:47 [32mgithub.com/QuantumNous/new-api/model/task.go:355 [33mSLOW SQL >= 200ms
[0m[31;1m[459.315ms] [33m[rows:0][35m SELECT `id` FROM `tasks` WHERE progress != ? AND status != ? AND status != ? LIMIT 1[0m
[SYS] 2026/10/02 - 16:07:58 | syncing options from database 

2026/10/02 16:07:59 [32mgithub.com/QuantumNous/new-api/model/option.go:26 [33mSLOW SQL >= 200ms
[0m[31;1m[720.629ms] [33m[rows:37][35m SELECT * FROM `options`[0m

2026/10/02 16:08:01 [32mgithub.com/QuantumNous/new-api/model/db_time.go:16 [33mSLOW SQL >= 200ms
[0m[31;1m[202.804ms] [33m[rows:1][35m SELECT UNIX_TIMESTAMP()[0m

2026/10/02 16:08:02 [32mgithub.com/QuantumNous/new-api/model/system_instance.go:69 [33mSLOW SQL >= 200ms
[0m[31;1m[343.719ms] [33m[rows:2][35m INSERT INTO `system_instances` (`node_name`,`info`,`started_at`,`last_seen_at`,`created_at`,`updated_at`) VALUES (?,?,?,?,?,?) ON DUPLICATE KEY UPDATE `info`=VALUES(`info`),`started_at`=VALUES(`started_at`),`last_seen_at`=VALUES(`last_seen_at`),`updated_at`=VALUES(`updated_at`)[0m

2026/10/02 16:08:02 [32mgithub.com/QuantumNous/new-api/zsy/runninghub/queue.go:203 [33mSLOW SQL >= 200ms
[0m[31;1m[821.620ms] [33m[rows:0][35m SELECT * FROM `rh_queued_tasks` WHERE created_at < ? ORDER BY created_at asc LIMIT 50[0m

2026/10/02 16:08:05 [32mgithub.com/QuantumNous/new-api/zsy/runninghub/queue.go:203 [33mSLOW SQL >= 200ms
[0m[31;1m[248.280ms] [33m[rows:0][35m SELECT * FROM `rh_queued_tasks` WHERE created_at < ? ORDER BY created_at asc LIMIT 50[0m

2026/10/02 16:08:08 [32mgithub.com/QuantumNous/new-api/zsy/runninghub/queue.go:203 [33mSLOW SQL >= 200ms
[0m[31;1m[263.513ms] [33m[rows:0][35m SELECT * FROM `rh_queued_tasks` WHERE created_at < ? ORDER BY created_at asc LIMIT 50[0m

2026/10/02 16:08:18 [32mgithub.com/QuantumNous/new-api/model/midjourney.go:116 [33mSLOW SQL >= 200ms
[0m[31;1m[1257.349ms] [33m[rows:0][35m SELECT `id` FROM `midjourneys` WHERE progress != ? LIMIT 1[0m

2026/10/02 16:08:20 [32mgithub.com/QuantumNous/new-api/zsy/runninghub/queue.go:203 [33mSLOW SQL >= 200ms
[0m[31;1m[285.719ms] [33m[rows:0][35m SELECT * FROM `rh_queued_tasks` WHERE created_at < ? ORDER BY created_at asc LIMIT 50[0m

2026/10/02 16:08:20 [32mgithub.com/QuantumNous/new-api/zsy/runninghub/queue.go:116 [33mSLOW SQL >= 200ms
[0m[31;1m[344.611ms] [33m[rows:0][35m SELECT * FROM `rh_queued_tasks` ORDER BY created_at asc, id asc LIMIT 20[0m

2026/10/02 16:08:29 [32mgithub.com/QuantumNous/new-api/zsy/runninghub/queue.go:116 [33mSLOW SQL >= 200ms
[0m[31;1m[551.143ms] [33m[rows:0][35m SELECT * FROM `rh_queued_tasks` ORDER BY created_at asc, id asc LIMIT 20[0m

2026/10/02 16:08:31 [32mgithub.com/QuantumNous/new-api/model/system_task.go:362 [33mSLOW SQL >= 200ms
[0m[31;1m[206.736ms] [33m[rows:0][35m SELECT * FROM `system_task_locks` WHERE locked_until < ?[0m

2026/10/02 16:08:32 [32mgithub.com/QuantumNous/new-api/model/system_task.go:169 [33mSLOW SQL >= 200ms
[0m[31;1m[240.741ms] [33m[rows:0][35m SELECT * FROM `system_tasks` WHERE id IN (SELECT MIN(id) FROM `system_tasks` WHERE type IN (?,?,?,?,?) AND status = ? GROUP BY `type`)[0m

2026/10/02 16:08:33 [32mgithub.com/QuantumNous/new-api/model/system_instance.go:69 [33mSLOW SQL >= 200ms
[0m[31;1m[856.266ms] [33m[rows:2][35m INSERT INTO `system_instances` (`node_name`,`info`,`started_at`,`last_seen_at`,`created_at`,`updated_at`) VALUES (?,?,?,?,?,?) ON DUPLICATE KEY UPDATE `info`=VALUES(`info`),`started_at`=VALUES(`started_at`),`last_seen_at`=VALUES(`last_seen_at`),`updated_at`=VALUES(`updated_at`)[0m

2026/10/02 16:08:38 [32mgithub.com/QuantumNous/new-api/zsy/runninghub/queue.go:203 [33mSLOW SQL >= 200ms
[0m[31;1m[265.479ms] [33m[rows:0][35m SELECT * FROM `rh_queued_tasks` WHERE created_at < ? ORDER BY created_at asc LIMIT 50[0m

2026/10/02 16:08:47 [32mgithub.com/QuantumNous/new-api/model/task.go:355 [33mSLOW SQL >= 200ms
[0m[31;1m[240.166ms] [33m[rows:0][35m SELECT `id` FROM `tasks` WHERE progress != ? AND status != ? AND status != ? LIMIT 1[0m

2026/10/02 16:08:47 [32mgithub.com/QuantumNous/new-api/zsy/runninghub/queue.go:203 [33mSLOW SQL >= 200ms
[0m[31;1m[534.157ms] [33m[rows:0][35m SELECT * FROM `rh_queued_tasks` WHERE created_at < ? ORDER BY created_at asc LIMIT 50[0m

2026/10/02 16:08:47 [32mgithub.com/QuantumNous/new-api/model/system_task.go:216 [33mSLOW SQL >= 200ms
[0m[31;1m[257.619ms] [33m[rows:1][35m SELECT * FROM `system_tasks` WHERE id IN (SELECT MAX(id) FROM `system_tasks` WHERE type IN (?) GROUP BY `type`)[0m

2026/10/02 16:08:47 [32mgithub.com/QuantumNous/new-api/model/system_task.go:169 [33mSLOW SQL >= 200ms
[0m[31;1m[324.581ms] [33m[rows:0][35m SELECT * FROM `system_tasks` WHERE id IN (SELECT MIN(id) FROM `system_tasks` WHERE type IN (?,?,?,?,?) AND status = ? GROUP BY `type`)[0m

2026/10/02 16:08:56 [32mgithub.com/QuantumNous/new-api/zsy/runninghub/queue.go:116 [33mSLOW SQL >= 200ms
[0m[31;1m[258.112ms] [33m[rows:0][35m SELECT * FROM `rh_queued_tasks` ORDER BY created_at asc, id asc LIMIT 20[0m
[SYS] 2026/10/02 - 16:08:59 | syncing options from database 

2026/10/02 16:08:59 [32mgithub.com/QuantumNous/new-api/model/option.go:26 [33mSLOW SQL >= 200ms
[0m[31;1m[396.316ms] [33m[rows:37][35m SELECT * FROM `options`[0m

2026/10/02 16:09:02 [32mgithub.com/QuantumNous/new-api/model/db_time.go:16 [33mSLOW SQL >= 200ms
[0m[31;1m[491.687ms] [33m[rows:1][35m SELECT UNIX_TIMESTAMP()[0m

2026/10/02 16:09:03 [32mgithub.com/QuantumNous/new-api/model/system_instance.go:69 [33mSLOW SQL >= 200ms
[0m[31;1m[820.918ms] [33m[rows:2][35m INSERT INTO `system_instances` (`node_name`,`info`,`started_at`,`last_seen_at`,`created_at`,`updated_at`) VALUES (?,?,?,?,?,?) ON DUPLICATE KEY UPDATE `info`=VALUES(`info`),`started_at`=VALUES(`started_at`),`last_seen_at`=VALUES(`last_seen_at`),`updated_at`=VALUES(`updated_at`)[0m

2026/10/02 16:09:03 [32mgithub.com/QuantumNous/new-api/zsy/runninghub/queue.go:203 [33mSLOW SQL >= 200ms
[0m[31;1m[1318.058ms] [33m[rows:0][35m SELECT * FROM `rh_queued_tasks` WHERE created_at < ? ORDER BY created_at asc LIMIT 50[0m

2026/10/02 16:09:03 [32mgithub.com/QuantumNous/new-api/model/subscription.go:1149 [33mSLOW SQL >= 200ms
[0m[31;1m[985.377ms] [33m[rows:0][35m SELECT * FROM `user_subscriptions` WHERE status = ? AND end_time > 0 AND end_time <= ? ORDER BY end_time asc, id asc LIMIT 300[0m

2026/10/02 16:09:03 [32mgithub.com/QuantumNous/new-api/zsy/runninghub/queue.go:116 [33mSLOW SQL >= 200ms
[0m[31;1m[208.757ms] [33m[rows:0][35m SELECT * FROM `rh_queued_tasks` ORDER BY created_at asc, id asc LIMIT 20[0m

2026/10/02 16:09:05 [32mgithub.com/QuantumNous/new-api/zsy/runninghub/queue.go:203 [33mSLOW SQL >= 200ms
[0m[31;1m[507.842ms] [33m[rows:0][35m SELECT * FROM `rh_queued_tasks` WHERE created_at < ? ORDER BY created_at asc LIMIT 50[0m

2026/10/02 16:09:05 [32mgithub.com/QuantumNous/new-api/zsy/runninghub/queue.go:116 [33mSLOW SQL >= 200ms
[0m[31;1m[229.875ms] [33m[rows:0][35m SELECT * FROM `rh_queued_tasks` ORDER BY created_at asc, id asc LIMIT 20[0m

2026/10/02 16:09:16 [32mgithub.com/QuantumNous/new-api/model/system_task.go:362 [33mSLOW SQL >= 200ms
[0m[31;1m[227.185ms] [33m[rows:0][35m SELECT * FROM `system_task_locks` WHERE locked_until < ?[0m

2026/10/02 16:09:32 [32mgithub.com/QuantumNous/new-api/zsy/runninghub/queue.go:203 [33mSLOW SQL >= 200ms
[0m[31;1m[502.183ms] [33m[rows:0][35m SELECT * FROM `rh_queued_tasks` WHERE created_at < ? ORDER BY created_at asc LIMIT 50[0m

2026/10/02 16:09:32 [32mgithub.com/QuantumNous/new-api/model/midjourney.go:116 [33mSLOW SQL >= 200ms
[0m[31;1m[735.039ms] [33m[rows:0][35m SELECT `id` FROM `midjourneys` WHERE progress != ? LIMIT 1[0m

2026/10/02 16:09:32 [32mgithub.com/QuantumNous/new-api/zsy/runninghub/queue.go:116 [33mSLOW SQL >= 200ms
[0m[31;1m[246.566ms] [33m[rows:0][35m SELECT * FROM `rh_queued_tasks` ORDER BY created_at asc, id asc LIMIT 20[0m

2026/10/02 16:09:33 [32mgithub.com/QuantumNous/new-api/model/task.go:355 [33mSLOW SQL >= 200ms
[0m[31;1m[978.751ms] [33m[rows:0][35m SELECT `id` FROM `tasks` WHERE progress != ? AND status != ? AND status != ? LIMIT 1[0m

2026/10/02 16:09:33 [32mgithub.com/QuantumNous/new-api/model/system_task.go:169 [33mSLOW SQL >= 200ms
[0m[31;1m[214.169ms] [33m[rows:0][35m SELECT * FROM `system_tasks` WHERE id IN (SELECT MIN(id) FROM `system_tasks` WHERE type IN (?,?,?,?,?) AND status = ? GROUP BY `type`)[0m

2026/10/02 16:09:35 [32mgithub.com/QuantumNous/new-api/zsy/runninghub/queue.go:203 [33mSLOW SQL >= 200ms
[0m[31;1m[543.571ms] [33m[rows:0][35m SELECT * FROM `rh_queued_tasks` WHERE created_at < ? ORDER BY created_at asc LIMIT 50[0m

2026/10/02 16:09:35 [32mgithub.com/QuantumNous/new-api/model/system_instance.go:69 [33mSLOW SQL >= 200ms
[0m[31;1m[3112.121ms] [33m[rows:2][35m INSERT INTO `system_instances` (`node_name`,`info`,`started_at`,`last_seen_at`,`created_at`,`updated_at`) VALUES (?,?,?,?,?,?) ON DUPLICATE KEY UPDATE `info`=VALUES(`info`),`started_at`=VALUES(`started_at`),`last_seen_at`=VALUES(`last_seen_at`),`updated_at`=VALUES(`updated_at`)[0m

2026/10/02 16:09:35 [32mgithub.com/QuantumNous/new-api/zsy/runninghub/queue.go:116 [33mSLOW SQL >= 200ms
[0m[31;1m[462.409ms] [33m[rows:0][35m SELECT * FROM `rh_queued_tasks` ORDER BY created_at asc, id asc LIMIT 20[0m

2026/10/02 16:09:47 [32mgithub.com/QuantumNous/new-api/zsy/runninghub/queue.go:203 [33mSLOW SQL >= 200ms
[0m[31;1m[359.397ms] [33m[rows:0][35m SELECT * FROM `rh_queued_tasks` WHERE created_at < ? ORDER BY created_at asc LIMIT 50[0m

2026/10/02 16:09:47 [32mgithub.com/QuantumNous/new-api/model/system_task.go:362 [33mSLOW SQL >= 200ms
[0m[31;1m[361.534ms] [33m[rows:0][35m SELECT * FROM `system_task_locks` WHERE locked_until < ?[0m

2026/10/02 16:09:47 [32mgithub.com/QuantumNous/new-api/model/system_task.go:169 [33mSLOW SQL >= 200ms
[0m[31;1m[652.544ms] [33m[rows:0][35m SELECT * FROM `system_tasks` WHERE id IN (SELECT MIN(id) FROM `system_tasks` WHERE type IN (?,?,?,?,?) AND status = ? GROUP BY `type`)[0m

2026/10/02 16:09:47 [32mgithub.com/QuantumNous/new-api/zsy/runninghub/queue.go:116 [33mSLOW SQL >= 200ms
[0m[31;1m[677.867ms] [33m[rows:0][35m SELECT * FROM `rh_queued_tasks` ORDER BY created_at asc, id asc LIMIT 20[0m
[SYS] 2026/10/02 - 16:09:59 | syncing options from database 

2026/10/02 16:10:00 [32mgithub.com/QuantumNous/new-api/model/option.go:26 [33mSLOW SQL >= 200ms
[0m[31;1m[270.471ms] [33m[rows:37][35m SELECT * FROM `options`[0m

2026/10/02 16:10:02 [32mgithub.com/QuantumNous/new-api/model/midjourney.go:116 [33mSLOW SQL >= 200ms
[0m[31;1m[302.907ms] [33m[rows:0][35m SELECT `id` FROM `midjourneys` WHERE progress != ? LIMIT 1[0m

2026/10/02 16:10:02 [32mgithub.com/QuantumNous/new-api/zsy/runninghub/queue.go:203 [33mSLOW SQL >= 200ms
[0m[31;1m[302.333ms] [33m[rows:0][35m SELECT * FROM `rh_queued_tasks` WHERE created_at < ? ORDER BY created_at asc LIMIT 50[0m

2026/10/02 16:10:02 [32mgithub.com/QuantumNous/new-api/model/db_time.go:16 [33mSLOW SQL >= 200ms
[0m[31;1m[436.914ms] [33m[rows:1][35m SELECT UNIX_TIMESTAMP()[0m

2026/10/02 16:10:02 [32mgithub.com/QuantumNous/new-api/model/subscription.go:1149 [33mSLOW SQL >= 200ms
[0m[31;1m[240.862ms] [33m[rows:0][35m SELECT * FROM `user_subscriptions` WHERE status = ? AND end_time > 0 AND end_time <= ? ORDER BY end_time asc, id asc LIMIT 300[0m

2026/10/02 16:10:02 [32mgithub.com/QuantumNous/new-api/model/system_task.go:169 [33mSLOW SQL >= 200ms
[0m[31;1m[267.896ms] [33m[rows:0][35m SELECT * FROM `system_tasks` WHERE id IN (SELECT MIN(id) FROM `system_tasks` WHERE type IN (?,?,?,?,?) AND status = ? GROUP BY `type`)[0m

2026/10/02 16:10:02 [32mgithub.com/QuantumNous/new-api/model/system_instance.go:69 [33mSLOW SQL >= 200ms
[0m[31;1m[565.988ms] [33m[rows:2][35m INSERT INTO `system_instances` (`node_name`,`info`,`started_at`,`last_seen_at`,`created_at`,`updated_at`) VALUES (?,?,?,?,?,?) ON DUPLICATE KEY UPDATE `info`=VALUES(`info`),`started_at`=VALUES(`started_at`),`last_seen_at`=VALUES(`last_seen_at`),`updated_at`=VALUES(`updated_at`)[0m

2026/10/02 16:10:03 [32mgithub.com/QuantumNous/new-api/model/db_time.go:16 [33mSLOW SQL >= 200ms
[0m[31;1m[762.588ms] [33m[rows:1][35m SELECT UNIX_TIMESTAMP()[0m

2026/10/02 16:10:03 [32mgithub.com/QuantumNous/new-api/model/subscription.go:1437 [33mSLOW SQL >= 200ms
[0m[31;1m[720.058ms] [33m[rows:0][35m SELECT * FROM `user_subscriptions` WHERE next_reset_time > 0 AND next_reset_time <= ? AND status = ? ORDER BY next_reset_time asc LIMIT 300[0m

2026/10/02 16:10:05 [32mgithub.com/QuantumNous/new-api/zsy/runninghub/queue.go:203 [33mSLOW SQL >= 200ms
[0m[31;1m[302.632ms] [33m[rows:0][35m SELECT * FROM `rh_queued_tasks` WHERE created_at < ? ORDER BY created_at asc LIMIT 50[0m

2026/10/02 16:10:05 [32mgithub.com/QuantumNous/new-api/zsy/runninghub/queue.go:116 [33mSLOW SQL >= 200ms
[0m[31;1m[580.230ms] [33m[rows:0][35m SELECT * FROM `rh_queued_tasks` ORDER BY created_at asc, id asc LIMIT 20[0m

2026/10/02 16:10:17 [32mgithub.com/QuantumNous/new-api/model/system_task.go:362 [33mSLOW SQL >= 200ms
[0m[31;1m[249.388ms] [33m[rows:0][35m SELECT * FROM `system_task_locks` WHERE locked_until < ?[0m

2026/10/02 16:10:17 [32mgithub.com/QuantumNous/new-api/model/midjourney.go:116 [33mSLOW SQL >= 200ms
[0m[31;1m[295.780ms] [33m[rows:0][35m SELECT `id` FROM `midjourneys` WHERE progress != ? LIMIT 1[0m

2026/10/02 16:10:17 [32mgithub.com/QuantumNous/new-api/model/task.go:355 [33mSLOW SQL >= 200ms
[0m[31;1m[601.024ms] [33m[rows:0][35m SELECT `id` FROM `tasks` WHERE progress != ? AND status != ? AND status != ? LIMIT 1[0m

2026/10/02 16:10:20 [32mgithub.com/QuantumNous/new-api/zsy/runninghub/queue.go:203 [33mSLOW SQL >= 200ms
[0m[31;1m[542.105ms] [33m[rows:0][35m SELECT * FROM `rh_queued_tasks` WHERE created_at < ? ORDER BY created_at asc LIMIT 50[0m

2026/10/02 16:10:31 [32mgithub.com/QuantumNous/new-api/model/midjourney.go:116 [33mSLOW SQL >= 200ms
[0m[31;1m[203.913ms] [33m[rows:0][35m SELECT `id` FROM `midjourneys` WHERE progress != ? LIMIT 1[0m

2026/10/02 16:10:32 [32mgithub.com/QuantumNous/new-api/model/system_instance.go:69 [33mSLOW SQL >= 200ms
[0m[31;1m[330.054ms] [33m[rows:2][35m INSERT INTO `system_instances` (`node_name`,`info`,`started_at`,`last_seen_at`,`created_at`,`updated_at`) VALUES (?,?,?,?,?,?) ON DUPLICATE KEY UPDATE `info`=VALUES(`info`),`started_at`=VALUES(`started_at`),`last_seen_at`=VALUES(`last_seen_at`),`updated_at`=VALUES(`updated_at`)[0m

2026/10/02 16:10:47 [32mgithub.com/QuantumNous/new-api/zsy/runninghub/queue.go:203 [33mSLOW SQL >= 200ms
[0m[31;1m[806.626ms] [33m[rows:0][35m SELECT * FROM `rh_queued_tasks` WHERE created_at < ? ORDER BY created_at asc LIMIT 50[0m

2026/10/02 16:10:47 [32mgithub.com/QuantumNous/new-api/zsy/runninghub/queue.go:116 [33mSLOW SQL >= 200ms
[0m[31;1m[251.963ms] [33m[rows:0][35m SELECT * FROM `rh_queued_tasks` ORDER BY created_at asc, id asc LIMIT 20[0m

2026/10/02 16:10:50 [32mgithub.com/QuantumNous/new-api/zsy/runninghub/queue.go:116 [33mSLOW SQL >= 200ms
[0m[31;1m[670.557ms] [33m[rows:0][35m SELECT * FROM `rh_queued_tasks` ORDER BY created_at asc, id asc LIMIT 20[0m
[SYS] 2026/10/02 - 16:11:00 | syncing options from database 

2026/10/02 16:11:00 [32mgithub.com/QuantumNous/new-api/model/option.go:26 [33mSLOW SQL >= 200ms
[0m[31;1m[376.196ms] [33m[rows:37][35m SELECT * FROM `options`[0m
[SYS] 2026/10/02 - 16:11:01 | 正在更新数据看板数据... 
[SYS] 2026/10/02 - 16:11:01 | 保存数据看板数据成功，共保存0条数据 

2026/10/02 16:11:02 [32mgithub.com/QuantumNous/new-api/model/system_instance.go:69 [33mSLOW SQL >= 200ms
[0m[31;1m[393.239ms] [33m[rows:2][35m INSERT INTO `system_instances` (`node_name`,`info`,`started_at`,`last_seen_at`,`created_at`,`updated_at`) VALUES (?,?,?,?,?,?) ON DUPLICATE KEY UPDATE `info`=VALUES(`info`),`started_at`=VALUES(`started_at`),`last_seen_at`=VALUES(`last_seen_at`),`updated_at`=VALUES(`updated_at`)[0m

2026/10/02 16:11:02 [32mgithub.com/QuantumNous/new-api/model/subscription.go:1149 [33mSLOW SQL >= 200ms
[0m[31;1m[733.798ms] [33m[rows:0][35m SELECT * FROM `user_subscriptions` WHERE status = ? AND end_time > 0 AND end_time <= ? ORDER BY end_time asc, id asc LIMIT 300[0m

2026/10/02 16:11:02 [32mgithub.com/QuantumNous/new-api/zsy/runninghub/queue.go:203 [33mSLOW SQL >= 200ms
[0m[31;1m[939.925ms] [33m[rows:0][35m SELECT * FROM `rh_queued_tasks` WHERE created_at < ? ORDER BY created_at asc LIMIT 50[0m

2026/10/02 16:11:02 [32mgithub.com/QuantumNous/new-api/zsy/runninghub/queue.go:116 [33mSLOW SQL >= 200ms
[0m[31;1m[220.211ms] [33m[rows:0][35m SELECT * FROM `rh_queued_tasks` ORDER BY created_at asc, id asc LIMIT 20[0m

2026/10/02 16:11:03 [32mgithub.com/QuantumNous/new-api/model/db_time.go:16 [33mSLOW SQL >= 200ms
[0m[31;1m[404.833ms] [33m[rows:1][35m SELECT UNIX_TIMESTAMP()[0m

2026/10/02 16:11:16 [32mgithub.com/QuantumNous/new-api/zsy/runninghub/queue.go:203 [33mSLOW SQL >= 200ms
[0m[31;1m[217.739ms] [33m[rows:0][35m SELECT * FROM `rh_queued_tasks` WHERE created_at < ? ORDER BY created_at asc LIMIT 50[0m

2026/10/02 16:11:16 [32mgithub.com/QuantumNous/new-api/model/midjourney.go:116 [33mSLOW SQL >= 200ms
[0m[31;1m[243.593ms] [33m[rows:0][35m SELECT `id` FROM `midjourneys` WHERE progress != ? LIMIT 1[0m

2026/10/02 16:11:17 [32mgithub.com/QuantumNous/new-api/zsy/runninghub/queue.go:116 [33mSLOW SQL >= 200ms
[0m[31;1m[215.805ms] [33m[rows:0][35m SELECT * FROM `rh_queued_tasks` ORDER BY created_at asc, id asc LIMIT 20[0m

2026/10/02 16:11:17 [32mgithub.com/QuantumNous/new-api/model/task.go:355 [33mSLOW SQL >= 200ms
[0m[31;1m[292.769ms] [33m[rows:0][35m SELECT `id` FROM `tasks` WHERE progress != ? AND status != ? AND status != ? LIMIT 1[0m

2026/10/02 16:11:31 [32mgithub.com/QuantumNous/new-api/model/system_task.go:362 [33mSLOW SQL >= 200ms
[0m[31;1m[204.948ms] [33m[rows:0][35m SELECT * FROM `system_task_locks` WHERE locked_until < ?[0m

2026/10/02 16:11:32 [32mgithub.com/QuantumNous/new-api/model/system_instance.go:69 [33mSLOW SQL >= 200ms
[0m[31;1m[401.675ms] [33m[rows:2][35m INSERT INTO `system_instances` (`node_name`,`info`,`started_at`,`last_seen_at`,`created_at`,`updated_at`) VALUES (?,?,?,?,?,?) ON DUPLICATE KEY UPDATE `info`=VALUES(`info`),`started_at`=VALUES(`started_at`),`last_seen_at`=VALUES(`last_seen_at`),`updated_at`=VALUES(`updated_at`)[0m

2026/10/02 16:11:35 [32mgithub.com/QuantumNous/new-api/zsy/runninghub/queue.go:116 [33mSLOW SQL >= 200ms
[0m[31;1m[572.838ms] [33m[rows:0][35m SELECT * FROM `rh_queued_tasks` ORDER BY created_at asc, id asc LIMIT 20[0m

2026/10/02 16:11:45 [32mgithub.com/QuantumNous/new-api/service/authz/adapter.go:23 [33mSLOW SQL >= 200ms
[0m[31;1m[341.696ms] [33m[rows:3][35m SELECT * FROM `casbin_rule` ORDER BY id asc[0m

2026/10/02 16:11:53 [32mgithub.com/QuantumNous/new-api/zsy/runninghub/queue.go:116 [33mSLOW SQL >= 200ms
[0m[31;1m[402.080ms] [33m[rows:0][35m SELECT * FROM `rh_queued_tasks` ORDER BY created_at asc, id asc LIMIT 20[0m
[SYS] 2026/10/02 - 16:12:00 | syncing options from database 

2026/10/02 16:12:00 [32mgithub.com/QuantumNous/new-api/model/option.go:26 [33mSLOW SQL >= 200ms
[0m[31;1m[308.361ms] [33m[rows:37][35m SELECT * FROM `options`[0m

2026/10/02 16:12:02 [32mgithub.com/QuantumNous/new-api/model/task.go:355 [33mSLOW SQL >= 200ms
[0m[31;1m[314.449ms] [33m[rows:0][35m SELECT `id` FROM `tasks` WHERE progress != ? AND status != ? AND status != ? LIMIT 1[0m

2026/10/02 16:12:02 [32mgithub.com/QuantumNous/new-api/model/system_task.go:216 [33mSLOW SQL >= 200ms
[0m[31;1m[203.876ms] [33m[rows:1][35m SELECT * FROM `system_tasks` WHERE id IN (SELECT MAX(id) FROM `system_tasks` WHERE type IN (?) GROUP BY `type`)[0m

2026/10/02 16:12:02 [32mgithub.com/QuantumNous/new-api/zsy/runninghub/queue.go:203 [33mSLOW SQL >= 200ms
[0m[31;1m[763.510ms] [33m[rows:0][35m SELECT * FROM `rh_queued_tasks` WHERE created_at < ? ORDER BY created_at asc LIMIT 50[0m

2026/10/02 16:12:02 [32mgithub.com/QuantumNous/new-api/model/db_time.go:16 [33mSLOW SQL >= 200ms
[0m[31;1m[1064.445ms] [33m[rows:1][35m SELECT UNIX_TIMESTAMP()[0m

2026/10/02 16:12:03 [32mgithub.com/QuantumNous/new-api/model/subscription.go:1149 [33mSLOW SQL >= 200ms
[0m[31;1m[211.656ms] [33m[rows:0][35m SELECT * FROM `user_subscriptions` WHERE status = ? AND end_time > 0 AND end_time <= ? ORDER BY end_time asc, id asc LIMIT 300[0m

2026/10/02 16:12:03 [32mgithub.com/QuantumNous/new-api/model/system_instance.go:69 [33mSLOW SQL >= 200ms
[0m[31;1m[1055.820ms] [33m[rows:2][35m INSERT INTO `system_instances` (`node_name`,`info`,`started_at`,`last_seen_at`,`created_at`,`updated_at`) VALUES (?,?,?,?,?,?) ON DUPLICATE KEY UPDATE `info`=VALUES(`info`),`started_at`=VALUES(`started_at`),`last_seen_at`=VALUES(`last_seen_at`),`updated_at`=VALUES(`updated_at`)[0m

2026/10/02 16:12:17 [32mgithub.com/QuantumNous/new-api/model/system_task.go:216 [33mSLOW SQL >= 200ms
[0m[31;1m[288.852ms] [33m[rows:1][35m SELECT * FROM `system_tasks` WHERE id IN (SELECT MAX(id) FROM `system_tasks` WHERE type IN (?) GROUP BY `type`)[0m

2026/10/02 16:12:26 [32mgithub.com/QuantumNous/new-api/zsy/runninghub/queue.go:116 [33mSLOW SQL >= 200ms
[0m[31;1m[390.324ms] [33m[rows:0][35m SELECT * FROM `rh_queued_tasks` ORDER BY created_at asc, id asc LIMIT 20[0m

2026/10/02 16:12:32 [32mgithub.com/QuantumNous/new-api/model/system_task.go:169 [33mSLOW SQL >= 200ms
[0m[31;1m[460.003ms] [33m[rows:0][35m SELECT * FROM `system_tasks` WHERE id IN (SELECT MIN(id) FROM `system_tasks` WHERE type IN (?,?,?,?,?) AND status = ? GROUP BY `type`)[0m

2026/10/02 16:12:32 [32mgithub.com/QuantumNous/new-api/model/system_instance.go:69 [33mSLOW SQL >= 200ms
[0m[31;1m[388.998ms] [33m[rows:2][35m INSERT INTO `system_instances` (`node_name`,`info`,`started_at`,`last_seen_at`,`created_at`,`updated_at`) VALUES (?,?,?,?,?,?) ON DUPLICATE KEY UPDATE `info`=VALUES(`info`),`started_at`=VALUES(`started_at`),`last_seen_at`=VALUES(`last_seen_at`),`updated_at`=VALUES(`updated_at`)[0m

2026/10/02 16:12:45 [32mgithub.com/QuantumNous/new-api/service/authz/adapter.go:23 [33mSLOW SQL >= 200ms
[0m[31;1m[638.395ms] [33m[rows:3][35m SELECT * FROM `casbin_rule` ORDER BY id asc[0m

2026/10/02 16:12:59 [32mgithub.com/QuantumNous/new-api/zsy/runninghub/queue.go:116 [33mSLOW SQL >= 200ms
[0m[31;1m[245.164ms] [33m[rows:0][35m SELECT * FROM `rh_queued_tasks` ORDER BY created_at asc, id asc LIMIT 20[0m
[SYS] 2026/10/02 - 16:13:00 | syncing options from database 

2026/10/02 16:13:01 [32mgithub.com/QuantumNous/new-api/model/option.go:26 [33mSLOW SQL >= 200ms
[0m[31;1m[309.482ms] [33m[rows:37][35m SELECT * FROM `options`[0m

2026/10/02 16:13:03 [32mgithub.com/QuantumNous/new-api/model/system_instance.go:69 [33mSLOW SQL >= 200ms
[0m[31;1m[783.541ms] [33m[rows:2][35m INSERT INTO `system_instances` (`node_name`,`info`,`started_at`,`last_seen_at`,`created_at`,`updated_at`) VALUES (?,?,?,?,?,?) ON DUPLICATE KEY UPDATE `info`=VALUES(`info`),`started_at`=VALUES(`started_at`),`last_seen_at`=VALUES(`last_seen_at`),`updated_at`=VALUES(`updated_at`)[0m

2026/10/02 16:13:05 [32mgithub.com/QuantumNous/new-api/zsy/runninghub/queue.go:203 [33mSLOW SQL >= 200ms
[0m[31;1m[607.161ms] [33m[rows:0][35m SELECT * FROM `rh_queued_tasks` WHERE created_at < ? ORDER BY created_at asc LIMIT 50[0m

2026/10/02 16:13:13 [32mgithub.com/QuantumNous/new-api/zsy/runninghub/queue.go:203 [33mSLOW SQL >= 200ms
[0m[31;1m[230.786ms] [33m[rows:0][35m SELECT * FROM `rh_queued_tasks` WHERE created_at < ? ORDER BY created_at asc LIMIT 50[0m

2026/10/02 16:13:17 [32mgithub.com/QuantumNous/new-api/model/system_task.go:362 [33mSLOW SQL >= 200ms
[0m[31;1m[526.118ms] [33m[rows:0][35m SELECT * FROM `system_task_locks` WHERE locked_until < ?[0m

2026/10/02 16:13:32 [32mgithub.com/QuantumNous/new-api/model/system_instance.go:69 [33mSLOW SQL >= 200ms
[0m[31;1m[394.015ms] [33m[rows:2][35m INSERT INTO `system_instances` (`node_name`,`info`,`started_at`,`last_seen_at`,`created_at`,`updated_at`) VALUES (?,?,?,?,?,?) ON DUPLICATE KEY UPDATE `info`=VALUES(`info`),`started_at`=VALUES(`started_at`),`last_seen_at`=VALUES(`last_seen_at`),`updated_at`=VALUES(`updated_at`)[0m

2026/10/02 16:13:38 [32mgithub.com/QuantumNous/new-api/zsy/runninghub/queue.go:116 [33mSLOW SQL >= 200ms
[0m[31;1m[209.339ms] [33m[rows:0][35m SELECT * FROM `rh_queued_tasks` ORDER BY created_at asc, id asc LIMIT 20[0m

2026/10/02 16:13:47 [32mgithub.com/QuantumNous/new-api/zsy/runninghub/queue.go:116 [33mSLOW SQL >= 200ms
[0m[31;1m[400.259ms] [33m[rows:0][35m SELECT * FROM `rh_queued_tasks` ORDER BY created_at asc, id asc LIMIT 20[0m
[SYS] 2026/10/02 - 16:14:01 | syncing options from database 

2026/10/02 16:14:01 [32mgithub.com/QuantumNous/new-api/model/option.go:26 [33mSLOW SQL >= 200ms
[0m[31;1m[245.673ms] [33m[rows:37][35m SELECT * FROM `options`[0m

2026/10/02 16:14:02 [32mgithub.com/QuantumNous/new-api/model/db_time.go:16 [33mSLOW SQL >= 200ms
[0m[31;1m[626.229ms] [33m[rows:1][35m SELECT UNIX_TIMESTAMP()[0m

2026/10/02 16:14:02 [32mgithub.com/QuantumNous/new-api/model/system_instance.go:69 [33mSLOW SQL >= 200ms
[0m[31;1m[344.730ms] [33m[rows:2][35m INSERT INTO `system_instances` (`node_name`,`info`,`started_at`,`last_seen_at`,`created_at`,`updated_at`) VALUES (?,?,?,?,?,?) ON DUPLICATE KEY UPDATE `info`=VALUES(`info`),`started_at`=VALUES(`started_at`),`last_seen_at`=VALUES(`last_seen_at`),`updated_at`=VALUES(`updated_at`)[0m

2026/10/02 16:14:02 [32mgithub.com/QuantumNous/new-api/model/subscription.go:1149 [33mSLOW SQL >= 200ms
[0m[31;1m[259.121ms] [33m[rows:0][35m SELECT * FROM `user_subscriptions` WHERE status = ? AND end_time > 0 AND end_time <= ? ORDER BY end_time asc, id asc LIMIT 300[0m

2026/10/02 16:14:32 [32mgithub.com/QuantumNous/new-api/model/system_task.go:362 [33mSLOW SQL >= 200ms
[0m[31;1m[345.567ms] [33m[rows:0][35m SELECT * FROM `system_task_locks` WHERE locked_until < ?[0m

2026/10/02 16:14:32 [32mgithub.com/QuantumNous/new-api/zsy/runninghub/queue.go:203 [33mSLOW SQL >= 200ms
[0m[31;1m[868.027ms] [33m[rows:0][35m SELECT * FROM `rh_queued_tasks` WHERE created_at < ? ORDER BY created_at asc LIMIT 50[0m

2026/10/02 16:14:33 [32mgithub.com/QuantumNous/new-api/model/system_task.go:169 [33mSLOW SQL >= 200ms
[0m[31;1m[474.281ms] [33m[rows:0][35m SELECT * FROM `system_tasks` WHERE id IN (SELECT MIN(id) FROM `system_tasks` WHERE type IN (?,?,?,?,?) AND status = ? GROUP BY `type`)[0m

2026/10/02 16:14:33 [32mgithub.com/QuantumNous/new-api/model/system_instance.go:69 [33mSLOW SQL >= 200ms
[0m[31;1m[985.201ms] [33m[rows:2][35m INSERT INTO `system_instances` (`node_name`,`info`,`started_at`,`last_seen_at`,`created_at`,`updated_at`) VALUES (?,?,?,?,?,?) ON DUPLICATE KEY UPDATE `info`=VALUES(`info`),`started_at`=VALUES(`started_at`),`last_seen_at`=VALUES(`last_seen_at`),`updated_at`=VALUES(`updated_at`)[0m
[SYS] 2026/10/02 - 16:15:01 | syncing options from database 

2026/10/02 16:15:01 [32mgithub.com/QuantumNous/new-api/model/option.go:26 [33mSLOW SQL >= 200ms
[0m[31;1m[224.994ms] [33m[rows:37][35m SELECT * FROM `options`[0m

2026/10/02 16:15:02 [32mgithub.com/QuantumNous/new-api/model/system_instance.go:69 [33mSLOW SQL >= 200ms
[0m[31;1m[349.449ms] [33m[rows:2][35m INSERT INTO `system_instances` (`node_name`,`info`,`started_at`,`last_seen_at`,`created_at`,`updated_at`) VALUES (?,?,?,?,?,?) ON DUPLICATE KEY UPDATE `info`=VALUES(`info`),`started_at`=VALUES(`started_at`),`last_seen_at`=VALUES(`last_seen_at`),`updated_at`=VALUES(`updated_at`)[0m

2026/10/02 16:15:17 [32mgithub.com/QuantumNous/new-api/model/midjourney.go:116 [33mSLOW SQL >= 200ms
[0m[31;1m[518.398ms] [33m[rows:0][35m SELECT `id` FROM `midjourneys` WHERE progress != ? LIMIT 1[0m

2026/10/02 16:15:17 [32mgithub.com/QuantumNous/new-api/model/system_task.go:216 [33mSLOW SQL >= 200ms
[0m[31;1m[268.852ms] [33m[rows:1][35m SELECT * FROM `system_tasks` WHERE id IN (SELECT MAX(id) FROM `system_tasks` WHERE type IN (?) GROUP BY `type`)[0m

2026/10/02 16:15:32 [32mgithub.com/QuantumNous/new-api/model/system_task.go:169 [33mSLOW SQL >= 200ms
[0m[31;1m[272.495ms] [33m[rows:0][35m SELECT * FROM `system_tasks` WHERE id IN (SELECT MIN(id) FROM `system_tasks` WHERE type IN (?,?,?,?,?) AND status = ? GROUP BY `type`)[0m

2026/10/02 16:15:32 [32mgithub.com/QuantumNous/new-api/model/system_instance.go:69 [33mSLOW SQL >= 200ms
[0m[31;1m[559.626ms] [33m[rows:2][35m INSERT INTO `system_instances` (`node_name`,`info`,`started_at`,`last_seen_at`,`created_at`,`updated_at`) VALUES (?,?,?,?,?,?) ON DUPLICATE KEY UPDATE `info`=VALUES(`info`),`started_at`=VALUES(`started_at`),`last_seen_at`=VALUES(`last_seen_at`),`updated_at`=VALUES(`updated_at`)[0m

2026/10/02 16:15:35 [32mgithub.com/QuantumNous/new-api/zsy/runninghub/queue.go:203 [33mSLOW SQL >= 200ms
[0m[31;1m[931.751ms] [33m[rows:0][35m SELECT * FROM `rh_queued_tasks` WHERE created_at < ? ORDER BY created_at asc LIMIT 50[0m

2026/10/02 16:15:47 [32mgithub.com/QuantumNous/new-api/model/midjourney.go:116 [33mSLOW SQL >= 200ms
[0m[31;1m[451.129ms] [33m[rows:0][35m SELECT `id` FROM `midjourneys` WHERE progress != ? LIMIT 1[0m

2026/10/02 16:15:47 [32mgithub.com/QuantumNous/new-api/zsy/runninghub/queue.go:203 [33mSLOW SQL >= 200ms
[0m[31;1m[576.348ms] [33m[rows:0][35m SELECT * FROM `rh_queued_tasks` WHERE created_at < ? ORDER BY created_at asc LIMIT 50[0m

2026/10/02 16:15:47 [32mgithub.com/QuantumNous/new-api/zsy/runninghub/queue.go:116 [33mSLOW SQL >= 200ms
[0m[31;1m[481.447ms] [33m[rows:0][35m SELECT * FROM `rh_queued_tasks` ORDER BY created_at asc, id asc LIMIT 20[0m
[SYS] 2026/10/02 - 16:16:01 | syncing options from database 

2026/10/02 16:16:01 [32mgithub.com/QuantumNous/new-api/model/option.go:26 [33mSLOW SQL >= 200ms
[0m[31;1m[241.617ms] [33m[rows:37][35m SELECT * FROM `options`[0m
[SYS] 2026/10/02 - 16:16:01 | 正在更新数据看板数据... 
[SYS] 2026/10/02 - 16:16:01 | 保存数据看板数据成功，共保存0条数据 

2026/10/02 16:16:02 [32mgithub.com/QuantumNous/new-api/model/subscription.go:1437 [33mSLOW SQL >= 200ms
[0m[31;1m[235.119ms] [33m[rows:0][35m SELECT * FROM `user_subscriptions` WHERE next_reset_time > 0 AND next_reset_time <= ? AND status = ? ORDER BY next_reset_time asc LIMIT 300[0m

2026/10/02 16:16:02 [32mgithub.com/QuantumNous/new-api/model/system_instance.go:69 [33mSLOW SQL >= 200ms
[0m[31;1m[416.422ms] [33m[rows:2][35m INSERT INTO `system_instances` (`node_name`,`info`,`started_at`,`last_seen_at`,`created_at`,`updated_at`) VALUES (?,?,?,?,?,?) ON DUPLICATE KEY UPDATE `info`=VALUES(`info`),`started_at`=VALUES(`started_at`),`last_seen_at`=VALUES(`last_seen_at`),`updated_at`=VALUES(`updated_at`)[0m

2026/10/02 16:16:02 [32mgithub.com/QuantumNous/new-api/service/codex_credential_refresh_task.go:80 [33mSLOW SQL >= 200ms
[0m[31;1m[1040.943ms] [33m[rows:0][35m SELECT `id`,`name`,`key`,`status`,`channel_info` FROM `channels` WHERE type = ? AND (status = ? OR status = ?) ORDER BY id asc LIMIT 200[0m

2026/10/02 16:16:02 [32mgithub.com/QuantumNous/new-api/zsy/runninghub/queue.go:203 [33mSLOW SQL >= 200ms
[0m[31;1m[1040.967ms] [33m[rows:0][35m SELECT * FROM `rh_queued_tasks` WHERE created_at < ? ORDER BY created_at asc LIMIT 50[0m

2026/10/02 16:16:03 [32mgithub.com/QuantumNous/new-api/zsy/runninghub/queue.go:116 [33mSLOW SQL >= 200ms
[0m[31;1m[226.400ms] [33m[rows:0][35m SELECT * FROM `rh_queued_tasks` ORDER BY created_at asc, id asc LIMIT 20[0m

2026/10/02 16:16:07 [32mgithub.com/QuantumNous/new-api/zsy/runninghub/queue.go:203 [33mSLOW SQL >= 200ms
[0m[31;1m[225.215ms] [33m[rows:0][35m SELECT * FROM `rh_queued_tasks` WHERE created_at < ? ORDER BY created_at asc LIMIT 50[0m

2026/10/02 16:16:16 [32mgithub.com/QuantumNous/new-api/zsy/runninghub/queue.go:203 [33mSLOW SQL >= 200ms
[0m[31;1m[217.857ms] [33m[rows:0][35m SELECT * FROM `rh_queued_tasks` WHERE created_at < ? ORDER BY created_at asc LIMIT 50[0m

2026/10/02 16:16:17 [32mgithub.com/QuantumNous/new-api/model/system_task.go:169 [33mSLOW SQL >= 200ms
[0m[31;1m[207.904ms] [33m[rows:0][35m SELECT * FROM `system_tasks` WHERE id IN (SELECT MIN(id) FROM `system_tasks` WHERE type IN (?,?,?,?,?) AND status = ? GROUP BY `type`)[0m

2026/10/02 16:16:32 [32mgithub.com/QuantumNous/new-api/model/system_task.go:362 [33mSLOW SQL >= 200ms
[0m[31;1m[287.597ms] [33m[rows:0][35m SELECT * FROM `system_task_locks` WHERE locked_until < ?[0m

2026/10/02 16:16:32 [32mgithub.com/QuantumNous/new-api/zsy/runninghub/queue.go:116 [33mSLOW SQL >= 200ms
[0m[31;1m[228.829ms] [33m[rows:0][35m SELECT * FROM `rh_queued_tasks` ORDER BY created_at asc, id asc LIMIT 20[0m

2026/10/02 16:16:32 [32mgithub.com/QuantumNous/new-api/model/system_instance.go:69 [33mSLOW SQL >= 200ms
[0m[31;1m[441.682ms] [33m[rows:2][35m INSERT INTO `system_instances` (`node_name`,`info`,`started_at`,`last_seen_at`,`created_at`,`updated_at`) VALUES (?,?,?,?,?,?) ON DUPLICATE KEY UPDATE `info`=VALUES(`info`),`started_at`=VALUES(`started_at`),`last_seen_at`=VALUES(`last_seen_at`),`updated_at`=VALUES(`updated_at`)[0m
[SYS] 2026/10/02 - 16:17:01 | syncing options from database 

2026/10/02 16:17:02 [32mgithub.com/QuantumNous/new-api/model/option.go:26 [33mSLOW SQL >= 200ms
[0m[31;1m[448.389ms] [33m[rows:37][35m SELECT * FROM `options`[0m

2026/10/02 16:17:02 [32mgithub.com/QuantumNous/new-api/model/system_instance.go:69 [33mSLOW SQL >= 200ms
[0m[31;1m[502.520ms] [33m[rows:2][35m INSERT INTO `system_instances` (`node_name`,`info`,`started_at`,`last_seen_at`,`created_at`,`updated_at`) VALUES (?,?,?,?,?,?) ON DUPLICATE KEY UPDATE `info`=VALUES(`info`),`started_at`=VALUES(`started_at`),`last_seen_at`=VALUES(`last_seen_at`),`updated_at`=VALUES(`updated_at`)[0m

2026/10/02 16:17:02 [32mgithub.com/QuantumNous/new-api/zsy/runninghub/queue.go:203 [33mSLOW SQL >= 200ms
[0m[31;1m[1005.540ms] [33m[rows:0][35m SELECT * FROM `rh_queued_tasks` WHERE created_at < ? ORDER BY created_at asc LIMIT 50[0m

2026/10/02 16:17:03 [32mgithub.com/QuantumNous/new-api/model/db_time.go:16 [33mSLOW SQL >= 200ms
[0m[31;1m[1642.124ms] [33m[rows:1][35m SELECT UNIX_TIMESTAMP()[0m

2026/10/02 16:17:03 [32mgithub.com/QuantumNous/new-api/model/subscription.go:1149 [33mSLOW SQL >= 200ms
[0m[31;1m[204.945ms] [33m[rows:0][35m SELECT * FROM `user_subscriptions` WHERE status = ? AND end_time > 0 AND end_time <= ? ORDER BY end_time asc, id asc LIMIT 300[0m

2026/10/02 16:17:16 [32mgithub.com/QuantumNous/new-api/model/system_task.go:362 [33mSLOW SQL >= 200ms
[0m[31;1m[218.160ms] [33m[rows:0][35m SELECT * FROM `system_task_locks` WHERE locked_until < ?[0m

2026/10/02 16:17:17 [32mgithub.com/QuantumNous/new-api/model/midjourney.go:116 [33mSLOW SQL >= 200ms
[0m[31;1m[215.346ms] [33m[rows:0][35m SELECT `id` FROM `midjourneys` WHERE progress != ? LIMIT 1[0m

2026/10/02 16:17:17 [32mgithub.com/QuantumNous/new-api/model/system_task.go:216 [33mSLOW SQL >= 200ms
[0m[31;1m[511.440ms] [33m[rows:1][35m SELECT * FROM `system_tasks` WHERE id IN (SELECT MAX(id) FROM `system_tasks` WHERE type IN (?) GROUP BY `type`)[0m

2026/10/02 16:17:32 [32mgithub.com/QuantumNous/new-api/model/system_task.go:169 [33mSLOW SQL >= 200ms
[0m[31;1m[290.731ms] [33m[rows:0][35m SELECT * FROM `system_tasks` WHERE id IN (SELECT MIN(id) FROM `system_tasks` WHERE type IN (?,?,?,?,?) AND status = ? GROUP BY `type`)[0m

2026/10/02 16:17:32 [32mgithub.com/QuantumNous/new-api/model/system_instance.go:69 [33mSLOW SQL >= 200ms
[0m[31;1m[450.037ms] [33m[rows:2][35m INSERT INTO `system_instances` (`node_name`,`info`,`started_at`,`last_seen_at`,`created_at`,`updated_at`) VALUES (?,?,?,?,?,?) ON DUPLICATE KEY UPDATE `info`=VALUES(`info`),`started_at`=VALUES(`started_at`),`last_seen_at`=VALUES(`last_seen_at`),`updated_at`=VALUES(`updated_at`)[0m

2026/10/02 16:17:53 [32mgithub.com/QuantumNous/new-api/zsy/runninghub/queue.go:203 [33mSLOW SQL >= 200ms
[0m[31;1m[422.245ms] [33m[rows:0][35m SELECT * FROM `rh_queued_tasks` WHERE created_at < ? ORDER BY created_at asc LIMIT 50[0m

2026/10/02 16:17:59 [32mgithub.com/QuantumNous/new-api/zsy/runninghub/queue.go:116 [33mSLOW SQL >= 200ms
[0m[31;1m[463.572ms] [33m[rows:0][35m SELECT * FROM `rh_queued_tasks` ORDER BY created_at asc, id asc LIMIT 20[0m
[SYS] 2026/10/02 - 16:18:02 | syncing options from database 

2026/10/02 16:18:02 [32mgithub.com/QuantumNous/new-api/zsy/runninghub/queue.go:203 [33mSLOW SQL >= 200ms
[0m[31;1m[525.972ms] [33m[rows:0][35m SELECT * FROM `rh_queued_tasks` WHERE created_at < ? ORDER BY created_at asc LIMIT 50[0m

2026/10/02 16:18:02 [32mgithub.com/QuantumNous/new-api/model/subscription.go:1476 [33mSLOW SQL >= 200ms
[0m[31;1m[332.174ms] [33m[rows:0][35m DELETE FROM `subscription_pre_consume_records` WHERE updated_at < ?[0m

2026/10/02 16:18:02 [32mgithub.com/QuantumNous/new-api/model/option.go:26 [33mSLOW SQL >= 200ms
[0m[31;1m[596.644ms] [33m[rows:37][35m SELECT * FROM `options`[0m

2026/10/02 16:18:02 [32mgithub.com/QuantumNous/new-api/model/system_instance.go:69 [33mSLOW SQL >= 200ms
[0m[31;1m[726.519ms] [33m[rows:2][35m INSERT INTO `system_instances` (`node_name`,`info`,`started_at`,`last_seen_at`,`created_at`,`updated_at`) VALUES (?,?,?,?,?,?) ON DUPLICATE KEY UPDATE `info`=VALUES(`info`),`started_at`=VALUES(`started_at`),`last_seen_at`=VALUES(`last_seen_at`),`updated_at`=VALUES(`updated_at`)[0m

2026/10/02 16:18:14 [32mgithub.com/QuantumNous/new-api/zsy/runninghub/queue.go:116 [33mSLOW SQL >= 200ms
[0m[31;1m[390.501ms] [33m[rows:0][35m SELECT * FROM `rh_queued_tasks` ORDER BY created_at asc, id asc LIMIT 20[0m

2026/10/02 16:18:17 [32mgithub.com/QuantumNous/new-api/model/midjourney.go:116 [33mSLOW SQL >= 200ms
[0m[31;1m[445.294ms] [33m[rows:0][35m SELECT `id` FROM `midjourneys` WHERE progress != ? LIMIT 1[0m

2026/10/02 16:18:20 [32mgithub.com/QuantumNous/new-api/zsy/runninghub/queue.go:203 [33mSLOW SQL >= 200ms
[0m[31;1m[257.584ms] [33m[rows:0][35m SELECT * FROM `rh_queued_tasks` WHERE created_at < ? ORDER BY created_at asc LIMIT 50[0m

2026/10/02 16:18:29 [32mgithub.com/QuantumNous/new-api/zsy/runninghub/queue.go:116 [33mSLOW SQL >= 200ms
[0m[31;1m[379.799ms] [33m[rows:0][35m SELECT * FROM `rh_queued_tasks` ORDER BY created_at asc, id asc LIMIT 20[0m

2026/10/02 16:18:32 [32mgithub.com/QuantumNous/new-api/model/system_instance.go:69 [33mSLOW SQL >= 200ms
[0m[31;1m[311.010ms] [33m[rows:2][35m INSERT INTO `system_instances` (`node_name`,`info`,`started_at`,`last_seen_at`,`created_at`,`updated_at`) VALUES (?,?,?,?,?,?) ON DUPLICATE KEY UPDATE `info`=VALUES(`info`),`started_at`=VALUES(`started_at`),`last_seen_at`=VALUES(`last_seen_at`),`updated_at`=VALUES(`updated_at`)[0m

2026/10/02 16:18:50 [32mgithub.com/QuantumNous/new-api/zsy/runninghub/queue.go:203 [33mSLOW SQL >= 200ms
[0m[31;1m[355.751ms] [33m[rows:0][35m SELECT * FROM `rh_queued_tasks` WHERE created_at < ? ORDER BY created_at asc LIMIT 50[0m

2026/10/02 16:18:53 [32mgithub.com/QuantumNous/new-api/zsy/runninghub/queue.go:116 [33mSLOW SQL >= 200ms
[0m[31;1m[423.350ms] [33m[rows:0][35m SELECT * FROM `rh_queued_tasks` ORDER BY created_at asc, id asc LIMIT 20[0m

2026/10/02 16:18:59 [32mgithub.com/QuantumNous/new-api/zsy/runninghub/queue.go:203 [33mSLOW SQL >= 200ms
[0m[31;1m[462.429ms] [33m[rows:0][35m SELECT * FROM `rh_queued_tasks` WHERE created_at < ? ORDER BY created_at asc LIMIT 50[0m

2026/10/02 16:18:59 [32mgithub.com/QuantumNous/new-api/zsy/runninghub/queue.go:116 [33mSLOW SQL >= 200ms
[0m[31;1m[350.442ms] [33m[rows:0][35m SELECT * FROM `rh_queued_tasks` ORDER BY created_at asc, id asc LIMIT 20[0m

2026/10/02 16:19:02 [32mgithub.com/QuantumNous/new-api/zsy/runninghub/queue.go:203 [33mSLOW SQL >= 200ms
[0m[31;1m[261.881ms] [33m[rows:0][35m SELECT * FROM `rh_queued_tasks` WHERE created_at < ? ORDER BY created_at asc LIMIT 50[0m

2026/10/02 16:19:02 [32mgithub.com/QuantumNous/new-api/zsy/runninghub/queue.go:116 [33mSLOW SQL >= 200ms
[0m[31;1m[340.533ms] [33m[rows:0][35m SELECT * FROM `rh_queued_tasks` ORDER BY created_at asc, id asc LIMIT 20[0m

2026/10/02 16:19:02 [32mgithub.com/QuantumNous/new-api/model/midjourney.go:116 [33mSLOW SQL >= 200ms
[0m[31;1m[602.936ms] [33m[rows:0][35m SELECT `id` FROM `midjourneys` WHERE progress != ? LIMIT 1[0m

2026/10/02 16:19:02 [32mgithub.com/QuantumNous/new-api/model/db_time.go:16 [33mSLOW SQL >= 200ms
[0m[31;1m[603.373ms] [33m[rows:1][35m SELECT UNIX_TIMESTAMP()[0m

2026/10/02 16:19:02 [32mgithub.com/QuantumNous/new-api/model/task.go:355 [33mSLOW SQL >= 200ms
[0m[31;1m[277.456ms] [33m[rows:0][35m SELECT `id` FROM `tasks` WHERE progress != ? AND status != ? AND status != ? LIMIT 1[0m
[SYS] 2026/10/02 - 16:19:02 | syncing options from database 

2026/10/02 16:19:02 [32mgithub.com/QuantumNous/new-api/model/subscription.go:1149 [33mSLOW SQL >= 200ms
[0m[31;1m[532.978ms] [33m[rows:0][35m SELECT * FROM `user_subscriptions` WHERE status = ? AND end_time > 0 AND end_time <= ? ORDER BY end_time asc, id asc LIMIT 300[0m

2026/10/02 16:19:03 [32mgithub.com/QuantumNous/new-api/model/system_task.go:216 [33mSLOW SQL >= 200ms
[0m[31;1m[961.808ms] [33m[rows:1][35m SELECT * FROM `system_tasks` WHERE id IN (SELECT MAX(id) FROM `system_tasks` WHERE type IN (?) GROUP BY `type`)[0m

2026/10/02 16:19:03 [32mgithub.com/QuantumNous/new-api/model/db_time.go:16 [33mSLOW SQL >= 200ms
[0m[31;1m[705.383ms] [33m[rows:1][35m SELECT UNIX_TIMESTAMP()[0m

2026/10/02 16:19:04 [32mgithub.com/QuantumNous/new-api/model/system_task.go:169 [33mSLOW SQL >= 200ms
[0m[31;1m[618.672ms] [33m[rows:0][35m SELECT * FROM `system_tasks` WHERE id IN (SELECT MIN(id) FROM `system_tasks` WHERE type IN (?,?,?,?,?) AND status = ? GROUP BY `type`)[0m

2026/10/02 16:19:04 [32mgithub.com/QuantumNous/new-api/model/system_instance.go:69 [33mSLOW SQL >= 200ms
[0m[31;1m[2138.233ms] [33m[rows:2][35m INSERT INTO `system_instances` (`node_name`,`info`,`started_at`,`last_seen_at`,`created_at`,`updated_at`) VALUES (?,?,?,?,?,?) ON DUPLICATE KEY UPDATE `info`=VALUES(`info`),`started_at`=VALUES(`started_at`),`last_seen_at`=VALUES(`last_seen_at`),`updated_at`=VALUES(`updated_at`)[0m

2026/10/02 16:19:04 [32mgithub.com/QuantumNous/new-api/model/option.go:26 [33mSLOW SQL >= 200ms
[0m[31;1m[1786.297ms] [33m[rows:37][35m SELECT * FROM `options`[0m

2026/10/02 16:19:04 [32mgithub.com/QuantumNous/new-api/model/subscription.go:1437 [33mSLOW SQL >= 200ms
[0m[31;1m[1176.571ms] [33m[rows:0][35m SELECT * FROM `user_subscriptions` WHERE next_reset_time > 0 AND next_reset_time <= ? AND status = ? ORDER BY next_reset_time asc LIMIT 300[0m

2026/10/02 16:19:05 [32mgithub.com/QuantumNous/new-api/zsy/runninghub/queue.go:203 [33mSLOW SQL >= 200ms
[0m[31;1m[253.453ms] [33m[rows:0][35m SELECT * FROM `rh_queued_tasks` WHERE created_at < ? ORDER BY created_at asc LIMIT 50[0m

2026/10/02 16:19:05 [32mgithub.com/QuantumNous/new-api/zsy/runninghub/queue.go:116 [33mSLOW SQL >= 200ms
[0m[31;1m[299.736ms] [33m[rows:0][35m SELECT * FROM `rh_queued_tasks` ORDER BY created_at asc, id asc LIMIT 20[0m

2026/10/02 16:19:10 [32mgithub.com/QuantumNous/new-api/zsy/runninghub/queue.go:203 [33mSLOW SQL >= 200ms
[0m[31;1m[212.466ms] [33m[rows:0][35m SELECT * FROM `rh_queued_tasks` WHERE created_at < ? ORDER BY created_at asc LIMIT 50[0m

2026/10/02 16:19:23 [32mgithub.com/QuantumNous/new-api/zsy/runninghub/queue.go:203 [33mSLOW SQL >= 200ms
[0m[31;1m[436.701ms] [33m[rows:0][35m SELECT * FROM `rh_queued_tasks` WHERE created_at < ? ORDER BY created_at asc LIMIT 50[0m

2026/10/02 16:19:29 [32mgithub.com/QuantumNous/new-api/zsy/runninghub/queue.go:203 [33mSLOW SQL >= 200ms
[0m[31;1m[261.095ms] [33m[rows:0][35m SELECT * FROM `rh_queued_tasks` WHERE created_at < ? ORDER BY created_at asc LIMIT 50[0m

2026/10/02 16:19:29 [32mgithub.com/QuantumNous/new-api/zsy/runninghub/queue.go:116 [33mSLOW SQL >= 200ms
[0m[31;1m[367.984ms] [33m[rows:0][35m SELECT * FROM `rh_queued_tasks` ORDER BY created_at asc, id asc LIMIT 20[0m

2026/10/02 16:19:32 [32mgithub.com/QuantumNous/new-api/model/task.go:355 [33mSLOW SQL >= 200ms
[0m[31;1m[287.207ms] [33m[rows:0][35m SELECT `id` FROM `tasks` WHERE progress != ? AND status != ? AND status != ? LIMIT 1[0m

2026/10/02 16:19:32 [32mgithub.com/QuantumNous/new-api/model/system_task.go:216 [33mSLOW SQL >= 200ms
[0m[31;1m[314.657ms] [33m[rows:1][35m SELECT * FROM `system_tasks` WHERE id IN (SELECT MAX(id) FROM `system_tasks` WHERE type IN (?) GROUP BY `type`)[0m

2026/10/02 16:19:32 [32mgithub.com/QuantumNous/new-api/model/system_instance.go:69 [33mSLOW SQL >= 200ms
[0m[31;1m[479.753ms] [33m[rows:2][35m INSERT INTO `system_instances` (`node_name`,`info`,`started_at`,`last_seen_at`,`created_at`,`updated_at`) VALUES (?,?,?,?,?,?) ON DUPLICATE KEY UPDATE `info`=VALUES(`info`),`started_at`=VALUES(`started_at`),`last_seen_at`=VALUES(`last_seen_at`),`updated_at`=VALUES(`updated_at`)[0m

2026/10/02 16:19:47 [32mgithub.com/QuantumNous/new-api/service/authz/adapter.go:23 [33mSLOW SQL >= 200ms
[0m[31;1m[211.377ms] [33m[rows:3][35m SELECT * FROM `casbin_rule` ORDER BY id asc[0m

2026/10/02 16:19:50 [32mgithub.com/QuantumNous/new-api/zsy/runninghub/queue.go:203 [33mSLOW SQL >= 200ms
[0m[31;1m[441.056ms] [33m[rows:0][35m SELECT * FROM `rh_queued_tasks` WHERE created_at < ? ORDER BY created_at asc LIMIT 50[0m

2026/10/02 16:19:53 [32mgithub.com/QuantumNous/new-api/zsy/runninghub/queue.go:203 [33mSLOW SQL >= 200ms
[0m[31;1m[753.937ms] [33m[rows:0][35m SELECT * FROM `rh_queued_tasks` WHERE created_at < ? ORDER BY created_at asc LIMIT 50[0m

2026/10/02 16:19:53 [32mgithub.com/QuantumNous/new-api/zsy/runninghub/queue.go:116 [33mSLOW SQL >= 200ms
[0m[31;1m[334.225ms] [33m[rows:0][35m SELECT * FROM `rh_queued_tasks` ORDER BY created_at asc, id asc LIMIT 20[0m

2026/10/02 16:19:56 [32mgithub.com/QuantumNous/new-api/zsy/runninghub/queue.go:203 [33mSLOW SQL >= 200ms
[0m[31;1m[291.482ms] [33m[rows:0][35m SELECT * FROM `rh_queued_tasks` WHERE created_at < ? ORDER BY created_at asc LIMIT 50[0m

2026/10/02 16:19:56 [32mgithub.com/QuantumNous/new-api/zsy/runninghub/queue.go:116 [33mSLOW SQL >= 200ms
[0m[31;1m[434.441ms] [33m[rows:0][35m SELECT * FROM `rh_queued_tasks` ORDER BY created_at asc, id asc LIMIT 20[0m

2026/10/02 16:19:59 [32mgithub.com/QuantumNous/new-api/zsy/runninghub/queue.go:203 [33mSLOW SQL >= 200ms
[0m[31;1m[312.496ms] [33m[rows:0][35m SELECT * FROM `rh_queued_tasks` WHERE created_at < ? ORDER BY created_at asc LIMIT 50[0m

2026/10/02 16:20:02 [32mgithub.com/QuantumNous/new-api/zsy/runninghub/queue.go:203 [33mSLOW SQL >= 200ms
[0m[31;1m[249.785ms] [33m[rows:0][35m SELECT * FROM `rh_queued_tasks` WHERE created_at < ? ORDER BY created_at asc LIMIT 50[0m

2026/10/02 16:20:02 [32mgithub.com/QuantumNous/new-api/model/midjourney.go:116 [33mSLOW SQL >= 200ms
[0m[31;1m[250.594ms] [33m[rows:0][35m SELECT `id` FROM `midjourneys` WHERE progress != ? LIMIT 1[0m

2026/10/02 16:20:02 [32mgithub.com/QuantumNous/new-api/model/db_time.go:16 [33mSLOW SQL >= 200ms
[0m[31;1m[329.827ms] [33m[rows:1][35m SELECT UNIX_TIMESTAMP()[0m

2026/10/02 16:20:02 [32mgithub.com/QuantumNous/new-api/model/system_task.go:216 [33mSLOW SQL >= 200ms
[0m[31;1m[620.378ms] [33m[rows:1][35m SELECT * FROM `system_tasks` WHERE id IN (SELECT MAX(id) FROM `system_tasks` WHERE type IN (?) GROUP BY `type`)[0m

2026/10/02 16:20:02 [32mgithub.com/QuantumNous/new-api/model/system_task.go:169 [33mSLOW SQL >= 200ms
[0m[31;1m[275.905ms] [33m[rows:0][35m SELECT * FROM `system_tasks` WHERE id IN (SELECT MIN(id) FROM `system_tasks` WHERE type IN (?,?,?,?,?) AND status = ? GROUP BY `type`)[0m

2026/10/02 16:20:03 [32mgithub.com/QuantumNous/new-api/model/subscription.go:1149 [33mSLOW SQL >= 200ms
[0m[31;1m[1051.867ms] [33m[rows:0][35m SELECT * FROM `user_subscriptions` WHERE status = ? AND end_time > 0 AND end_time <= ? ORDER BY end_time asc, id asc LIMIT 300[0m

2026/10/02 16:20:03 [32mgithub.com/QuantumNous/new-api/model/system_instance.go:69 [33mSLOW SQL >= 200ms
[0m[31;1m[1052.784ms] [33m[rows:2][35m INSERT INTO `system_instances` (`node_name`,`info`,`started_at`,`last_seen_at`,`created_at`,`updated_at`) VALUES (?,?,?,?,?,?) ON DUPLICATE KEY UPDATE `info`=VALUES(`info`),`started_at`=VALUES(`started_at`),`last_seen_at`=VALUES(`last_seen_at`),`updated_at`=VALUES(`updated_at`)[0m

2026/10/02 16:20:03 [32mgithub.com/QuantumNous/new-api/model/subscription.go:1437 [33mSLOW SQL >= 200ms
[0m[31;1m[331.005ms] [33m[rows:0][35m SELECT * FROM `user_subscriptions` WHERE next_reset_time > 0 AND next_reset_time <= ? AND status = ? ORDER BY next_reset_time asc LIMIT 300[0m
[SYS] 2026/10/02 - 16:20:04 | syncing options from database 

2026/10/02 16:20:05 [32mgithub.com/QuantumNous/new-api/model/option.go:26 [33mSLOW SQL >= 200ms
[0m[31;1m[1003.034ms] [33m[rows:37][35m SELECT * FROM `options`[0m

2026/10/02 16:20:06 [32mgithub.com/QuantumNous/new-api/zsy/runninghub/queue.go:203 [33mSLOW SQL >= 200ms
[0m[31;1m[1663.743ms] [33m[rows:0][35m SELECT * FROM `rh_queued_tasks` WHERE created_at < ? ORDER BY created_at asc LIMIT 50[0m

2026/10/02 16:20:06 [32mgithub.com/QuantumNous/new-api/zsy/runninghub/queue.go:116 [33mSLOW SQL >= 200ms
[0m[31;1m[279.033ms] [33m[rows:0][35m SELECT * FROM `rh_queued_tasks` ORDER BY created_at asc, id asc LIMIT 20[0m

2026/10/02 16:20:08 [32mgithub.com/QuantumNous/new-api/zsy/runninghub/queue.go:203 [33mSLOW SQL >= 200ms
[0m[31;1m[290.113ms] [33m[rows:0][35m SELECT * FROM `rh_queued_tasks` WHERE created_at < ? ORDER BY created_at asc LIMIT 50[0m

2026/10/02 16:20:17 [32mgithub.com/QuantumNous/new-api/zsy/runninghub/queue.go:203 [33mSLOW SQL >= 200ms
[0m[31;1m[249.127ms] [33m[rows:0][35m SELECT * FROM `rh_queued_tasks` WHERE created_at < ? ORDER BY created_at asc LIMIT 50[0m

2026/10/02 16:20:17 [32mgithub.com/QuantumNous/new-api/model/system_task.go:169 [33mSLOW SQL >= 200ms
[0m[31;1m[250.775ms] [33m[rows:0][35m SELECT * FROM `system_tasks` WHERE id IN (SELECT MIN(id) FROM `system_tasks` WHERE type IN (?,?,?,?,?) AND status = ? GROUP BY `type`)[0m

2026/10/02 16:20:17 [32mgithub.com/QuantumNous/new-api/zsy/runninghub/queue.go:116 [33mSLOW SQL >= 200ms
[0m[31;1m[238.735ms] [33m[rows:0][35m SELECT * FROM `rh_queued_tasks` ORDER BY created_at asc, id asc LIMIT 20[0m

2026/10/02 16:20:32 [32mgithub.com/QuantumNous/new-api/zsy/runninghub/queue.go:116 [33mSLOW SQL >= 200ms
[0m[31;1m[220.403ms] [33m[rows:0][35m SELECT * FROM `rh_queued_tasks` ORDER BY created_at asc, id asc LIMIT 20[0m

2026/10/02 16:20:32 [32mgithub.com/QuantumNous/new-api/model/system_task.go:362 [33mSLOW SQL >= 200ms
[0m[31;1m[419.065ms] [33m[rows:0][35m SELECT * FROM `system_task_locks` WHERE locked_until < ?[0m

2026/10/02 16:20:32 [32mgithub.com/QuantumNous/new-api/model/task.go:355 [33mSLOW SQL >= 200ms
[0m[31;1m[518.697ms] [33m[rows:0][35m SELECT `id` FROM `tasks` WHERE progress != ? AND status != ? AND status != ? LIMIT 1[0m

2026/10/02 16:20:32 [32mgithub.com/QuantumNous/new-api/model/system_instance.go:69 [33mSLOW SQL >= 200ms
[0m[31;1m[652.615ms] [33m[rows:2][35m INSERT INTO `system_instances` (`node_name`,`info`,`started_at`,`last_seen_at`,`created_at`,`updated_at`) VALUES (?,?,?,?,?,?) ON DUPLICATE KEY UPDATE `info`=VALUES(`info`),`started_at`=VALUES(`started_at`),`last_seen_at`=VALUES(`last_seen_at`),`updated_at`=VALUES(`updated_at`)[0m

2026/10/02 16:20:33 [32mgithub.com/QuantumNous/new-api/model/system_task.go:169 [33mSLOW SQL >= 200ms
[0m[31;1m[205.101ms] [33m[rows:0][35m SELECT * FROM `system_tasks` WHERE id IN (SELECT MIN(id) FROM `system_tasks` WHERE type IN (?,?,?,?,?) AND status = ? GROUP BY `type`)[0m

2026/10/02 16:20:41 [32mgithub.com/QuantumNous/new-api/zsy/runninghub/queue.go:116 [33mSLOW SQL >= 200ms
[0m[31;1m[586.387ms] [33m[rows:0][35m SELECT * FROM `rh_queued_tasks` ORDER BY created_at asc, id asc LIMIT 20[0m

2026/10/02 16:20:44 [32mgithub.com/QuantumNous/new-api/zsy/runninghub/queue.go:203 [33mSLOW SQL >= 200ms
[0m[31;1m[609.222ms] [33m[rows:0][35m SELECT * FROM `rh_queued_tasks` WHERE created_at < ? ORDER BY created_at asc LIMIT 50[0m

2026/10/02 16:20:44 [32mgithub.com/QuantumNous/new-api/zsy/runninghub/queue.go:116 [33mSLOW SQL >= 200ms
[0m[31;1m[490.654ms] [33m[rows:0][35m SELECT * FROM `rh_queued_tasks` ORDER BY created_at asc, id asc LIMIT 20[0m

2026/10/02 16:20:47 [32mgithub.com/QuantumNous/new-api/service/authz/adapter.go:23 [33mSLOW SQL >= 200ms
[0m[31;1m[201.857ms] [33m[rows:3][35m SELECT * FROM `casbin_rule` ORDER BY id asc[0m

2026/10/02 16:20:59 [32mgithub.com/QuantumNous/new-api/zsy/runninghub/queue.go:203 [33mSLOW SQL >= 200ms
[0m[31;1m[288.710ms] [33m[rows:0][35m SELECT * FROM `rh_queued_tasks` WHERE created_at < ? ORDER BY created_at asc LIMIT 50[0m
[SYS] 2026/10/02 - 16:21:01 | 正在更新数据看板数据... 
[SYS] 2026/10/02 - 16:21:01 | 保存数据看板数据成功，共保存0条数据 

2026/10/02 16:21:02 [32mgithub.com/QuantumNous/new-api/model/subscription.go:1149 [33mSLOW SQL >= 200ms
[0m[31;1m[200.733ms] [33m[rows:0][35m SELECT * FROM `user_subscriptions` WHERE status = ? AND end_time > 0 AND end_time <= ? ORDER BY end_time asc, id asc LIMIT 300[0m

2026/10/02 16:21:02 [32mgithub.com/QuantumNous/new-api/model/task.go:355 [33mSLOW SQL >= 200ms
[0m[31;1m[200.787ms] [33m[rows:0][35m SELECT `id` FROM `tasks` WHERE progress != ? AND status != ? AND status != ? LIMIT 1[0m

2026/10/02 16:21:02 [32mgithub.com/QuantumNous/new-api/model/subscription.go:1437 [33mSLOW SQL >= 200ms
[0m[31;1m[375.586ms] [33m[rows:0][35m SELECT * FROM `user_subscriptions` WHERE next_reset_time > 0 AND next_reset_time <= ? AND status = ? ORDER BY next_reset_time asc LIMIT 300[0m

2026/10/02 16:21:03 [32mgithub.com/QuantumNous/new-api/zsy/runninghub/queue.go:203 [33mSLOW SQL >= 200ms
[0m[31;1m[1247.847ms] [33m[rows:0][35m SELECT * FROM `rh_queued_tasks` WHERE created_at < ? ORDER BY created_at asc LIMIT 50[0m

2026/10/02 16:21:03 [32mgithub.com/QuantumNous/new-api/zsy/runninghub/queue.go:116 [33mSLOW SQL >= 200ms
[0m[31;1m[210.773ms] [33m[rows:0][35m SELECT * FROM `rh_queued_tasks` ORDER BY created_at asc, id asc LIMIT 20[0m

2026/10/02 16:21:03 [32mgithub.com/QuantumNous/new-api/model/system_instance.go:69 [33mSLOW SQL >= 200ms
[0m[31;1m[1261.394ms] [33m[rows:2][35m INSERT INTO `system_instances` (`node_name`,`info`,`started_at`,`last_seen_at`,`created_at`,`updated_at`) VALUES (?,?,?,?,?,?) ON DUPLICATE KEY UPDATE `info`=VALUES(`info`),`started_at`=VALUES(`started_at`),`last_seen_at`=VALUES(`last_seen_at`),`updated_at`=VALUES(`updated_at`)[0m
[SYS] 2026/10/02 - 16:21:05 | syncing options from database 

2026/10/02 16:21:05 [32mgithub.com/QuantumNous/new-api/zsy/runninghub/queue.go:116 [33mSLOW SQL >= 200ms
[0m[31;1m[761.009ms] [33m[rows:0][35m SELECT * FROM `rh_queued_tasks` ORDER BY created_at asc, id asc LIMIT 20[0m

2026/10/02 16:21:05 [32mgithub.com/QuantumNous/new-api/model/option.go:26 [33mSLOW SQL >= 200ms
[0m[31;1m[279.715ms] [33m[rows:37][35m SELECT * FROM `options`[0m

2026/10/02 16:21:17 [32mgithub.com/QuantumNous/new-api/model/system_task.go:169 [33mSLOW SQL >= 200ms
[0m[31;1m[230.210ms] [33m[rows:0][35m SELECT * FROM `system_tasks` WHERE id IN (SELECT MIN(id) FROM `system_tasks` WHERE type IN (?,?,?,?,?) AND status = ? GROUP BY `type`)[0m

2026/10/02 16:21:20 [32mgithub.com/QuantumNous/new-api/zsy/runninghub/queue.go:203 [33mSLOW SQL >= 200ms
[0m[31;1m[275.453ms] [33m[rows:0][35m SELECT * FROM `rh_queued_tasks` WHERE created_at < ? ORDER BY created_at asc LIMIT 50[0m

2026/10/02 16:21:23 [32mgithub.com/QuantumNous/new-api/zsy/runninghub/queue.go:203 [33mSLOW SQL >= 200ms
[0m[31;1m[498.284ms] [33m[rows:0][35m SELECT * FROM `rh_queued_tasks` WHERE created_at < ? ORDER BY created_at asc LIMIT 50[0m

2026/10/02 16:21:26 [32mgithub.com/QuantumNous/new-api/zsy/runninghub/queue.go:116 [33mSLOW SQL >= 200ms
[0m[31;1m[365.206ms] [33m[rows:0][35m SELECT * FROM `rh_queued_tasks` ORDER BY created_at asc, id asc LIMIT 20[0m

2026/10/02 16:21:29 [32mgithub.com/QuantumNous/new-api/zsy/runninghub/queue.go:203 [33mSLOW SQL >= 200ms
[0m[31;1m[289.123ms] [33m[rows:0][35m SELECT * FROM `rh_queued_tasks` WHERE created_at < ? ORDER BY created_at asc LIMIT 50[0m

2026/10/02 16:21:32 [32mgithub.com/QuantumNous/new-api/model/midjourney.go:116 [33mSLOW SQL >= 200ms
[0m[31;1m[239.440ms] [33m[rows:0][35m SELECT `id` FROM `midjourneys` WHERE progress != ? LIMIT 1[0m

2026/10/02 16:21:32 [32mgithub.com/QuantumNous/new-api/model/system_instance.go:69 [33mSLOW SQL >= 200ms
[0m[31;1m[347.307ms] [33m[rows:2][35m INSERT INTO `system_instances` (`node_name`,`info`,`started_at`,`last_seen_at`,`created_at`,`updated_at`) VALUES (?,?,?,?,?,?) ON DUPLICATE KEY UPDATE `info`=VALUES(`info`),`started_at`=VALUES(`started_at`),`last_seen_at`=VALUES(`last_seen_at`),`updated_at`=VALUES(`updated_at`)[0m

2026/10/02 16:21:46 [32mgithub.com/QuantumNous/new-api/model/system_task.go:362 [33mSLOW SQL >= 200ms
[0m[31;1m[213.875ms] [33m[rows:0][35m SELECT * FROM `system_task_locks` WHERE locked_until < ?[0m

2026/10/02 16:21:49 [32mgithub.com/QuantumNous/new-api/zsy/runninghub/queue.go:203 [33mSLOW SQL >= 200ms
[0m[31;1m[204.808ms] [33m[rows:0][35m SELECT * FROM `rh_queued_tasks` WHERE created_at < ? ORDER BY created_at asc LIMIT 50[0m

2026/10/02 16:21:53 [32mgithub.com/QuantumNous/new-api/zsy/runninghub/queue.go:203 [33mSLOW SQL >= 200ms
[0m[31;1m[915.905ms] [33m[rows:0][35m SELECT * FROM `rh_queued_tasks` WHERE created_at < ? ORDER BY created_at asc LIMIT 50[0m

2026/10/02 16:21:54 [32mgithub.com/QuantumNous/new-api/zsy/runninghub/queue.go:116 [33mSLOW SQL >= 200ms
[0m[31;1m[419.823ms] [33m[rows:0][35m SELECT * FROM `rh_queued_tasks` ORDER BY created_at asc, id asc LIMIT 20[0m

2026/10/02 16:21:59 [32mgithub.com/QuantumNous/new-api/zsy/runninghub/queue.go:203 [33mSLOW SQL >= 200ms
[0m[31;1m[560.857ms] [33m[rows:0][35m SELECT * FROM `rh_queued_tasks` WHERE created_at < ? ORDER BY created_at asc LIMIT 50[0m

2026/10/02 16:22:03 [32mgithub.com/QuantumNous/new-api/model/task.go:355 [33mSLOW SQL >= 200ms
[0m[31;1m[1103.025ms] [33m[rows:0][35m SELECT `id` FROM `tasks` WHERE progress != ? AND status != ? AND status != ? LIMIT 1[0m

2026/10/02 16:22:03 [32mgithub.com/QuantumNous/new-api/model/subscription.go:1149 [33mSLOW SQL >= 200ms
[0m[31;1m[1104.740ms] [33m[rows:0][35m SELECT * FROM `user_subscriptions` WHERE status = ? AND end_time > 0 AND end_time <= ? ORDER BY end_time asc, id asc LIMIT 300[0m

2026/10/02 16:22:03 [32mgithub.com/QuantumNous/new-api/zsy/runninghub/queue.go:203 [33mSLOW SQL >= 200ms
[0m[31;1m[1992.599ms] [33m[rows:0][35m SELECT * FROM `rh_queued_tasks` WHERE created_at < ? ORDER BY created_at asc LIMIT 50[0m

2026/10/02 16:22:03 [32mgithub.com/QuantumNous/new-api/model/system_task.go:216 [33mSLOW SQL >= 200ms
[0m[31;1m[738.271ms] [33m[rows:1][35m SELECT * FROM `system_tasks` WHERE id IN (SELECT MAX(id) FROM `system_tasks` WHERE type IN (?) GROUP BY `type`)[0m

2026/10/02 16:22:03 [32mgithub.com/QuantumNous/new-api/model/db_time.go:16 [33mSLOW SQL >= 200ms
[0m[31;1m[797.280ms] [33m[rows:1][35m SELECT UNIX_TIMESTAMP()[0m

2026/10/02 16:22:04 [32mgithub.com/QuantumNous/new-api/model/system_instance.go:69 [33mSLOW SQL >= 200ms
[0m[31;1m[1864.587ms] [33m[rows:2][35m INSERT INTO `system_instances` (`node_name`,`info`,`started_at`,`last_seen_at`,`created_at`,`updated_at`) VALUES (?,?,?,?,?,?) ON DUPLICATE KEY UPDATE `info`=VALUES(`info`),`started_at`=VALUES(`started_at`),`last_seen_at`=VALUES(`last_seen_at`),`updated_at`=VALUES(`updated_at`)[0m

2026/10/02 16:22:05 [32mgithub.com/QuantumNous/new-api/zsy/runninghub/queue.go:203 [33mSLOW SQL >= 200ms
[0m[31;1m[521.249ms] [33m[rows:0][35m SELECT * FROM `rh_queued_tasks` WHERE created_at < ? ORDER BY created_at asc LIMIT 50[0m

2026/10/02 16:22:05 [32mgithub.com/QuantumNous/new-api/zsy/runninghub/queue.go:116 [33mSLOW SQL >= 200ms
[0m[31;1m[274.317ms] [33m[rows:0][35m SELECT * FROM `rh_queued_tasks` ORDER BY created_at asc, id asc LIMIT 20[0m
[SYS] 2026/10/02 - 16:22:05 | syncing options from database 

2026/10/02 16:22:06 [32mgithub.com/QuantumNous/new-api/model/option.go:26 [33mSLOW SQL >= 200ms
[0m[31;1m[415.866ms] [33m[rows:37][35m SELECT * FROM `options`[0m

2026/10/02 16:22:16 [32mgithub.com/QuantumNous/new-api/zsy/runninghub/queue.go:203 [33mSLOW SQL >= 200ms
[0m[31;1m[213.321ms] [33m[rows:0][35m SELECT * FROM `rh_queued_tasks` WHERE created_at < ? ORDER BY created_at asc LIMIT 50[0m

2026/10/02 16:22:17 [32mgithub.com/QuantumNous/new-api/model/midjourney.go:116 [33mSLOW SQL >= 200ms
[0m[31;1m[272.576ms] [33m[rows:0][35m SELECT `id` FROM `midjourneys` WHERE progress != ? LIMIT 1[0m

2026/10/02 16:22:17 [32mgithub.com/QuantumNous/new-api/zsy/runninghub/queue.go:116 [33mSLOW SQL >= 200ms
[0m[31;1m[279.929ms] [33m[rows:0][35m SELECT * FROM `rh_queued_tasks` ORDER BY created_at asc, id asc LIMIT 20[0m

2026/10/02 16:22:17 [32mgithub.com/QuantumNous/new-api/model/task.go:355 [33mSLOW SQL >= 200ms
[0m[31;1m[437.556ms] [33m[rows:0][35m SELECT `id` FROM `tasks` WHERE progress != ? AND status != ? AND status != ? LIMIT 1[0m

2026/10/02 16:22:20 [32mgithub.com/QuantumNous/new-api/zsy/runninghub/queue.go:203 [33mSLOW SQL >= 200ms
[0m[31;1m[472.381ms] [33m[rows:0][35m SELECT * FROM `rh_queued_tasks` WHERE created_at < ? ORDER BY created_at asc LIMIT 50[0m

2026/10/02 16:22:23 [32mgithub.com/QuantumNous/new-api/zsy/runninghub/queue.go:203 [33mSLOW SQL >= 200ms
[0m[31;1m[483.060ms] [33m[rows:0][35m SELECT * FROM `rh_queued_tasks` WHERE created_at < ? ORDER BY created_at asc LIMIT 50[0m

2026/10/02 16:22:23 [32mgithub.com/QuantumNous/new-api/zsy/runninghub/queue.go:116 [33mSLOW SQL >= 200ms
[0m[31;1m[394.193ms] [33m[rows:0][35m SELECT * FROM `rh_queued_tasks` ORDER BY created_at asc, id asc LIMIT 20[0m

2026/10/02 16:22:29 [32mgithub.com/QuantumNous/new-api/zsy/runninghub/queue.go:203 [33mSLOW SQL >= 200ms
[0m[31;1m[393.136ms] [33m[rows:0][35m SELECT * FROM `rh_queued_tasks` WHERE created_at < ? ORDER BY created_at asc LIMIT 50[0m

2026/10/02 16:22:29 [32mgithub.com/QuantumNous/new-api/zsy/runninghub/queue.go:116 [33mSLOW SQL >= 200ms
[0m[31;1m[380.312ms] [33m[rows:0][35m SELECT * FROM `rh_queued_tasks` ORDER BY created_at asc, id asc LIMIT 20[0m

2026/10/02 16:22:32 [32mgithub.com/QuantumNous/new-api/model/system_task.go:169 [33mSLOW SQL >= 200ms
[0m[31;1m[221.972ms] [33m[rows:0][35m SELECT * FROM `system_tasks` WHERE id IN (SELECT MIN(id) FROM `system_tasks` WHERE type IN (?,?,?,?,?) AND status = ? GROUP BY `type`)[0m

2026/10/02 16:22:32 [32mgithub.com/QuantumNous/new-api/model/system_instance.go:69 [33mSLOW SQL >= 200ms
[0m[31;1m[480.611ms] [33m[rows:2][35m INSERT INTO `system_instances` (`node_name`,`info`,`started_at`,`last_seen_at`,`created_at`,`updated_at`) VALUES (?,?,?,?,?,?) ON DUPLICATE KEY UPDATE `info`=VALUES(`info`),`started_at`=VALUES(`started_at`),`last_seen_at`=VALUES(`last_seen_at`),`updated_at`=VALUES(`updated_at`)[0m

2026/10/02 16:22:34 [32mgithub.com/QuantumNous/new-api/zsy/runninghub/queue.go:203 [33mSLOW SQL >= 200ms
[0m[31;1m[225.361ms] [33m[rows:0][35m SELECT * FROM `rh_queued_tasks` WHERE created_at < ? ORDER BY created_at asc LIMIT 50[0m

2026/10/02 16:22:35 [32mgithub.com/QuantumNous/new-api/zsy/runninghub/queue.go:116 [33mSLOW SQL >= 200ms
[0m[31;1m[206.741ms] [33m[rows:0][35m SELECT * FROM `rh_queued_tasks` ORDER BY created_at asc, id asc LIMIT 20[0m

2026/10/02 16:22:41 [32mgithub.com/QuantumNous/new-api/zsy/runninghub/queue.go:116 [33mSLOW SQL >= 200ms
[0m[31;1m[234.920ms] [33m[rows:0][35m SELECT * FROM `rh_queued_tasks` ORDER BY created_at asc, id asc LIMIT 20[0m

2026/10/02 16:22:47 [32mgithub.com/QuantumNous/new-api/model/system_task.go:169 [33mSLOW SQL >= 200ms
[0m[31;1m[299.696ms] [33m[rows:0][35m SELECT * FROM `system_tasks` WHERE id IN (SELECT MIN(id) FROM `system_tasks` WHERE type IN (?,?,?,?,?) AND status = ? GROUP BY `type`)[0m

2026/10/02 16:22:47 [32mgithub.com/QuantumNous/new-api/service/authz/adapter.go:23 [33mSLOW SQL >= 200ms
[0m[31;1m[214.724ms] [33m[rows:3][35m SELECT * FROM `casbin_rule` ORDER BY id asc[0m

2026/10/02 16:22:50 [32mgithub.com/QuantumNous/new-api/zsy/runninghub/queue.go:116 [33mSLOW SQL >= 200ms
[0m[31;1m[424.017ms] [33m[rows:0][35m SELECT * FROM `rh_queued_tasks` ORDER BY created_at asc, id asc LIMIT 20[0m

2026/10/02 16:22:56 [32mgithub.com/QuantumNous/new-api/zsy/runninghub/queue.go:116 [33mSLOW SQL >= 200ms
[0m[31;1m[261.961ms] [33m[rows:0][35m SELECT * FROM `rh_queued_tasks` ORDER BY created_at asc, id asc LIMIT 20[0m

2026/10/02 16:23:02 [32mgithub.com/QuantumNous/new-api/model/db_time.go:16 [33mSLOW SQL >= 200ms
[0m[31;1m[477.273ms] [33m[rows:1][35m SELECT UNIX_TIMESTAMP()[0m

2026/10/02 16:23:02 [32mgithub.com/QuantumNous/new-api/model/system_task.go:362 [33mSLOW SQL >= 200ms
[0m[31;1m[476.135ms] [33m[rows:0][35m SELECT * FROM `system_task_locks` WHERE locked_until < ?[0m

2026/10/02 16:23:02 [32mgithub.com/QuantumNous/new-api/model/midjourney.go:116 [33mSLOW SQL >= 200ms
[0m[31;1m[324.698ms] [33m[rows:0][35m SELECT `id` FROM `midjourneys` WHERE progress != ? LIMIT 1[0m

2026/10/02 16:23:02 [32mgithub.com/QuantumNous/new-api/zsy/runninghub/queue.go:203 [33mSLOW SQL >= 200ms
[0m[31;1m[847.164ms] [33m[rows:0][35m SELECT * FROM `rh_queued_tasks` WHERE created_at < ? ORDER BY created_at asc LIMIT 50[0m

2026/10/02 16:23:02 [32mgithub.com/QuantumNous/new-api/model/subscription.go:1149 [33mSLOW SQL >= 200ms
[0m[31;1m[403.601ms] [33m[rows:0][35m SELECT * FROM `user_subscriptions` WHERE status = ? AND end_time > 0 AND end_time <= ? ORDER BY end_time asc, id asc LIMIT 300[0m

2026/10/02 16:23:02 [32mgithub.com/QuantumNous/new-api/model/system_instance.go:69 [33mSLOW SQL >= 200ms
[0m[31;1m[630.914ms] [33m[rows:2][35m INSERT INTO `system_instances` (`node_name`,`info`,`started_at`,`last_seen_at`,`created_at`,`updated_at`) VALUES (?,?,?,?,?,?) ON DUPLICATE KEY UPDATE `info`=VALUES(`info`),`started_at`=VALUES(`started_at`),`last_seen_at`=VALUES(`last_seen_at`),`updated_at`=VALUES(`updated_at`)[0m

2026/10/02 16:23:05 [32mgithub.com/QuantumNous/new-api/zsy/runninghub/queue.go:203 [33mSLOW SQL >= 200ms
[0m[31;1m[552.418ms] [33m[rows:0][35m SELECT * FROM `rh_queued_tasks` WHERE created_at < ? ORDER BY created_at asc LIMIT 50[0m
[SYS] 2026/10/02 - 16:23:06 | syncing options from database 

2026/10/02 16:23:06 [32mgithub.com/QuantumNous/new-api/model/option.go:26 [33mSLOW SQL >= 200ms
[0m[31;1m[272.677ms] [33m[rows:37][35m SELECT * FROM `options`[0m

2026/10/02 16:23:11 [32mgithub.com/QuantumNous/new-api/zsy/runninghub/queue.go:116 [33mSLOW SQL >= 200ms
[0m[31;1m[368.037ms] [33m[rows:0][35m SELECT * FROM `rh_queued_tasks` ORDER BY created_at asc, id asc LIMIT 20[0m

2026/10/02 16:23:17 [32mgithub.com/QuantumNous/new-api/zsy/runninghub/queue.go:203 [33mSLOW SQL >= 200ms
[0m[31;1m[554.446ms] [33m[rows:0][35m SELECT * FROM `rh_queued_tasks` WHERE created_at < ? ORDER BY created_at asc LIMIT 50[0m

2026/10/02 16:23:29 [32mgithub.com/QuantumNous/new-api/zsy/runninghub/queue.go:203 [33mSLOW SQL >= 200ms
[0m[31;1m[287.128ms] [33m[rows:0][35m SELECT * FROM `rh_queued_tasks` WHERE created_at < ? ORDER BY created_at asc LIMIT 50[0m

2026/10/02 16:23:32 [32mgithub.com/QuantumNous/new-api/model/midjourney.go:116 [33mSLOW SQL >= 200ms
[0m[31;1m[216.763ms] [33m[rows:0][35m SELECT `id` FROM `midjourneys` WHERE progress != ? LIMIT 1[0m

2026/10/02 16:23:32 [32mgithub.com/QuantumNous/new-api/model/system_instance.go:69 [33mSLOW SQL >= 200ms
[0m[31;1m[382.252ms] [33m[rows:2][35m INSERT INTO `system_instances` (`node_name`,`info`,`started_at`,`last_seen_at`,`created_at`,`updated_at`) VALUES (?,?,?,?,?,?) ON DUPLICATE KEY UPDATE `info`=VALUES(`info`),`started_at`=VALUES(`started_at`),`last_seen_at`=VALUES(`last_seen_at`),`updated_at`=VALUES(`updated_at`)[0m

2026/10/02 16:23:48 [32mgithub.com/QuantumNous/new-api/service/authz/adapter.go:23 [33mSLOW SQL >= 200ms
[0m[31;1m[1177.122ms] [33m[rows:3][35m SELECT * FROM `casbin_rule` ORDER BY id asc[0m

2026/10/02 16:24:02 [32mgithub.com/QuantumNous/new-api/model/midjourney.go:116 [33mSLOW SQL >= 200ms
[0m[31;1m[287.132ms] [33m[rows:0][35m SELECT `id` FROM `midjourneys` WHERE progress != ? LIMIT 1[0m

2026/10/02 16:24:02 [32mgithub.com/QuantumNous/new-api/model/db_time.go:16 [33mSLOW SQL >= 200ms
[0m[31;1m[288.647ms] [33m[rows:1][35m SELECT UNIX_TIMESTAMP()[0m

2026/10/02 16:24:02 [32mgithub.com/QuantumNous/new-api/model/task.go:355 [33mSLOW SQL >= 200ms
[0m[31;1m[250.198ms] [33m[rows:0][35m SELECT `id` FROM `tasks` WHERE progress != ? AND status != ? AND status != ? LIMIT 1[0m

2026/10/02 16:24:02 [32mgithub.com/QuantumNous/new-api/model/subscription.go:1149 [33mSLOW SQL >= 200ms
[0m[31;1m[250.684ms] [33m[rows:0][35m SELECT * FROM `user_subscriptions` WHERE status = ? AND end_time > 0 AND end_time <= ? ORDER BY end_time asc, id asc LIMIT 300[0m

2026/10/02 16:24:02 [32mgithub.com/QuantumNous/new-api/model/system_task.go:216 [33mSLOW SQL >= 200ms
[0m[31;1m[203.352ms] [33m[rows:1][35m SELECT * FROM `system_tasks` WHERE id IN (SELECT MAX(id) FROM `system_tasks` WHERE type IN (?) GROUP BY `type`)[0m

2026/10/02 16:24:02 [32mgithub.com/QuantumNous/new-api/model/subscription.go:1437 [33mSLOW SQL >= 200ms
[0m[31;1m[232.076ms] [33m[rows:0][35m SELECT * FROM `user_subscriptions` WHERE next_reset_time > 0 AND next_reset_time <= ? AND status = ? ORDER BY next_reset_time asc LIMIT 300[0m

2026/10/02 16:24:03 [32mgithub.com/QuantumNous/new-api/zsy/runninghub/queue.go:203 [33mSLOW SQL >= 200ms
[0m[31;1m[2137.282ms] [33m[rows:0][35m SELECT * FROM `rh_queued_tasks` WHERE created_at < ? ORDER BY created_at asc LIMIT 50[0m

2026/10/02 16:24:04 [32mgithub.com/QuantumNous/new-api/zsy/runninghub/queue.go:116 [33mSLOW SQL >= 200ms
[0m[31;1m[368.753ms] [33m[rows:0][35m SELECT * FROM `rh_queued_tasks` ORDER BY created_at asc, id asc LIMIT 20[0m

2026/10/02 16:24:04 [32mgithub.com/QuantumNous/new-api/model/system_instance.go:69 [33mSLOW SQL >= 200ms
[0m[31;1m[2223.177ms] [33m[rows:2][35m INSERT INTO `system_instances` (`node_name`,`info`,`started_at`,`last_seen_at`,`created_at`,`updated_at`) VALUES (?,?,?,?,?,?) ON DUPLICATE KEY UPDATE `info`=VALUES(`info`),`started_at`=VALUES(`started_at`),`last_seen_at`=VALUES(`last_seen_at`),`updated_at`=VALUES(`updated_at`)[0m

2026/10/02 16:24:05 [32mgithub.com/QuantumNous/new-api/zsy/runninghub/queue.go:203 [33mSLOW SQL >= 200ms
[0m[31;1m[585.433ms] [33m[rows:0][35m SELECT * FROM `rh_queued_tasks` WHERE created_at < ? ORDER BY created_at asc LIMIT 50[0m

2026/10/02 16:24:05 [32mgithub.com/QuantumNous/new-api/zsy/runninghub/queue.go:116 [33mSLOW SQL >= 200ms
[0m[31;1m[317.648ms] [33m[rows:0][35m SELECT * FROM `rh_queued_tasks` ORDER BY created_at asc, id asc LIMIT 20[0m
[SYS] 2026/10/02 - 16:24:06 | syncing options from database 

2026/10/02 16:24:06 [32mgithub.com/QuantumNous/new-api/model/option.go:26 [33mSLOW SQL >= 200ms
[0m[31;1m[238.287ms] [33m[rows:37][35m SELECT * FROM `options`[0m

2026/10/02 16:24:32 [32mgithub.com/QuantumNous/new-api/model/system_instance.go:69 [33mSLOW SQL >= 200ms
[0m[31;1m[703.095ms] [33m[rows:2][35m INSERT INTO `system_instances` (`node_name`,`info`,`started_at`,`last_seen_at`,`created_at`,`updated_at`) VALUES (?,?,?,?,?,?) ON DUPLICATE KEY UPDATE `info`=VALUES(`info`),`started_at`=VALUES(`started_at`),`last_seen_at`=VALUES(`last_seen_at`),`updated_at`=VALUES(`updated_at`)[0m

2026/10/02 16:25:02 [32mgithub.com/QuantumNous/new-api/model/system_task.go:169 [33mSLOW SQL >= 200ms
[0m[31;1m[258.665ms] [33m[rows:0][35m SELECT * FROM `system_tasks` WHERE id IN (SELECT MIN(id) FROM `system_tasks` WHERE type IN (?,?,?,?,?) AND status = ? GROUP BY `type`)[0m

2026/10/02 16:25:02 [32mgithub.com/QuantumNous/new-api/model/db_time.go:16 [33mSLOW SQL >= 200ms
[0m[31;1m[686.560ms] [33m[rows:1][35m SELECT UNIX_TIMESTAMP()[0m

2026/10/02 16:25:02 [32mgithub.com/QuantumNous/new-api/model/subscription.go:1149 [33mSLOW SQL >= 200ms
[0m[31;1m[263.960ms] [33m[rows:0][35m SELECT * FROM `user_subscriptions` WHERE status = ? AND end_time > 0 AND end_time <= ? ORDER BY end_time asc, id asc LIMIT 300[0m

2026/10/02 16:25:02 [32mgithub.com/QuantumNous/new-api/model/system_instance.go:69 [33mSLOW SQL >= 200ms
[0m[31;1m[618.510ms] [33m[rows:2][35m INSERT INTO `system_instances` (`node_name`,`info`,`started_at`,`last_seen_at`,`created_at`,`updated_at`) VALUES (?,?,?,?,?,?) ON DUPLICATE KEY UPDATE `info`=VALUES(`info`),`started_at`=VALUES(`started_at`),`last_seen_at`=VALUES(`last_seen_at`),`updated_at`=VALUES(`updated_at`)[0m

2026/10/02 16:25:04 [32mgithub.com/QuantumNous/new-api/zsy/runninghub/queue.go:203 [33mSLOW SQL >= 200ms
[0m[31;1m[2310.829ms] [33m[rows:0][35m SELECT * FROM `rh_queued_tasks` WHERE created_at < ? ORDER BY created_at asc LIMIT 50[0m

2026/10/02 16:25:05 [32mgithub.com/QuantumNous/new-api/zsy/runninghub/queue.go:116 [33mSLOW SQL >= 200ms
[0m[31;1m[224.774ms] [33m[rows:0][35m SELECT * FROM `rh_queued_tasks` ORDER BY created_at asc, id asc LIMIT 20[0m
[SYS] 2026/10/02 - 16:25:06 | syncing options from database 

2026/10/02 16:25:07 [32mgithub.com/QuantumNous/new-api/model/option.go:26 [33mSLOW SQL >= 200ms
[0m[31;1m[342.265ms] [33m[rows:37][35m SELECT * FROM `options`[0m

2026/10/02 16:25:17 [32mgithub.com/QuantumNous/new-api/model/midjourney.go:116 [33mSLOW SQL >= 200ms
[0m[31;1m[223.897ms] [33m[rows:0][35m SELECT `id` FROM `midjourneys` WHERE progress != ? LIMIT 1[0m

2026/10/02 16:25:17 [32mgithub.com/QuantumNous/new-api/model/system_task.go:216 [33mSLOW SQL >= 200ms
[0m[31;1m[238.335ms] [33m[rows:1][35m SELECT * FROM `system_tasks` WHERE id IN (SELECT MAX(id) FROM `system_tasks` WHERE type IN (?) GROUP BY `type`)[0m

2026/10/02 16:25:17 [32mgithub.com/QuantumNous/new-api/zsy/runninghub/queue.go:203 [33mSLOW SQL >= 200ms
[0m[31;1m[905.122ms] [33m[rows:0][35m SELECT * FROM `rh_queued_tasks` WHERE created_at < ? ORDER BY created_at asc LIMIT 50[0m

2026/10/02 16:25:17 [32mgithub.com/QuantumNous/new-api/model/system_task.go:169 [33mSLOW SQL >= 200ms
[0m[31;1m[510.657ms] [33m[rows:0][35m SELECT * FROM `system_tasks` WHERE id IN (SELECT MIN(id) FROM `system_tasks` WHERE type IN (?,?,?,?,?) AND status = ? GROUP BY `type`)[0m

2026/10/02 16:25:17 [32mgithub.com/QuantumNous/new-api/zsy/runninghub/queue.go:116 [33mSLOW SQL >= 200ms
[0m[31;1m[257.347ms] [33m[rows:0][35m SELECT * FROM `rh_queued_tasks` ORDER BY created_at asc, id asc LIMIT 20[0m

2026/10/02 16:25:20 [32mgithub.com/QuantumNous/new-api/zsy/runninghub/queue.go:203 [33mSLOW SQL >= 200ms
[0m[31;1m[465.291ms] [33m[rows:0][35m SELECT * FROM `rh_queued_tasks` WHERE created_at < ? ORDER BY created_at asc LIMIT 50[0m

2026/10/02 16:25:29 [32mgithub.com/QuantumNous/new-api/zsy/runninghub/queue.go:203 [33mSLOW SQL >= 200ms
[0m[31;1m[415.058ms] [33m[rows:0][35m SELECT * FROM `rh_queued_tasks` WHERE created_at < ? ORDER BY created_at asc LIMIT 50[0m

2026/10/02 16:25:32 [32mgithub.com/QuantumNous/new-api/model/system_instance.go:69 [33mSLOW SQL >= 200ms
[0m[31;1m[361.032ms] [33m[rows:2][35m INSERT INTO `system_instances` (`node_name`,`info`,`started_at`,`last_seen_at`,`created_at`,`updated_at`) VALUES (?,?,?,?,?,?) ON DUPLICATE KEY UPDATE `info`=VALUES(`info`),`started_at`=VALUES(`started_at`),`last_seen_at`=VALUES(`last_seen_at`),`updated_at`=VALUES(`updated_at`)[0m

2026/10/02 16:25:32 [32mgithub.com/QuantumNous/new-api/model/system_task.go:169 [33mSLOW SQL >= 200ms
[0m[31;1m[472.231ms] [33m[rows:0][35m SELECT * FROM `system_tasks` WHERE id IN (SELECT MIN(id) FROM `system_tasks` WHERE type IN (?,?,?,?,?) AND status = ? GROUP BY `type`)[0m
[SYS] 2026/10/02 - 16:26:01 | 正在更新数据看板数据... 
[SYS] 2026/10/02 - 16:26:01 | 保存数据看板数据成功，共保存0条数据 

2026/10/02 16:26:02 [32mgithub.com/QuantumNous/new-api/model/db_time.go:16 [33mSLOW SQL >= 200ms
[0m[31;1m[577.031ms] [33m[rows:1][35m SELECT UNIX_TIMESTAMP()[0m

2026/10/02 16:26:02 [32mgithub.com/QuantumNous/new-api/zsy/runninghub/queue.go:203 [33mSLOW SQL >= 200ms
[0m[31;1m[606.003ms] [33m[rows:0][35m SELECT * FROM `rh_queued_tasks` WHERE created_at < ? ORDER BY created_at asc LIMIT 50[0m

2026/10/02 16:26:02 [32mgithub.com/QuantumNous/new-api/model/system_instance.go:69 [33mSLOW SQL >= 200ms
[0m[31;1m[630.818ms] [33m[rows:2][35m INSERT INTO `system_instances` (`node_name`,`info`,`started_at`,`last_seen_at`,`created_at`,`updated_at`) VALUES (?,?,?,?,?,?) ON DUPLICATE KEY UPDATE `info`=VALUES(`info`),`started_at`=VALUES(`started_at`),`last_seen_at`=VALUES(`last_seen_at`),`updated_at`=VALUES(`updated_at`)[0m

2026/10/02 16:26:05 [32mgithub.com/QuantumNous/new-api/zsy/runninghub/queue.go:116 [33mSLOW SQL >= 200ms
[0m[31;1m[228.963ms] [33m[rows:0][35m SELECT * FROM `rh_queued_tasks` ORDER BY created_at asc, id asc LIMIT 20[0m
[SYS] 2026/10/02 - 16:26:07 | syncing options from database 

2026/10/02 16:26:07 [32mgithub.com/QuantumNous/new-api/model/option.go:26 [33mSLOW SQL >= 200ms
[0m[31;1m[227.576ms] [33m[rows:37][35m SELECT * FROM `options`[0m

2026/10/02 16:26:17 [32mgithub.com/QuantumNous/new-api/zsy/runninghub/queue.go:203 [33mSLOW SQL >= 200ms
[0m[31;1m[302.410ms] [33m[rows:0][35m SELECT * FROM `rh_queued_tasks` WHERE created_at < ? ORDER BY created_at asc LIMIT 50[0m

2026/10/02 16:26:17 [32mgithub.com/QuantumNous/new-api/model/system_task.go:362 [33mSLOW SQL >= 200ms
[0m[31;1m[481.970ms] [33m[rows:0][35m SELECT * FROM `system_task_locks` WHERE locked_until < ?[0m

2026/10/02 16:26:17 [32mgithub.com/QuantumNous/new-api/zsy/runninghub/queue.go:116 [33mSLOW SQL >= 200ms
[0m[31;1m[364.683ms] [33m[rows:0][35m SELECT * FROM `rh_queued_tasks` ORDER BY created_at asc, id asc LIMIT 20[0m

2026/10/02 16:26:17 [32mgithub.com/QuantumNous/new-api/model/system_task.go:216 [33mSLOW SQL >= 200ms
[0m[31;1m[249.585ms] [33m[rows:1][35m SELECT * FROM `system_tasks` WHERE id IN (SELECT MAX(id) FROM `system_tasks` WHERE type IN (?) GROUP BY `type`)[0m

2026/10/02 16:26:18 [32mgithub.com/QuantumNous/new-api/model/system_task.go:169 [33mSLOW SQL >= 200ms
[0m[31;1m[216.849ms] [33m[rows:0][35m SELECT * FROM `system_tasks` WHERE id IN (SELECT MIN(id) FROM `system_tasks` WHERE type IN (?,?,?,?,?) AND status = ? GROUP BY `type`)[0m

2026/10/02 16:26:32 [32mgithub.com/QuantumNous/new-api/model/midjourney.go:116 [33mSLOW SQL >= 200ms
[0m[31;1m[260.227ms] [33m[rows:0][35m SELECT `id` FROM `midjourneys` WHERE progress != ? LIMIT 1[0m

2026/10/02 16:26:32 [32mgithub.com/QuantumNous/new-api/model/system_task.go:216 [33mSLOW SQL >= 200ms
[0m[31;1m[201.244ms] [33m[rows:1][35m SELECT * FROM `system_tasks` WHERE id IN (SELECT MAX(id) FROM `system_tasks` WHERE type IN (?) GROUP BY `type`)[0m

2026/10/02 16:26:33 [32mgithub.com/QuantumNous/new-api/model/system_instance.go:69 [33mSLOW SQL >= 200ms
[0m[31;1m[812.305ms] [33m[rows:2][35m INSERT INTO `system_instances` (`node_name`,`info`,`started_at`,`last_seen_at`,`created_at`,`updated_at`) VALUES (?,?,?,?,?,?) ON DUPLICATE KEY UPDATE `info`=VALUES(`info`),`started_at`=VALUES(`started_at`),`last_seen_at`=VALUES(`last_seen_at`),`updated_at`=VALUES(`updated_at`)[0m

2026/10/02 16:27:02 [32mgithub.com/QuantumNous/new-api/model/db_time.go:16 [33mSLOW SQL >= 200ms
[0m[31;1m[497.068ms] [33m[rows:1][35m SELECT UNIX_TIMESTAMP()[0m

2026/10/02 16:27:02 [32mgithub.com/QuantumNous/new-api/zsy/runninghub/queue.go:203 [33mSLOW SQL >= 200ms
[0m[31;1m[635.676ms] [33m[rows:0][35m SELECT * FROM `rh_queued_tasks` WHERE created_at < ? ORDER BY created_at asc LIMIT 50[0m

2026/10/02 16:27:02 [32mgithub.com/QuantumNous/new-api/model/subscription.go:1149 [33mSLOW SQL >= 200ms
[0m[31;1m[577.895ms] [33m[rows:0][35m SELECT * FROM `user_subscriptions` WHERE status = ? AND end_time > 0 AND end_time <= ? ORDER BY end_time asc, id asc LIMIT 300[0m

2026/10/02 16:27:03 [32mgithub.com/QuantumNous/new-api/model/system_instance.go:69 [33mSLOW SQL >= 200ms
[0m[31;1m[739.499ms] [33m[rows:2][35m INSERT INTO `system_instances` (`node_name`,`info`,`started_at`,`last_seen_at`,`created_at`,`updated_at`) VALUES (?,?,?,?,?,?) ON DUPLICATE KEY UPDATE `info`=VALUES(`info`),`started_at`=VALUES(`started_at`),`last_seen_at`=VALUES(`last_seen_at`),`updated_at`=VALUES(`updated_at`)[0m
[SYS] 2026/10/02 - 16:27:07 | syncing options from database 

2026/10/02 16:27:07 [32mgithub.com/QuantumNous/new-api/model/option.go:26 [33mSLOW SQL >= 200ms
[0m[31;1m[369.460ms] [33m[rows:37][35m SELECT * FROM `options`[0m

2026/10/02 16:27:08 [32mgithub.com/QuantumNous/new-api/zsy/runninghub/queue.go:203 [33mSLOW SQL >= 200ms
[0m[31;1m[336.431ms] [33m[rows:0][35m SELECT * FROM `rh_queued_tasks` WHERE created_at < ? ORDER BY created_at asc LIMIT 50[0m

2026/10/02 16:27:08 [32mgithub.com/QuantumNous/new-api/zsy/runninghub/queue.go:116 [33mSLOW SQL >= 200ms
[0m[31;1m[648.896ms] [33m[rows:0][35m SELECT * FROM `rh_queued_tasks` ORDER BY created_at asc, id asc LIMIT 20[0m

2026/10/02 16:27:11 [32mgithub.com/QuantumNous/new-api/zsy/runninghub/queue.go:203 [33mSLOW SQL >= 200ms
[0m[31;1m[381.005ms] [33m[rows:0][35m SELECT * FROM `rh_queued_tasks` WHERE created_at < ? ORDER BY created_at asc LIMIT 50[0m

2026/10/02 16:27:17 [32mgithub.com/QuantumNous/new-api/model/midjourney.go:116 [33mSLOW SQL >= 200ms
[0m[31;1m[244.374ms] [33m[rows:0][35m SELECT `id` FROM `midjourneys` WHERE progress != ? LIMIT 1[0m

2026/10/02 16:27:17 [32mgithub.com/QuantumNous/new-api/model/system_task.go:216 [33mSLOW SQL >= 200ms
[0m[31;1m[257.308ms] [33m[rows:1][35m SELECT * FROM `system_tasks` WHERE id IN (SELECT MAX(id) FROM `system_tasks` WHERE type IN (?) GROUP BY `type`)[0m

2026/10/02 16:27:17 [32mgithub.com/QuantumNous/new-api/model/system_task.go:169 [33mSLOW SQL >= 200ms
[0m[31;1m[236.277ms] [33m[rows:0][35m SELECT * FROM `system_tasks` WHERE id IN (SELECT MIN(id) FROM `system_tasks` WHERE type IN (?,?,?,?,?) AND status = ? GROUP BY `type`)[0m

2026/10/02 16:27:32 [32mgithub.com/QuantumNous/new-api/model/system_instance.go:69 [33mSLOW SQL >= 200ms
[0m[31;1m[377.128ms] [33m[rows:2][35m INSERT INTO `system_instances` (`node_name`,`info`,`started_at`,`last_seen_at`,`created_at`,`updated_at`) VALUES (?,?,?,?,?,?) ON DUPLICATE KEY UPDATE `info`=VALUES(`info`),`started_at`=VALUES(`started_at`),`last_seen_at`=VALUES(`last_seen_at`),`updated_at`=VALUES(`updated_at`)[0m

2026/10/02 16:27:38 [32mgithub.com/QuantumNous/new-api/zsy/runninghub/queue.go:203 [33mSLOW SQL >= 200ms
[0m[31;1m[213.162ms] [33m[rows:0][35m SELECT * FROM `rh_queued_tasks` WHERE created_at < ? ORDER BY created_at asc LIMIT 50[0m

2026/10/02 16:27:44 [32mgithub.com/QuantumNous/new-api/zsy/runninghub/queue.go:203 [33mSLOW SQL >= 200ms
[0m[31;1m[942.798ms] [33m[rows:0][35m SELECT * FROM `rh_queued_tasks` WHERE created_at < ? ORDER BY created_at asc LIMIT 50[0m

2026/10/02 16:27:45 [32mgithub.com/QuantumNous/new-api/zsy/runninghub/queue.go:116 [33mSLOW SQL >= 200ms
[0m[31;1m[829.142ms] [33m[rows:0][35m SELECT * FROM `rh_queued_tasks` ORDER BY created_at asc, id asc LIMIT 20[0m

2026/10/02 16:27:47 [32mgithub.com/QuantumNous/new-api/model/task.go:355 [33mSLOW SQL >= 200ms
[0m[31;1m[233.812ms] [33m[rows:0][35m SELECT `id` FROM `tasks` WHERE progress != ? AND status != ? AND status != ? LIMIT 1[0m

2026/10/02 16:27:47 [32mgithub.com/QuantumNous/new-api/model/system_task.go:216 [33mSLOW SQL >= 200ms
[0m[31;1m[228.641ms] [33m[rows:1][35m SELECT * FROM `system_tasks` WHERE id IN (SELECT MAX(id) FROM `system_tasks` WHERE type IN (?) GROUP BY `type`)[0m

2026/10/02 16:27:49 [32mgithub.com/QuantumNous/new-api/service/authz/adapter.go:23 [33mSLOW SQL >= 200ms
[0m[31;1m[316.668ms] [33m[rows:3][35m SELECT * FROM `casbin_rule` ORDER BY id asc[0m

2026/10/02 16:27:50 [32mgithub.com/QuantumNous/new-api/zsy/runninghub/queue.go:203 [33mSLOW SQL >= 200ms
[0m[31;1m[208.327ms] [33m[rows:0][35m SELECT * FROM `rh_queued_tasks` WHERE created_at < ? ORDER BY created_at asc LIMIT 50[0m

2026/10/02 16:27:50 [32mgithub.com/QuantumNous/new-api/zsy/runninghub/queue.go:116 [33mSLOW SQL >= 200ms
[0m[31;1m[200.699ms] [33m[rows:0][35m SELECT * FROM `rh_queued_tasks` ORDER BY created_at asc, id asc LIMIT 20[0m

2026/10/02 16:28:02 [32mgithub.com/QuantumNous/new-api/model/system_instance.go:69 [33mSLOW SQL >= 200ms
[0m[31;1m[658.183ms] [33m[rows:2][35m INSERT INTO `system_instances` (`node_name`,`info`,`started_at`,`last_seen_at`,`created_at`,`updated_at`) VALUES (?,?,?,?,?,?) ON DUPLICATE KEY UPDATE `info`=VALUES(`info`),`started_at`=VALUES(`started_at`),`last_seen_at`=VALUES(`last_seen_at`),`updated_at`=VALUES(`updated_at`)[0m

2026/10/02 16:28:05 [32mgithub.com/QuantumNous/new-api/zsy/runninghub/queue.go:203 [33mSLOW SQL >= 200ms
[0m[31;1m[717.675ms] [33m[rows:0][35m SELECT * FROM `rh_queued_tasks` WHERE created_at < ? ORDER BY created_at asc LIMIT 50[0m

2026/10/02 16:28:05 [32mgithub.com/QuantumNous/new-api/zsy/runninghub/queue.go:116 [33mSLOW SQL >= 200ms
[0m[31;1m[263.938ms] [33m[rows:0][35m SELECT * FROM `rh_queued_tasks` ORDER BY created_at asc, id asc LIMIT 20[0m
[SYS] 2026/10/02 - 16:28:07 | syncing options from database 

2026/10/02 16:28:08 [32mgithub.com/QuantumNous/new-api/model/option.go:26 [33mSLOW SQL >= 200ms
[0m[31;1m[618.609ms] [33m[rows:37][35m SELECT * FROM `options`[0m

2026/10/02 16:28:14 [32mgithub.com/QuantumNous/new-api/zsy/runninghub/queue.go:116 [33mSLOW SQL >= 200ms
[0m[31;1m[382.113ms] [33m[rows:0][35m SELECT * FROM `rh_queued_tasks` ORDER BY created_at asc, id asc LIMIT 20[0m

2026/10/02 16:28:17 [32mgithub.com/QuantumNous/new-api/model/system_task.go:216 [33mSLOW SQL >= 200ms
[0m[31;1m[209.566ms] [33m[rows:1][35m SELECT * FROM `system_tasks` WHERE id IN (SELECT MAX(id) FROM `system_tasks` WHERE type IN (?) GROUP BY `type`)[0m

2026/10/02 16:28:20 [32mgithub.com/QuantumNous/new-api/zsy/runninghub/queue.go:116 [33mSLOW SQL >= 200ms
[0m[31;1m[382.454ms] [33m[rows:0][35m SELECT * FROM `rh_queued_tasks` ORDER BY created_at asc, id asc LIMIT 20[0m

2026/10/02 16:28:32 [32mgithub.com/QuantumNous/new-api/model/system_instance.go:69 [33mSLOW SQL >= 200ms
[0m[31;1m[398.662ms] [33m[rows:2][35m INSERT INTO `system_instances` (`node_name`,`info`,`started_at`,`last_seen_at`,`created_at`,`updated_at`) VALUES (?,?,?,?,?,?) ON DUPLICATE KEY UPDATE `info`=VALUES(`info`),`started_at`=VALUES(`started_at`),`last_seen_at`=VALUES(`last_seen_at`),`updated_at`=VALUES(`updated_at`)[0m

2026/10/02 16:28:33 [32mgithub.com/QuantumNous/new-api/model/system_task.go:169 [33mSLOW SQL >= 200ms
[0m[31;1m[497.230ms] [33m[rows:0][35m SELECT * FROM `system_tasks` WHERE id IN (SELECT MIN(id) FROM `system_tasks` WHERE type IN (?,?,?,?,?) AND status = ? GROUP BY `type`)[0m

2026/10/02 16:28:38 [32mgithub.com/QuantumNous/new-api/zsy/runninghub/queue.go:203 [33mSLOW SQL >= 200ms
[0m[31;1m[549.474ms] [33m[rows:0][35m SELECT * FROM `rh_queued_tasks` WHERE created_at < ? ORDER BY created_at asc LIMIT 50[0m

2026/10/02 16:28:47 [32mgithub.com/QuantumNous/new-api/zsy/runninghub/queue.go:203 [33mSLOW SQL >= 200ms
[0m[31;1m[426.285ms] [33m[rows:0][35m SELECT * FROM `rh_queued_tasks` WHERE created_at < ? ORDER BY created_at asc LIMIT 50[0m

2026/10/02 16:29:02 [32mgithub.com/QuantumNous/new-api/zsy/runninghub/queue.go:203 [33mSLOW SQL >= 200ms
[0m[31;1m[610.820ms] [33m[rows:0][35m SELECT * FROM `rh_queued_tasks` WHERE created_at < ? ORDER BY created_at asc LIMIT 50[0m

2026/10/02 16:29:02 [32mgithub.com/QuantumNous/new-api/model/system_instance.go:69 [33mSLOW SQL >= 200ms
[0m[31;1m[440.533ms] [33m[rows:2][35m INSERT INTO `system_instances` (`node_name`,`info`,`started_at`,`last_seen_at`,`created_at`,`updated_at`) VALUES (?,?,?,?,?,?) ON DUPLICATE KEY UPDATE `info`=VALUES(`info`),`started_at`=VALUES(`started_at`),`last_seen_at`=VALUES(`last_seen_at`),`updated_at`=VALUES(`updated_at`)[0m
[SYS] 2026/10/02 - 16:29:08 | syncing options from database 

2026/10/02 16:29:08 [32mgithub.com/QuantumNous/new-api/model/option.go:26 [33mSLOW SQL >= 200ms
[0m[31;1m[248.034ms] [33m[rows:37][35m SELECT * FROM `options`[0m

2026/10/02 16:29:17 [32mgithub.com/QuantumNous/new-api/zsy/runninghub/queue.go:203 [33mSLOW SQL >= 200ms
[0m[31;1m[534.422ms] [33m[rows:0][35m SELECT * FROM `rh_queued_tasks` WHERE created_at < ? ORDER BY created_at asc LIMIT 50[0m

2026/10/02 16:29:32 [32mgithub.com/QuantumNous/new-api/model/system_instance.go:69 [33mSLOW SQL >= 200ms
[0m[31;1m[318.740ms] [33m[rows:2][35m INSERT INTO `system_instances` (`node_name`,`info`,`started_at`,`last_seen_at`,`created_at`,`updated_at`) VALUES (?,?,?,?,?,?) ON DUPLICATE KEY UPDATE `info`=VALUES(`info`),`started_at`=VALUES(`started_at`),`last_seen_at`=VALUES(`last_seen_at`),`updated_at`=VALUES(`updated_at`)[0m

2026/10/02 16:29:47 [32mgithub.com/QuantumNous/new-api/model/task.go:355 [33mSLOW SQL >= 200ms
[0m[31;1m[610.149ms] [33m[rows:0][35m SELECT `id` FROM `tasks` WHERE progress != ? AND status != ? AND status != ? LIMIT 1[0m

2026/10/02 16:29:50 [32mgithub.com/QuantumNous/new-api/service/authz/adapter.go:23 [33mSLOW SQL >= 200ms
[0m[31;1m[250.951ms] [33m[rows:3][35m SELECT * FROM `casbin_rule` ORDER BY id asc[0m

2026/10/02 16:30:02 [32mgithub.com/QuantumNous/new-api/model/system_task.go:362 [33mSLOW SQL >= 200ms
[0m[31;1m[265.791ms] [33m[rows:0][35m SELECT * FROM `system_task_locks` WHERE locked_until < ?[0m

2026/10/02 16:30:02 [32mgithub.com/QuantumNous/new-api/model/db_time.go:16 [33mSLOW SQL >= 200ms
[0m[31;1m[268.019ms] [33m[rows:1][35m SELECT UNIX_TIMESTAMP()[0m

2026/10/02 16:30:02 [32mgithub.com/QuantumNous/new-api/model/subscription.go:1149 [33mSLOW SQL >= 200ms
[0m[31;1m[290.355ms] [33m[rows:0][35m SELECT * FROM `user_subscriptions` WHERE status = ? AND end_time > 0 AND end_time <= ? ORDER BY end_time asc, id asc LIMIT 300[0m

2026/10/02 16:30:02 [32mgithub.com/QuantumNous/new-api/zsy/runninghub/queue.go:203 [33mSLOW SQL >= 200ms
[0m[31;1m[812.001ms] [33m[rows:0][35m SELECT * FROM `rh_queued_tasks` WHERE created_at < ? ORDER BY created_at asc LIMIT 50[0m

2026/10/02 16:30:02 [32mgithub.com/QuantumNous/new-api/model/db_time.go:16 [33mSLOW SQL >= 200ms
[0m[31;1m[549.807ms] [33m[rows:1][35m SELECT UNIX_TIMESTAMP()[0m

2026/10/02 16:30:03 [32mgithub.com/QuantumNous/new-api/model/system_instance.go:69 [33mSLOW SQL >= 200ms
[0m[31;1m[801.794ms] [33m[rows:2][35m INSERT INTO `system_instances` (`node_name`,`info`,`started_at`,`last_seen_at`,`created_at`,`updated_at`) VALUES (?,?,?,?,?,?) ON DUPLICATE KEY UPDATE `info`=VALUES(`info`),`started_at`=VALUES(`started_at`),`last_seen_at`=VALUES(`last_seen_at`),`updated_at`=VALUES(`updated_at`)[0m

2026/10/02 16:30:03 [32mgithub.com/QuantumNous/new-api/model/subscription.go:1437 [33mSLOW SQL >= 200ms
[0m[31;1m[249.376ms] [33m[rows:0][35m SELECT * FROM `user_subscriptions` WHERE next_reset_time > 0 AND next_reset_time <= ? AND status = ? ORDER BY next_reset_time asc LIMIT 300[0m

2026/10/02 16:30:03 [32mgithub.com/QuantumNous/new-api/zsy/runninghub/queue.go:116 [33mSLOW SQL >= 200ms
[0m[31;1m[546.616ms] [33m[rows:0][35m SELECT * FROM `rh_queued_tasks` ORDER BY created_at asc, id asc LIMIT 20[0m

2026/10/02 16:30:05 [32mgithub.com/QuantumNous/new-api/zsy/runninghub/queue.go:203 [33mSLOW SQL >= 200ms
[0m[31;1m[263.502ms] [33m[rows:0][35m SELECT * FROM `rh_queued_tasks` WHERE created_at < ? ORDER BY created_at asc LIMIT 50[0m
[SYS] 2026/10/02 - 16:30:08 | syncing options from database 

2026/10/02 16:30:09 [32mgithub.com/QuantumNous/new-api/model/option.go:26 [33mSLOW SQL >= 200ms
[0m[31;1m[311.148ms] [33m[rows:37][35m SELECT * FROM `options`[0m

2026/10/02 16:30:17 [32mgithub.com/QuantumNous/new-api/model/system_task.go:169 [33mSLOW SQL >= 200ms
[0m[31;1m[218.598ms] [33m[rows:0][35m SELECT * FROM `system_tasks` WHERE id IN (SELECT MIN(id) FROM `system_tasks` WHERE type IN (?,?,?,?,?) AND status = ? GROUP BY `type`)[0m

2026/10/02 16:30:17 [32mgithub.com/QuantumNous/new-api/zsy/runninghub/queue.go:203 [33mSLOW SQL >= 200ms
[0m[31;1m[263.672ms] [33m[rows:0][35m SELECT * FROM `rh_queued_tasks` WHERE created_at < ? ORDER BY created_at asc LIMIT 50[0m

2026/10/02 16:30:32 [32mgithub.com/QuantumNous/new-api/model/system_task.go:362 [33mSLOW SQL >= 200ms
[0m[31;1m[275.237ms] [33m[rows:0][35m SELECT * FROM `system_task_locks` WHERE locked_until < ?[0m

2026/10/02 16:30:32 [32mgithub.com/QuantumNous/new-api/model/midjourney.go:116 [33mSLOW SQL >= 200ms
[0m[31;1m[490.374ms] [33m[rows:0][35m SELECT `id` FROM `midjourneys` WHERE progress != ? LIMIT 1[0m

2026/10/02 16:30:32 [32mgithub.com/QuantumNous/new-api/model/system_instance.go:69 [33mSLOW SQL >= 200ms
[0m[31;1m[387.235ms] [33m[rows:2][35m INSERT INTO `system_instances` (`node_name`,`info`,`started_at`,`last_seen_at`,`created_at`,`updated_at`) VALUES (?,?,?,?,?,?) ON DUPLICATE KEY UPDATE `info`=VALUES(`info`),`started_at`=VALUES(`started_at`),`last_seen_at`=VALUES(`last_seen_at`),`updated_at`=VALUES(`updated_at`)[0m

2026/10/02 16:30:35 [32mgithub.com/QuantumNous/new-api/zsy/runninghub/queue.go:116 [33mSLOW SQL >= 200ms
[0m[31;1m[376.888ms] [33m[rows:0][35m SELECT * FROM `rh_queued_tasks` ORDER BY created_at asc, id asc LIMIT 20[0m

2026/10/02 16:30:38 [32mgithub.com/QuantumNous/new-api/zsy/runninghub/queue.go:203 [33mSLOW SQL >= 200ms
[0m[31;1m[275.350ms] [33m[rows:0][35m SELECT * FROM `rh_queued_tasks` WHERE created_at < ? ORDER BY created_at asc LIMIT 50[0m

2026/10/02 16:30:50 [32mgithub.com/QuantumNous/new-api/service/authz/adapter.go:23 [33mSLOW SQL >= 200ms
[0m[31;1m[246.105ms] [33m[rows:3][35m SELECT * FROM `casbin_rule` ORDER BY id asc[0m

2026/10/02 16:30:53 [32mgithub.com/QuantumNous/new-api/zsy/runninghub/queue.go:116 [33mSLOW SQL >= 200ms
[0m[31;1m[225.158ms] [33m[rows:0][35m SELECT * FROM `rh_queued_tasks` ORDER BY created_at asc, id asc LIMIT 20[0m
[SYS] 2026/10/02 - 16:31:01 | 正在更新数据看板数据... 
[SYS] 2026/10/02 - 16:31:01 | 保存数据看板数据成功，共保存0条数据 

2026/10/02 16:31:02 [32mgithub.com/QuantumNous/new-api/zsy/runninghub/queue.go:203 [33mSLOW SQL >= 200ms
[0m[31;1m[212.725ms] [33m[rows:0][35m SELECT * FROM `rh_queued_tasks` WHERE created_at < ? ORDER BY created_at asc LIMIT 50[0m

2026/10/02 16:31:02 [32mgithub.com/QuantumNous/new-api/zsy/runninghub/queue.go:116 [33mSLOW SQL >= 200ms
[0m[31;1m[454.962ms] [33m[rows:0][35m SELECT * FROM `rh_queued_tasks` ORDER BY created_at asc, id asc LIMIT 20[0m

2026/10/02 16:31:02 [32mgithub.com/QuantumNous/new-api/model/system_instance.go:69 [33mSLOW SQL >= 200ms
[0m[31;1m[343.638ms] [33m[rows:2][35m INSERT INTO `system_instances` (`node_name`,`info`,`started_at`,`last_seen_at`,`created_at`,`updated_at`) VALUES (?,?,?,?,?,?) ON DUPLICATE KEY UPDATE `info`=VALUES(`info`),`started_at`=VALUES(`started_at`),`last_seen_at`=VALUES(`last_seen_at`),`updated_at`=VALUES(`updated_at`)[0m

2026/10/02 16:31:05 [32mgithub.com/QuantumNous/new-api/zsy/runninghub/queue.go:203 [33mSLOW SQL >= 200ms
[0m[31;1m[770.275ms] [33m[rows:0][35m SELECT * FROM `rh_queued_tasks` WHERE created_at < ? ORDER BY created_at asc LIMIT 50[0m

2026/10/02 16:31:06 [32mgithub.com/QuantumNous/new-api/zsy/runninghub/queue.go:116 [33mSLOW SQL >= 200ms
[0m[31;1m[458.837ms] [33m[rows:0][35m SELECT * FROM `rh_queued_tasks` ORDER BY created_at asc, id asc LIMIT 20[0m
[SYS] 2026/10/02 - 16:31:09 | syncing options from database 

2026/10/02 16:31:09 [32mgithub.com/QuantumNous/new-api/model/option.go:26 [33mSLOW SQL >= 200ms
[0m[31;1m[271.291ms] [33m[rows:37][35m SELECT * FROM `options`[0m

2026/10/02 16:31:17 [32mgithub.com/QuantumNous/new-api/model/system_task.go:362 [33mSLOW SQL >= 200ms
[0m[31;1m[863.928ms] [33m[rows:0][35m SELECT * FROM `system_task_locks` WHERE locked_until < ?[0m

2026/10/02 16:31:32 [32mgithub.com/QuantumNous/new-api/model/system_instance.go:69 [33mSLOW SQL >= 200ms
[0m[31;1m[374.447ms] [33m[rows:2][35m INSERT INTO `system_instances` (`node_name`,`info`,`started_at`,`last_seen_at`,`created_at`,`updated_at`) VALUES (?,?,?,?,?,?) ON DUPLICATE KEY UPDATE `info`=VALUES(`info`),`started_at`=VALUES(`started_at`),`last_seen_at`=VALUES(`last_seen_at`),`updated_at`=VALUES(`updated_at`)[0m

2026/10/02 16:31:47 [32mgithub.com/QuantumNous/new-api/model/midjourney.go:116 [33mSLOW SQL >= 200ms
[0m[31;1m[300.883ms] [33m[rows:0][35m SELECT `id` FROM `midjourneys` WHERE progress != ? LIMIT 1[0m

2026/10/02 16:32:02 [32mgithub.com/QuantumNous/new-api/zsy/runninghub/queue.go:116 [33mSLOW SQL >= 200ms
[0m[31;1m[417.416ms] [33m[rows:0][35m SELECT * FROM `rh_queued_tasks` ORDER BY created_at asc, id asc LIMIT 20[0m

2026/10/02 16:32:02 [32mgithub.com/QuantumNous/new-api/model/db_time.go:16 [33mSLOW SQL >= 200ms
[0m[31;1m[954.598ms] [33m[rows:1][35m SELECT UNIX_TIMESTAMP()[0m

2026/10/02 16:32:03 [32mgithub.com/QuantumNous/new-api/model/system_task.go:362 [33mSLOW SQL >= 200ms
[0m[31;1m[1313.684ms] [33m[rows:0][35m SELECT * FROM `system_task_locks` WHERE locked_until < ?[0m

2026/10/02 16:32:03 [32mgithub.com/QuantumNous/new-api/model/subscription.go:1149 [33mSLOW SQL >= 200ms
[0m[31;1m[394.158ms] [33m[rows:0][35m SELECT * FROM `user_subscriptions` WHERE status = ? AND end_time > 0 AND end_time <= ? ORDER BY end_time asc, id asc LIMIT 300[0m

2026/10/02 16:32:03 [32mgithub.com/QuantumNous/new-api/model/system_instance.go:69 [33mSLOW SQL >= 200ms
[0m[31;1m[1237.287ms] [33m[rows:2][35m INSERT INTO `system_instances` (`node_name`,`info`,`started_at`,`last_seen_at`,`created_at`,`updated_at`) VALUES (?,?,?,?,?,?) ON DUPLICATE KEY UPDATE `info`=VALUES(`info`),`started_at`=VALUES(`started_at`),`last_seen_at`=VALUES(`last_seen_at`),`updated_at`=VALUES(`updated_at`)[0m

2026/10/02 16:32:03 [32mgithub.com/QuantumNous/new-api/model/db_time.go:16 [33mSLOW SQL >= 200ms
[0m[31;1m[556.690ms] [33m[rows:1][35m SELECT UNIX_TIMESTAMP()[0m

2026/10/02 16:32:05 [32mgithub.com/QuantumNous/new-api/zsy/runninghub/queue.go:203 [33mSLOW SQL >= 200ms
[0m[31;1m[209.447ms] [33m[rows:0][35m SELECT * FROM `rh_queued_tasks` WHERE created_at < ? ORDER BY created_at asc LIMIT 50[0m
[SYS] 2026/10/02 - 16:32:09 | syncing options from database 

2026/10/02 16:32:09 [32mgithub.com/QuantumNous/new-api/model/option.go:26 [33mSLOW SQL >= 200ms
[0m[31;1m[236.671ms] [33m[rows:37][35m SELECT * FROM `options`[0m

2026/10/02 16:32:17 [32mgithub.com/QuantumNous/new-api/zsy/runninghub/queue.go:203 [33mSLOW SQL >= 200ms
[0m[31;1m[204.934ms] [33m[rows:0][35m SELECT * FROM `rh_queued_tasks` WHERE created_at < ? ORDER BY created_at asc LIMIT 50[0m

2026/10/02 16:32:32 [32mgithub.com/QuantumNous/new-api/model/system_instance.go:69 [33mSLOW SQL >= 200ms
[0m[31;1m[335.850ms] [33m[rows:2][35m INSERT INTO `system_instances` (`node_name`,`info`,`started_at`,`last_seen_at`,`created_at`,`updated_at`) VALUES (?,?,?,?,?,?) ON DUPLICATE KEY UPDATE `info`=VALUES(`info`),`started_at`=VALUES(`started_at`),`last_seen_at`=VALUES(`last_seen_at`),`updated_at`=VALUES(`updated_at`)[0m

2026/10/02 16:32:35 [32mgithub.com/QuantumNous/new-api/zsy/runninghub/queue.go:116 [33mSLOW SQL >= 200ms
[0m[31;1m[407.523ms] [33m[rows:0][35m SELECT * FROM `rh_queued_tasks` ORDER BY created_at asc, id asc LIMIT 20[0m

2026/10/02 16:33:02 [32mgithub.com/QuantumNous/new-api/model/system_task.go:169 [33mSLOW SQL >= 200ms
[0m[31;1m[616.266ms] [33m[rows:0][35m SELECT * FROM `system_tasks` WHERE id IN (SELECT MIN(id) FROM `system_tasks` WHERE type IN (?,?,?,?,?) AND status = ? GROUP BY `type`)[0m

2026/10/02 16:33:02 [32mgithub.com/QuantumNous/new-api/model/system_instance.go:69 [33mSLOW SQL >= 200ms
[0m[31;1m[448.332ms] [33m[rows:2][35m INSERT INTO `system_instances` (`node_name`,`info`,`started_at`,`last_seen_at`,`created_at`,`updated_at`) VALUES (?,?,?,?,?,?) ON DUPLICATE KEY UPDATE `info`=VALUES(`info`),`started_at`=VALUES(`started_at`),`last_seen_at`=VALUES(`last_seen_at`),`updated_at`=VALUES(`updated_at`)[0m
[SYS] 2026/10/02 - 16:33:09 | syncing options from database 

2026/10/02 16:33:09 [32mgithub.com/QuantumNous/new-api/model/option.go:26 [33mSLOW SQL >= 200ms
[0m[31;1m[227.089ms] [33m[rows:37][35m SELECT * FROM `options`[0m

2026/10/02 16:33:17 [32mgithub.com/QuantumNous/new-api/zsy/runninghub/queue.go:203 [33mSLOW SQL >= 200ms
[0m[31;1m[753.651ms] [33m[rows:0][35m SELECT * FROM `rh_queued_tasks` WHERE created_at < ? ORDER BY created_at asc LIMIT 50[0m

2026/10/02 16:33:17 [32mgithub.com/QuantumNous/new-api/model/system_task.go:216 [33mSLOW SQL >= 200ms
[0m[31;1m[487.307ms] [33m[rows:1][35m SELECT * FROM `system_tasks` WHERE id IN (SELECT MAX(id) FROM `system_tasks` WHERE type IN (?) GROUP BY `type`)[0m

2026/10/02 16:33:32 [32mgithub.com/QuantumNous/new-api/zsy/runninghub/queue.go:203 [33mSLOW SQL >= 200ms
[0m[31;1m[375.454ms] [33m[rows:0][35m SELECT * FROM `rh_queued_tasks` WHERE created_at < ? ORDER BY created_at asc LIMIT 50[0m

2026/10/02 16:33:32 [32mgithub.com/QuantumNous/new-api/model/system_instance.go:69 [33mSLOW SQL >= 200ms
[0m[31;1m[516.979ms] [33m[rows:2][35m INSERT INTO `system_instances` (`node_name`,`info`,`started_at`,`last_seen_at`,`created_at`,`updated_at`) VALUES (?,?,?,?,?,?) ON DUPLICATE KEY UPDATE `info`=VALUES(`info`),`started_at`=VALUES(`started_at`),`last_seen_at`=VALUES(`last_seen_at`),`updated_at`=VALUES(`updated_at`)[0m

2026/10/02 16:33:38 [32mgithub.com/QuantumNous/new-api/zsy/runninghub/queue.go:203 [33mSLOW SQL >= 200ms
[0m[31;1m[284.451ms] [33m[rows:0][35m SELECT * FROM `rh_queued_tasks` WHERE created_at < ? ORDER BY created_at asc LIMIT 50[0m

2026/10/02 16:33:44 [32mgithub.com/QuantumNous/new-api/zsy/runninghub/queue.go:116 [33mSLOW SQL >= 200ms
[0m[31;1m[410.761ms] [33m[rows:0][35m SELECT * FROM `rh_queued_tasks` ORDER BY created_at asc, id asc LIMIT 20[0m

2026/10/02 16:33:47 [32mgithub.com/QuantumNous/new-api/zsy/runninghub/queue.go:116 [33mSLOW SQL >= 200ms
[0m[31;1m[205.043ms] [33m[rows:0][35m SELECT * FROM `rh_queued_tasks` ORDER BY created_at asc, id asc LIMIT 20[0m

2026/10/02 16:33:47 [32mgithub.com/QuantumNous/new-api/model/midjourney.go:116 [33mSLOW SQL >= 200ms
[0m[31;1m[383.146ms] [33m[rows:0][35m SELECT `id` FROM `midjourneys` WHERE progress != ? LIMIT 1[0m

2026/10/02 16:33:48 [32mgithub.com/QuantumNous/new-api/model/task.go:355 [33mSLOW SQL >= 200ms
[0m[31;1m[823.228ms] [33m[rows:0][35m SELECT `id` FROM `tasks` WHERE progress != ? AND status != ? AND status != ? LIMIT 1[0m

2026/10/02 16:33:48 [32mgithub.com/QuantumNous/new-api/model/system_task.go:216 [33mSLOW SQL >= 200ms
[0m[31;1m[237.197ms] [33m[rows:1][35m SELECT * FROM `system_tasks` WHERE id IN (SELECT MAX(id) FROM `system_tasks` WHERE type IN (?) GROUP BY `type`)[0m

2026/10/02 16:33:59 [32mgithub.com/QuantumNous/new-api/zsy/runninghub/queue.go:203 [33mSLOW SQL >= 200ms
[0m[31;1m[346.110ms] [33m[rows:0][35m SELECT * FROM `rh_queued_tasks` WHERE created_at < ? ORDER BY created_at asc LIMIT 50[0m

2026/10/02 16:34:02 [32mgithub.com/QuantumNous/new-api/model/system_task.go:216 [33mSLOW SQL >= 200ms
[0m[31;1m[366.131ms] [33m[rows:1][35m SELECT * FROM `system_tasks` WHERE id IN (SELECT MAX(id) FROM `system_tasks` WHERE type IN (?) GROUP BY `type`)[0m

2026/10/02 16:34:02 [32mgithub.com/QuantumNous/new-api/model/db_time.go:16 [33mSLOW SQL >= 200ms
[0m[31;1m[888.883ms] [33m[rows:1][35m SELECT UNIX_TIMESTAMP()[0m

2026/10/02 16:34:03 [32mgithub.com/QuantumNous/new-api/model/system_instance.go:69 [33mSLOW SQL >= 200ms
[0m[31;1m[942.001ms] [33m[rows:2][35m INSERT INTO `system_instances` (`node_name`,`info`,`started_at`,`last_seen_at`,`created_at`,`updated_at`) VALUES (?,?,?,?,?,?) ON DUPLICATE KEY UPDATE `info`=VALUES(`info`),`started_at`=VALUES(`started_at`),`last_seen_at`=VALUES(`last_seen_at`),`updated_at`=VALUES(`updated_at`)[0m
[SYS] 2026/10/02 - 16:34:09 | syncing options from database 

2026/10/02 16:34:10 [32mgithub.com/QuantumNous/new-api/model/option.go:26 [33mSLOW SQL >= 200ms
[0m[31;1m[683.167ms] [33m[rows:37][35m SELECT * FROM `options`[0m

2026/10/02 16:34:26 [32mgithub.com/QuantumNous/new-api/zsy/runninghub/queue.go:203 [33mSLOW SQL >= 200ms
[0m[31;1m[216.765ms] [33m[rows:0][35m SELECT * FROM `rh_queued_tasks` WHERE created_at < ? ORDER BY created_at asc LIMIT 50[0m

2026/10/02 16:34:32 [32mgithub.com/QuantumNous/new-api/zsy/runninghub/queue.go:203 [33mSLOW SQL >= 200ms
[0m[31;1m[271.566ms] [33m[rows:0][35m SELECT * FROM `rh_queued_tasks` WHERE created_at < ? ORDER BY created_at asc LIMIT 50[0m

2026/10/02 16:34:32 [32mgithub.com/QuantumNous/new-api/model/midjourney.go:116 [33mSLOW SQL >= 200ms
[0m[31;1m[346.728ms] [33m[rows:0][35m SELECT `id` FROM `midjourneys` WHERE progress != ? LIMIT 1[0m

2026/10/02 16:34:32 [32mgithub.com/QuantumNous/new-api/model/system_instance.go:69 [33mSLOW SQL >= 200ms
[0m[31;1m[340.963ms] [33m[rows:2][35m INSERT INTO `system_instances` (`node_name`,`info`,`started_at`,`last_seen_at`,`created_at`,`updated_at`) VALUES (?,?,?,?,?,?) ON DUPLICATE KEY UPDATE `info`=VALUES(`info`),`started_at`=VALUES(`started_at`),`last_seen_at`=VALUES(`last_seen_at`),`updated_at`=VALUES(`updated_at`)[0m

2026/10/02 16:34:47 [32mgithub.com/QuantumNous/new-api/model/midjourney.go:116 [33mSLOW SQL >= 200ms
[0m[31;1m[367.474ms] [33m[rows:0][35m SELECT `id` FROM `midjourneys` WHERE progress != ? LIMIT 1[0m

2026/10/02 16:35:02 [32mgithub.com/QuantumNous/new-api/model/system_task.go:169 [33mSLOW SQL >= 200ms
[0m[31;1m[660.814ms] [33m[rows:0][35m SELECT * FROM `system_tasks` WHERE id IN (SELECT MIN(id) FROM `system_tasks` WHERE type IN (?,?,?,?,?) AND status = ? GROUP BY `type`)[0m

2026/10/02 16:35:02 [32mgithub.com/QuantumNous/new-api/model/system_instance.go:69 [33mSLOW SQL >= 200ms
[0m[31;1m[322.601ms] [33m[rows:2][35m INSERT INTO `system_instances` (`node_name`,`info`,`started_at`,`last_seen_at`,`created_at`,`updated_at`) VALUES (?,?,?,?,?,?) ON DUPLICATE KEY UPDATE `info`=VALUES(`info`),`started_at`=VALUES(`started_at`),`last_seen_at`=VALUES(`last_seen_at`),`updated_at`=VALUES(`updated_at`)[0m
[SYS] 2026/10/02 - 16:35:10 | syncing options from database 

2026/10/02 16:35:10 [32mgithub.com/QuantumNous/new-api/model/option.go:26 [33mSLOW SQL >= 200ms
[0m[31;1m[241.597ms] [33m[rows:37][35m SELECT * FROM `options`[0m

2026/10/02 16:35:14 [32mgithub.com/QuantumNous/new-api/zsy/runninghub/queue.go:116 [33mSLOW SQL >= 200ms
[0m[31;1m[371.604ms] [33m[rows:0][35m SELECT * FROM `rh_queued_tasks` ORDER BY created_at asc, id asc LIMIT 20[0m

2026/10/02 16:35:17 [32mgithub.com/QuantumNous/new-api/model/task.go:355 [33mSLOW SQL >= 200ms
[0m[31;1m[642.471ms] [33m[rows:0][35m SELECT `id` FROM `tasks` WHERE progress != ? AND status != ? AND status != ? LIMIT 1[0m

2026/10/02 16:35:32 [32mgithub.com/QuantumNous/new-api/model/system_instance.go:69 [33mSLOW SQL >= 200ms
[0m[31;1m[389.037ms] [33m[rows:2][35m INSERT INTO `system_instances` (`node_name`,`info`,`started_at`,`last_seen_at`,`created_at`,`updated_at`) VALUES (?,?,?,?,?,?) ON DUPLICATE KEY UPDATE `info`=VALUES(`info`),`started_at`=VALUES(`started_at`),`last_seen_at`=VALUES(`last_seen_at`),`updated_at`=VALUES(`updated_at`)[0m

2026/10/02 16:35:44 [32mgithub.com/QuantumNous/new-api/zsy/runninghub/queue.go:203 [33mSLOW SQL >= 200ms
[0m[31;1m[392.906ms] [33m[rows:0][35m SELECT * FROM `rh_queued_tasks` WHERE created_at < ? ORDER BY created_at asc LIMIT 50[0m
[SYS] 2026/10/02 - 16:36:01 | 正在更新数据看板数据... 
[SYS] 2026/10/02 - 16:36:01 | 保存数据看板数据成功，共保存0条数据 

2026/10/02 16:36:02 [32mgithub.com/QuantumNous/new-api/model/db_time.go:16 [33mSLOW SQL >= 200ms
[0m[31;1m[558.183ms] [33m[rows:1][35m SELECT UNIX_TIMESTAMP()[0m

2026/10/02 16:36:02 [32mgithub.com/QuantumNous/new-api/service/codex_credential_refresh_task.go:80 [33mSLOW SQL >= 200ms
[0m[31;1m[577.899ms] [33m[rows:0][35m SELECT `id`,`name`,`key`,`status`,`channel_info` FROM `channels` WHERE type = ? AND (status = ? OR status = ?) ORDER BY id asc LIMIT 200[0m

2026/10/02 16:36:02 [32mgithub.com/QuantumNous/new-api/model/system_instance.go:69 [33mSLOW SQL >= 200ms
[0m[31;1m[369.883ms] [33m[rows:2][35m INSERT INTO `system_instances` (`node_name`,`info`,`started_at`,`last_seen_at`,`created_at`,`updated_at`) VALUES (?,?,?,?,?,?) ON DUPLICATE KEY UPDATE `info`=VALUES(`info`),`started_at`=VALUES(`started_at`),`last_seen_at`=VALUES(`last_seen_at`),`updated_at`=VALUES(`updated_at`)[0m

2026/10/02 16:36:02 [32mgithub.com/QuantumNous/new-api/model/subscription.go:1437 [33mSLOW SQL >= 200ms
[0m[31;1m[204.280ms] [33m[rows:0][35m SELECT * FROM `user_subscriptions` WHERE next_reset_time > 0 AND next_reset_time <= ? AND status = ? ORDER BY next_reset_time asc LIMIT 300[0m
[SYS] 2026/10/02 - 16:36:10 | syncing options from database 

2026/10/02 16:36:11 [32mgithub.com/QuantumNous/new-api/model/option.go:26 [33mSLOW SQL >= 200ms
[0m[31;1m[306.951ms] [33m[rows:37][35m SELECT * FROM `options`[0m

2026/10/02 16:36:17 [32mgithub.com/QuantumNous/new-api/model/system_task.go:115 [33mSLOW SQL >= 200ms
[0m[31;1m[647.461ms] [33m[rows:1][35m INSERT INTO `system_tasks` (`task_id`,`type`,`status`,`active_key`,`payload`,`state`,`result`,`error`,`locked_by`,`created_at`,`updated_at`) VALUES (?,?,?,?,?,?,?,?,?,?,?)[0m

2026/10/02 16:36:18 [32mgithub.com/QuantumNous/new-api/model/system_task.go:276 [33mSLOW SQL >= 200ms
[0m[31;1m[741.551ms] [33m[rows:1][35m INSERT INTO `system_task_locks` (`type`,`task_id`,`locked_by`,`locked_until`,`updated_at`) VALUES (?,?,?,?,?)[0m

2026/10/02 16:36:19 [32mgithub.com/QuantumNous/new-api/model/system_task.go:248 [33mSLOW SQL >= 200ms
[0m[31;1m[580.561ms] [33m[rows:1][35m UPDATE `system_tasks` SET `locked_by`=?,`status`=?,`updated_at`=? WHERE id = ? AND type = ? AND status = ?[0m

2026/10/02 16:36:19 [32mgithub.com/QuantumNous/new-api/controller/channel_upstream_update.go:696 [33mSLOW SQL >= 200ms
[0m[31;1m[286.113ms] [33m[rows:1][35m SELECT count(*) FROM `channels` WHERE status = ?[0m

2026/10/02 16:36:20 [32mgithub.com/QuantumNous/new-api/controller/channel_upstream_update.go:716 [33mSLOW SQL >= 200ms
[0m[31;1m[478.628ms] [33m[rows:29][35m SELECT `id`,`name`,`type`,`key`,`status`,`base_url`,`models`,`model_mapping`,`settings`,`setting`,`other`,`group`,`priority`,`weight`,`tag`,`channel_info`,`header_override` FROM `channels` WHERE status = ? ORDER BY id asc LIMIT 100[0m

2026/10/02 16:36:21 [32mgithub.com/QuantumNous/new-api/model/system_task.go:318 [33mSLOW SQL >= 200ms
[0m[31;1m[946.849ms] [33m[rows:1][35m UPDATE `system_tasks` SET `state`=?,`updated_at`=? WHERE (task_id = ? AND status = ? AND locked_by = ?) AND (EXISTS (SELECT 1 FROM system_task_locks WHERE system_task_locks.task_id = system_tasks.task_id AND system_task_locks.locked_by = ? AND system_task_locks.locked_until >= ?))[0m

2026/10/02 16:36:22 [32mgithub.com/QuantumNous/new-api/controller/channel_upstream_update.go:499 [33mSLOW SQL >= 200ms
[0m[31;1m[346.021ms] [33m[rows:1][35m UPDATE `channels` SET `settings`=? WHERE id = ?[0m

2026/10/02 16:36:23 [32mgithub.com/QuantumNous/new-api/model/system_task.go:318 [33mSLOW SQL >= 200ms
[0m[31;1m[319.222ms] [33m[rows:1][35m UPDATE `system_tasks` SET `state`=?,`updated_at`=? WHERE (task_id = ? AND status = ? AND locked_by = ?) AND (EXISTS (SELECT 1 FROM system_task_locks WHERE system_task_locks.task_id = system_tasks.task_id AND system_task_locks.locked_by = ? AND system_task_locks.locked_until >= ?))[0m

2026/10/02 16:36:24 [32mgithub.com/QuantumNous/new-api/controller/channel_upstream_update.go:499 [33mSLOW SQL >= 200ms
[0m[31;1m[322.651ms] [33m[rows:1][35m UPDATE `channels` SET `settings`=? WHERE id = ?[0m

2026/10/02 16:36:24 [32mgithub.com/QuantumNous/new-api/controller/channel_upstream_update.go:499 [33mSLOW SQL >= 200ms
[0m[31;1m[334.096ms] [33m[rows:1][35m UPDATE `channels` SET `settings`=? WHERE id = ?[0m

2026/10/02 16:36:25 [32mgithub.com/QuantumNous/new-api/controller/channel_upstream_update.go:499 [33mSLOW SQL >= 200ms
[0m[31;1m[592.696ms] [33m[rows:1][35m UPDATE `channels` SET `settings`=? WHERE id = ?[0m

2026/10/02 16:36:26 [32mgithub.com/QuantumNous/new-api/model/system_task.go:318 [33mSLOW SQL >= 200ms
[0m[31;1m[320.641ms] [33m[rows:1][35m UPDATE `system_tasks` SET `state`=?,`updated_at`=? WHERE (task_id = ? AND status = ? AND locked_by = ?) AND (EXISTS (SELECT 1 FROM system_task_locks WHERE system_task_locks.task_id = system_tasks.task_id AND system_task_locks.locked_by = ? AND system_task_locks.locked_until >= ?))[0m

2026/10/02 16:36:26 [32mgithub.com/QuantumNous/new-api/controller/channel_upstream_update.go:499 [33mSLOW SQL >= 200ms
[0m[31;1m[359.230ms] [33m[rows:1][35m UPDATE `channels` SET `settings`=? WHERE id = ?[0m

2026/10/02 16:36:27 [32mgithub.com/QuantumNous/new-api/controller/channel_upstream_update.go:499 [33mSLOW SQL >= 200ms
[0m[31;1m[619.477ms] [33m[rows:1][35m UPDATE `channels` SET `settings`=? WHERE id = ?[0m

2026/10/02 16:36:28 [32mgithub.com/QuantumNous/new-api/controller/channel_upstream_update.go:499 [33mSLOW SQL >= 200ms
[0m[31;1m[324.032ms] [33m[rows:1][35m UPDATE `channels` SET `settings`=? WHERE id = ?[0m

2026/10/02 16:36:28 [32mgithub.com/QuantumNous/new-api/model/system_task.go:318 [33mSLOW SQL >= 200ms
[0m[31;1m[327.910ms] [33m[rows:1][35m UPDATE `system_tasks` SET `state`=?,`updated_at`=? WHERE (task_id = ? AND status = ? AND locked_by = ?) AND (EXISTS (SELECT 1 FROM system_task_locks WHERE system_task_locks.task_id = system_tasks.task_id AND system_task_locks.locked_by = ? AND system_task_locks.locked_until >= ?))[0m

2026/10/02 16:36:29 [32mgithub.com/QuantumNous/new-api/controller/channel_upstream_update.go:499 [33mSLOW SQL >= 200ms
[0m[31;1m[385.749ms] [33m[rows:1][35m UPDATE `channels` SET `settings`=? WHERE id = ?[0m

2026/10/02 16:36:30 [32mgithub.com/QuantumNous/new-api/controller/channel_upstream_update.go:499 [33mSLOW SQL >= 200ms
[0m[31;1m[332.224ms] [33m[rows:1][35m UPDATE `channels` SET `settings`=? WHERE id = ?[0m

2026/10/02 16:36:30 [32mgithub.com/QuantumNous/new-api/model/system_task.go:318 [33mSLOW SQL >= 200ms
[0m[31;1m[371.863ms] [33m[rows:1][35m UPDATE `system_tasks` SET `state`=?,`updated_at`=? WHERE (task_id = ? AND status = ? AND locked_by = ?) AND (EXISTS (SELECT 1 FROM system_task_locks WHERE system_task_locks.task_id = system_tasks.task_id AND system_task_locks.locked_by = ? AND system_task_locks.locked_until >= ?))[0m

2026/10/02 16:36:31 [32mgithub.com/QuantumNous/new-api/controller/channel_upstream_update.go:499 [33mSLOW SQL >= 200ms
[0m[31;1m[341.800ms] [33m[rows:1][35m UPDATE `channels` SET `settings`=? WHERE id = ?[0m

2026/10/02 16:36:32 [32mgithub.com/QuantumNous/new-api/controller/channel_upstream_update.go:499 [33mSLOW SQL >= 200ms
[0m[31;1m[360.586ms] [33m[rows:1][35m UPDATE `channels` SET `settings`=? WHERE id = ?[0m

2026/10/02 16:36:32 [32mgithub.com/QuantumNous/new-api/model/system_task.go:318 [33mSLOW SQL >= 200ms
[0m[31;1m[366.279ms] [33m[rows:1][35m UPDATE `system_tasks` SET `state`=?,`updated_at`=? WHERE (task_id = ? AND status = ? AND locked_by = ?) AND (EXISTS (SELECT 1 FROM system_task_locks WHERE system_task_locks.task_id = system_tasks.task_id AND system_task_locks.locked_by = ? AND system_task_locks.locked_until >= ?))[0m

2026/10/02 16:36:32 [32mgithub.com/QuantumNous/new-api/model/system_instance.go:69 [33mSLOW SQL >= 200ms
[0m[31;1m[331.922ms] [33m[rows:2][35m INSERT INTO `system_instances` (`node_name`,`info`,`started_at`,`last_seen_at`,`created_at`,`updated_at`) VALUES (?,?,?,?,?,?) ON DUPLICATE KEY UPDATE `info`=VALUES(`info`),`started_at`=VALUES(`started_at`),`last_seen_at`=VALUES(`last_seen_at`),`updated_at`=VALUES(`updated_at`)[0m

2026/10/02 16:36:33 [32mgithub.com/QuantumNous/new-api/zsy/runninghub/queue.go:203 [33mSLOW SQL >= 200ms
[0m[31;1m[1632.299ms] [33m[rows:0][35m SELECT * FROM `rh_queued_tasks` WHERE created_at < ? ORDER BY created_at asc LIMIT 50[0m

2026/10/02 16:36:33 [32mgithub.com/QuantumNous/new-api/controller/channel_upstream_update.go:499 [33mSLOW SQL >= 200ms
[0m[31;1m[995.616ms] [33m[rows:1][35m UPDATE `channels` SET `settings`=? WHERE id = ?[0m

2026/10/02 16:36:34 [32mgithub.com/QuantumNous/new-api/zsy/runninghub/queue.go:116 [33mSLOW SQL >= 200ms
[0m[31;1m[451.272ms] [33m[rows:0][35m SELECT * FROM `rh_queued_tasks` ORDER BY created_at asc, id asc LIMIT 20[0m

2026/10/02 16:36:35 [32mgithub.com/QuantumNous/new-api/controller/channel_upstream_update.go:499 [33mSLOW SQL >= 200ms
[0m[31;1m[1279.168ms] [33m[rows:1][35m UPDATE `channels` SET `settings`=? WHERE id = ?[0m

2026/10/02 16:36:36 [32mgithub.com/QuantumNous/new-api/model/system_task.go:318 [33mSLOW SQL >= 200ms
[0m[31;1m[977.291ms] [33m[rows:1][35m UPDATE `system_tasks` SET `state`=?,`updated_at`=? WHERE (task_id = ? AND status = ? AND locked_by = ?) AND (EXISTS (SELECT 1 FROM system_task_locks WHERE system_task_locks.task_id = system_tasks.task_id AND system_task_locks.locked_by = ? AND system_task_locks.locked_until >= ?))[0m

2026/10/02 16:36:37 [32mgithub.com/QuantumNous/new-api/controller/channel_upstream_update.go:499 [33mSLOW SQL >= 200ms
[0m[31;1m[571.152ms] [33m[rows:1][35m UPDATE `channels` SET `settings`=? WHERE id = ?[0m

2026/10/02 16:36:37 [32mgithub.com/QuantumNous/new-api/controller/channel_upstream_update.go:499 [33mSLOW SQL >= 200ms
[0m[31;1m[344.929ms] [33m[rows:1][35m UPDATE `channels` SET `settings`=? WHERE id = ?[0m

2026/10/02 16:36:38 [32mgithub.com/QuantumNous/new-api/model/system_task.go:318 [33mSLOW SQL >= 200ms
[0m[31;1m[328.613ms] [33m[rows:1][35m UPDATE `system_tasks` SET `state`=?,`updated_at`=? WHERE (task_id = ? AND status = ? AND locked_by = ?) AND (EXISTS (SELECT 1 FROM system_task_locks WHERE system_task_locks.task_id = system_tasks.task_id AND system_task_locks.locked_by = ? AND system_task_locks.locked_until >= ?))[0m

2026/10/02 16:36:39 [32mgithub.com/QuantumNous/new-api/controller/channel_upstream_update.go:499 [33mSLOW SQL >= 200ms
[0m[31;1m[507.991ms] [33m[rows:1][35m UPDATE `channels` SET `settings`=? WHERE id = ?[0m

2026/10/02 16:36:39 [32mgithub.com/QuantumNous/new-api/controller/channel_upstream_update.go:499 [33mSLOW SQL >= 200ms
[0m[31;1m[347.564ms] [33m[rows:1][35m UPDATE `channels` SET `settings`=? WHERE id = ?[0m

2026/10/02 16:36:40 [32mgithub.com/QuantumNous/new-api/controller/channel_upstream_update.go:499 [33mSLOW SQL >= 200ms
[0m[31;1m[358.240ms] [33m[rows:1][35m UPDATE `channels` SET `settings`=? WHERE id = ?[0m

2026/10/02 16:36:40 [32mgithub.com/QuantumNous/new-api/model/system_task.go:335 [33mSLOW SQL >= 200ms
[0m[31;1m[658.387ms] [33m[rows:1][35m UPDATE `system_task_locks` SET `locked_until`=?,`updated_at`=? WHERE task_id = ? AND locked_by = ? AND locked_until >= ?[0m

2026/10/02 16:36:40 [32mgithub.com/QuantumNous/new-api/model/system_task.go:318 [33mSLOW SQL >= 200ms
[0m[31;1m[320.361ms] [33m[rows:1][35m UPDATE `system_tasks` SET `state`=?,`updated_at`=? WHERE (task_id = ? AND status = ? AND locked_by = ?) AND (EXISTS (SELECT 1 FROM system_task_locks WHERE system_task_locks.task_id = system_tasks.task_id AND system_task_locks.locked_by = ? AND system_task_locks.locked_until >= ?))[0m

2026/10/02 16:36:41 [32mgithub.com/QuantumNous/new-api/controller/channel_upstream_update.go:499 [33mSLOW SQL >= 200ms
[0m[31;1m[321.382ms] [33m[rows:1][35m UPDATE `channels` SET `settings`=? WHERE id = ?[0m

2026/10/02 16:36:41 [32mgithub.com/QuantumNous/new-api/model/system_task.go:318 [33mSLOW SQL >= 200ms
[0m[31;1m[326.450ms] [33m[rows:1][35m UPDATE `system_tasks` SET `state`=?,`updated_at`=? WHERE (task_id = ? AND status = ? AND locked_by = ?) AND (EXISTS (SELECT 1 FROM system_task_locks WHERE system_task_locks.task_id = system_tasks.task_id AND system_task_locks.locked_by = ? AND system_task_locks.locked_until >= ?))[0m

2026/10/02 16:36:42 [32mgithub.com/QuantumNous/new-api/model/system_task.go:318 [33mSLOW SQL >= 200ms
[0m[31;1m[615.025ms] [33m[rows:0][35m UPDATE `system_tasks` SET `state`=?,`updated_at`=? WHERE (task_id = ? AND status = ? AND locked_by = ?) AND (EXISTS (SELECT 1 FROM system_task_locks WHERE system_task_locks.task_id = system_tasks.task_id AND system_task_locks.locked_by = ? AND system_task_locks.locked_until >= ?))[0m
[SYS] 2026/10/02 - 16:36:42 | upstream model update task done: checked_channels=19 changed_channels=19 detected_add_models=2497 detected_remove_models=0 failed_channels=0 auto_added_models=0 
[SYS] 2026/10/02 - 16:36:42 | upstream model update notification skipped in 24h window: changed_channels=19 failed_channels=0 

2026/10/02 16:36:42 [32mgithub.com/QuantumNous/new-api/model/system_task.go:392 [33mSLOW SQL >= 200ms
[0m[31;1m[384.031ms] [33m[rows:1][35m UPDATE `system_tasks` SET `active_key`=?,`error`=?,`result`=?,`status`=?,`updated_at`=? WHERE (task_id = ? AND status = ? AND locked_by = ?) AND (EXISTS (SELECT 1 FROM system_task_locks WHERE system_task_locks.task_id = system_tasks.task_id AND system_task_locks.locked_by = ? AND system_task_locks.locked_until >= ?))[0m

2026/10/02 16:36:42 [32mgithub.com/QuantumNous/new-api/model/system_task.go:379 [33mSLOW SQL >= 200ms
[0m[31;1m[403.053ms] [33m[rows:1][35m DELETE FROM `system_task_locks` WHERE task_id = ? AND locked_by = ?[0m

2026/10/02 16:36:47 [32mgithub.com/QuantumNous/new-api/model/task.go:355 [33mSLOW SQL >= 200ms
[0m[31;1m[441.450ms] [33m[rows:0][35m SELECT `id` FROM `tasks` WHERE progress != ? AND status != ? AND status != ? LIMIT 1[0m

2026/10/02 16:37:03 [32mgithub.com/QuantumNous/new-api/model/system_instance.go:69 [33mSLOW SQL >= 200ms
[0m[31;1m[793.083ms] [33m[rows:2][35m INSERT INTO `system_instances` (`node_name`,`info`,`started_at`,`last_seen_at`,`created_at`,`updated_at`) VALUES (?,?,?,?,?,?) ON DUPLICATE KEY UPDATE `info`=VALUES(`info`),`started_at`=VALUES(`started_at`),`last_seen_at`=VALUES(`last_seen_at`),`updated_at`=VALUES(`updated_at`)[0m
[SYS] 2026/10/02 - 16:37:11 | syncing options from database 

2026/10/02 16:37:11 [32mgithub.com/QuantumNous/new-api/model/option.go:26 [33mSLOW SQL >= 200ms
[0m[31;1m[219.332ms] [33m[rows:37][35m SELECT * FROM `options`[0m

2026/10/02 16:37:17 [32mgithub.com/QuantumNous/new-api/model/system_task.go:169 [33mSLOW SQL >= 200ms
[0m[31;1m[210.362ms] [33m[rows:0][35m SELECT * FROM `system_tasks` WHERE id IN (SELECT MIN(id) FROM `system_tasks` WHERE type IN (?,?,?,?,?) AND status = ? GROUP BY `type`)[0m

2026/10/02 16:37:32 [32mgithub.com/QuantumNous/new-api/model/system_task.go:362 [33mSLOW SQL >= 200ms
[0m[31;1m[241.164ms] [33m[rows:0][35m SELECT * FROM `system_task_locks` WHERE locked_until < ?[0m

2026/10/02 16:37:32 [32mgithub.com/QuantumNous/new-api/model/system_instance.go:69 [33mSLOW SQL >= 200ms
[0m[31;1m[352.926ms] [33m[rows:2][35m INSERT INTO `system_instances` (`node_name`,`info`,`started_at`,`last_seen_at`,`created_at`,`updated_at`) VALUES (?,?,?,?,?,?) ON DUPLICATE KEY UPDATE `info`=VALUES(`info`),`started_at`=VALUES(`started_at`),`last_seen_at`=VALUES(`last_seen_at`),`updated_at`=VALUES(`updated_at`)[0m

2026/10/02 16:37:48 [32mgithub.com/QuantumNous/new-api/zsy/runninghub/queue.go:203 [33mSLOW SQL >= 200ms
[0m[31;1m[1287.098ms] [33m[rows:0][35m SELECT * FROM `rh_queued_tasks` WHERE created_at < ? ORDER BY created_at asc LIMIT 50[0m

2026/10/02 16:37:48 [32mgithub.com/QuantumNous/new-api/zsy/runninghub/queue.go:116 [33mSLOW SQL >= 200ms
[0m[31;1m[295.461ms] [33m[rows:0][35m SELECT * FROM `rh_queued_tasks` ORDER BY created_at asc, id asc LIMIT 20[0m

2026/10/02 16:37:50 [32mgithub.com/QuantumNous/new-api/zsy/runninghub/queue.go:116 [33mSLOW SQL >= 200ms
[0m[31;1m[475.730ms] [33m[rows:0][35m SELECT * FROM `rh_queued_tasks` ORDER BY created_at asc, id asc LIMIT 20[0m

2026/10/02 16:38:02 [32mgithub.com/QuantumNous/new-api/zsy/runninghub/queue.go:203 [33mSLOW SQL >= 200ms
[0m[31;1m[558.136ms] [33m[rows:0][35m SELECT * FROM `rh_queued_tasks` WHERE created_at < ? ORDER BY created_at asc LIMIT 50[0m

2026/10/02 16:38:02 [32mgithub.com/QuantumNous/new-api/model/system_instance.go:69 [33mSLOW SQL >= 200ms
[0m[31;1m[307.582ms] [33m[rows:2][35m INSERT INTO `system_instances` (`node_name`,`info`,`started_at`,`last_seen_at`,`created_at`,`updated_at`) VALUES (?,?,?,?,?,?) ON DUPLICATE KEY UPDATE `info`=VALUES(`info`),`started_at`=VALUES(`started_at`),`last_seen_at`=VALUES(`last_seen_at`),`updated_at`=VALUES(`updated_at`)[0m
[SYS] 2026/10/02 - 16:38:11 | syncing options from database 

2026/10/02 16:38:11 [32mgithub.com/QuantumNous/new-api/model/option.go:26 [33mSLOW SQL >= 200ms
[0m[31;1m[589.481ms] [33m[rows:37][35m SELECT * FROM `options`[0m

2026/10/02 16:38:17 [32mgithub.com/QuantumNous/new-api/model/task.go:355 [33mSLOW SQL >= 200ms
[0m[31;1m[219.397ms] [33m[rows:0][35m SELECT `id` FROM `tasks` WHERE progress != ? AND status != ? AND status != ? LIMIT 1[0m

2026/10/02 16:38:17 [32mgithub.com/QuantumNous/new-api/model/system_task.go:216 [33mSLOW SQL >= 200ms
[0m[31;1m[298.862ms] [33m[rows:1][35m SELECT * FROM `system_tasks` WHERE id IN (SELECT MAX(id) FROM `system_tasks` WHERE type IN (?) GROUP BY `type`)[0m

2026/10/02 16:38:18 [32mgithub.com/QuantumNous/new-api/model/system_task.go:169 [33mSLOW SQL >= 200ms
[0m[31;1m[286.633ms] [33m[rows:0][35m SELECT * FROM `system_tasks` WHERE id IN (SELECT MIN(id) FROM `system_tasks` WHERE type IN (?,?,?,?,?) AND status = ? GROUP BY `type`)[0m

2026/10/02 16:38:23 [32mgithub.com/QuantumNous/new-api/zsy/runninghub/queue.go:203 [33mSLOW SQL >= 200ms
[0m[31;1m[392.649ms] [33m[rows:0][35m SELECT * FROM `rh_queued_tasks` WHERE created_at < ? ORDER BY created_at asc LIMIT 50[0m

2026/10/02 16:38:32 [32mgithub.com/QuantumNous/new-api/model/system_instance.go:69 [33mSLOW SQL >= 200ms
[0m[31;1m[384.259ms] [33m[rows:2][35m INSERT INTO `system_instances` (`node_name`,`info`,`started_at`,`last_seen_at`,`created_at`,`updated_at`) VALUES (?,?,?,?,?,?) ON DUPLICATE KEY UPDATE `info`=VALUES(`info`),`started_at`=VALUES(`started_at`),`last_seen_at`=VALUES(`last_seen_at`),`updated_at`=VALUES(`updated_at`)[0m

2026/10/02 16:38:47 [32mgithub.com/QuantumNous/new-api/model/task.go:355 [33mSLOW SQL >= 200ms
[0m[31;1m[208.834ms] [33m[rows:0][35m SELECT `id` FROM `tasks` WHERE progress != ? AND status != ? AND status != ? LIMIT 1[0m

2026/10/02 16:38:47 [32mgithub.com/QuantumNous/new-api/model/system_task.go:216 [33mSLOW SQL >= 200ms
[0m[31;1m[202.688ms] [33m[rows:1][35m SELECT * FROM `system_tasks` WHERE id IN (SELECT MAX(id) FROM `system_tasks` WHERE type IN (?) GROUP BY `type`)[0m

2026/10/02 16:39:02 [32mgithub.com/QuantumNous/new-api/model/system_task.go:362 [33mSLOW SQL >= 200ms
[0m[31;1m[748.248ms] [33m[rows:0][35m SELECT * FROM `system_task_locks` WHERE locked_until < ?[0m

2026/10/02 16:39:03 [32mgithub.com/QuantumNous/new-api/model/system_task.go:169 [33mSLOW SQL >= 200ms
[0m[31;1m[370.057ms] [33m[rows:0][35m SELECT * FROM `system_tasks` WHERE id IN (SELECT MIN(id) FROM `system_tasks` WHERE type IN (?,?,?,?,?) AND status = ? GROUP BY `type`)[0m

2026/10/02 16:39:03 [32mgithub.com/QuantumNous/new-api/model/subscription.go:1437 [33mSLOW SQL >= 200ms
[0m[31;1m[799.135ms] [33m[rows:0][35m SELECT * FROM `user_subscriptions` WHERE next_reset_time > 0 AND next_reset_time <= ? AND status = ? ORDER BY next_reset_time asc LIMIT 300[0m

2026/10/02 16:39:03 [32mgithub.com/QuantumNous/new-api/model/system_instance.go:69 [33mSLOW SQL >= 200ms
[0m[31;1m[1032.816ms] [33m[rows:2][35m INSERT INTO `system_instances` (`node_name`,`info`,`started_at`,`last_seen_at`,`created_at`,`updated_at`) VALUES (?,?,?,?,?,?) ON DUPLICATE KEY UPDATE `info`=VALUES(`info`),`started_at`=VALUES(`started_at`),`last_seen_at`=VALUES(`last_seen_at`),`updated_at`=VALUES(`updated_at`)[0m

2026/10/02 16:39:03 [32mgithub.com/QuantumNous/new-api/zsy/runninghub/queue.go:203 [33mSLOW SQL >= 200ms
[0m[31;1m[1845.695ms] [33m[rows:0][35m SELECT * FROM `rh_queued_tasks` WHERE created_at < ? ORDER BY created_at asc LIMIT 50[0m

2026/10/02 16:39:04 [32mgithub.com/QuantumNous/new-api/zsy/runninghub/queue.go:116 [33mSLOW SQL >= 200ms
[0m[31;1m[217.518ms] [33m[rows:0][35m SELECT * FROM `rh_queued_tasks` ORDER BY created_at asc, id asc LIMIT 20[0m

2026/10/02 16:39:08 [32mgithub.com/QuantumNous/new-api/zsy/runninghub/queue.go:116 [33mSLOW SQL >= 200ms
[0m[31;1m[275.433ms] [33m[rows:0][35m SELECT * FROM `rh_queued_tasks` ORDER BY created_at asc, id asc LIMIT 20[0m
[SYS] 2026/10/02 - 16:39:11 | syncing options from database 

2026/10/02 16:39:12 [32mgithub.com/QuantumNous/new-api/model/option.go:26 [33mSLOW SQL >= 200ms
[0m[31;1m[236.376ms] [33m[rows:37][35m SELECT * FROM `options`[0m

2026/10/02 16:39:17 [32mgithub.com/QuantumNous/new-api/model/midjourney.go:116 [33mSLOW SQL >= 200ms
[0m[31;1m[216.140ms] [33m[rows:0][35m SELECT `id` FROM `midjourneys` WHERE progress != ? LIMIT 1[0m

2026/10/02 16:39:17 [32mgithub.com/QuantumNous/new-api/model/system_task.go:216 [33mSLOW SQL >= 200ms
[0m[31;1m[218.667ms] [33m[rows:1][35m SELECT * FROM `system_tasks` WHERE id IN (SELECT MAX(id) FROM `system_tasks` WHERE type IN (?) GROUP BY `type`)[0m

2026/10/02 16:39:32 [32mgithub.com/QuantumNous/new-api/model/system_instance.go:69 [33mSLOW SQL >= 200ms
[0m[31;1m[357.358ms] [33m[rows:2][35m INSERT INTO `system_instances` (`node_name`,`info`,`started_at`,`last_seen_at`,`created_at`,`updated_at`) VALUES (?,?,?,?,?,?) ON DUPLICATE KEY UPDATE `info`=VALUES(`info`),`started_at`=VALUES(`started_at`),`last_seen_at`=VALUES(`last_seen_at`),`updated_at`=VALUES(`updated_at`)[0m

2026/10/02 16:39:47 [32mgithub.com/QuantumNous/new-api/model/midjourney.go:116 [33mSLOW SQL >= 200ms
[0m[31;1m[222.334ms] [33m[rows:0][35m SELECT `id` FROM `midjourneys` WHERE progress != ? LIMIT 1[0m

2026/10/02 16:40:02 [32mgithub.com/QuantumNous/new-api/model/subscription.go:1149 [33mSLOW SQL >= 200ms
[0m[31;1m[299.913ms] [33m[rows:0][35m SELECT * FROM `user_subscriptions` WHERE status = ? AND end_time > 0 AND end_time <= ? ORDER BY end_time asc, id asc LIMIT 300[0m

2026/10/02 16:40:02 [32mgithub.com/QuantumNous/new-api/zsy/runninghub/queue.go:203 [33mSLOW SQL >= 200ms
[0m[31;1m[552.615ms] [33m[rows:0][35m SELECT * FROM `rh_queued_tasks` WHERE created_at < ? ORDER BY created_at asc LIMIT 50[0m

2026/10/02 16:40:02 [32mgithub.com/QuantumNous/new-api/model/system_instance.go:69 [33mSLOW SQL >= 200ms
[0m[31;1m[328.318ms] [33m[rows:2][35m INSERT INTO `system_instances` (`node_name`,`info`,`started_at`,`last_seen_at`,`created_at`,`updated_at`) VALUES (?,?,?,?,?,?) ON DUPLICATE KEY UPDATE `info`=VALUES(`info`),`started_at`=VALUES(`started_at`),`last_seen_at`=VALUES(`last_seen_at`),`updated_at`=VALUES(`updated_at`)[0m

2026/10/02 16:40:05 [32mgithub.com/QuantumNous/new-api/zsy/runninghub/queue.go:203 [33mSLOW SQL >= 200ms
[0m[31;1m[556.872ms] [33m[rows:0][35m SELECT * FROM `rh_queued_tasks` WHERE created_at < ? ORDER BY created_at asc LIMIT 50[0m
[SYS] 2026/10/02 - 16:40:12 | syncing options from database 

2026/10/02 16:40:12 [32mgithub.com/QuantumNous/new-api/model/option.go:26 [33mSLOW SQL >= 200ms
[0m[31;1m[282.704ms] [33m[rows:37][35m SELECT * FROM `options`[0m

2026/10/02 16:40:17 [32mgithub.com/QuantumNous/new-api/zsy/runninghub/queue.go:203 [33mSLOW SQL >= 200ms
[0m[31;1m[610.325ms] [33m[rows:0][35m SELECT * FROM `rh_queued_tasks` WHERE created_at < ? ORDER BY created_at asc LIMIT 50[0m

2026/10/02 16:40:17 [32mgithub.com/QuantumNous/new-api/zsy/runninghub/queue.go:116 [33mSLOW SQL >= 200ms
[0m[31;1m[200.781ms] [33m[rows:0][35m SELECT * FROM `rh_queued_tasks` ORDER BY created_at asc, id asc LIMIT 20[0m

2026/10/02 16:40:32 [32mgithub.com/QuantumNous/new-api/model/midjourney.go:116 [33mSLOW SQL >= 200ms
[0m[31;1m[324.032ms] [33m[rows:0][35m SELECT `id` FROM `midjourneys` WHERE progress != ? LIMIT 1[0m

2026/10/02 16:40:32 [32mgithub.com/QuantumNous/new-api/model/system_task.go:216 [33mSLOW SQL >= 200ms
[0m[31;1m[266.776ms] [33m[rows:1][35m SELECT * FROM `system_tasks` WHERE id IN (SELECT MAX(id) FROM `system_tasks` WHERE type IN (?) GROUP BY `type`)[0m

2026/10/02 16:40:33 [32mgithub.com/QuantumNous/new-api/model/system_instance.go:69 [33mSLOW SQL >= 200ms
[0m[31;1m[663.062ms] [33m[rows:2][35m INSERT INTO `system_instances` (`node_name`,`info`,`started_at`,`last_seen_at`,`created_at`,`updated_at`) VALUES (?,?,?,?,?,?) ON DUPLICATE KEY UPDATE `info`=VALUES(`info`),`started_at`=VALUES(`started_at`),`last_seen_at`=VALUES(`last_seen_at`),`updated_at`=VALUES(`updated_at`)[0m

2026/10/02 16:40:44 [32mgithub.com/QuantumNous/new-api/zsy/runninghub/queue.go:116 [33mSLOW SQL >= 200ms
[0m[31;1m[425.625ms] [33m[rows:0][35m SELECT * FROM `rh_queued_tasks` ORDER BY created_at asc, id asc LIMIT 20[0m

2026/10/02 16:40:52 [32mgithub.com/QuantumNous/new-api/service/authz/adapter.go:23 [33mSLOW SQL >= 200ms
[0m[31;1m[455.275ms] [33m[rows:3][35m SELECT * FROM `casbin_rule` ORDER BY id asc[0m
[SYS] 2026/10/02 - 16:41:02 | 正在更新数据看板数据... 
[SYS] 2026/10/02 - 16:41:02 | 保存数据看板数据成功，共保存0条数据 

2026/10/02 16:41:02 [32mgithub.com/QuantumNous/new-api/model/system_task.go:362 [33mSLOW SQL >= 200ms
[0m[31;1m[781.092ms] [33m[rows:0][35m SELECT * FROM `system_task_locks` WHERE locked_until < ?[0m

2026/10/02 16:41:03 [32mgithub.com/QuantumNous/new-api/model/system_instance.go:69 [33mSLOW SQL >= 200ms
[0m[31;1m[542.429ms] [33m[rows:2][35m INSERT INTO `system_instances` (`node_name`,`info`,`started_at`,`last_seen_at`,`created_at`,`updated_at`) VALUES (?,?,?,?,?,?) ON DUPLICATE KEY UPDATE `info`=VALUES(`info`),`started_at`=VALUES(`started_at`),`last_seen_at`=VALUES(`last_seen_at`),`updated_at`=VALUES(`updated_at`)[0m

2026/10/02 16:41:03 [32mgithub.com/QuantumNous/new-api/model/midjourney.go:116 [33mSLOW SQL >= 200ms
[0m[31;1m[286.185ms] [33m[rows:0][35m SELECT `id` FROM `midjourneys` WHERE progress != ? LIMIT 1[0m

2026/10/02 16:41:03 [32mgithub.com/QuantumNous/new-api/model/system_task.go:169 [33mSLOW SQL >= 200ms
[0m[31;1m[206.020ms] [33m[rows:0][35m SELECT * FROM `system_tasks` WHERE id IN (SELECT MIN(id) FROM `system_tasks` WHERE type IN (?,?,?,?,?) AND status = ? GROUP BY `type`)[0m

2026/10/02 16:41:05 [32mgithub.com/QuantumNous/new-api/zsy/runninghub/queue.go:203 [33mSLOW SQL >= 200ms
[0m[31;1m[228.625ms] [33m[rows:0][35m SELECT * FROM `rh_queued_tasks` WHERE created_at < ? ORDER BY created_at asc LIMIT 50[0m

2026/10/02 16:41:05 [32mgithub.com/QuantumNous/new-api/zsy/runninghub/queue.go:116 [33mSLOW SQL >= 200ms
[0m[31;1m[208.589ms] [33m[rows:0][35m SELECT * FROM `rh_queued_tasks` ORDER BY created_at asc, id asc LIMIT 20[0m
[SYS] 2026/10/02 - 16:41:12 | syncing options from database 

2026/10/02 16:41:12 [32mgithub.com/QuantumNous/new-api/model/option.go:26 [33mSLOW SQL >= 200ms
[0m[31;1m[292.764ms] [33m[rows:37][35m SELECT * FROM `options`[0m

2026/10/02 16:41:32 [32mgithub.com/QuantumNous/new-api/zsy/runninghub/queue.go:203 [33mSLOW SQL >= 200ms
[0m[31;1m[602.036ms] [33m[rows:0][35m SELECT * FROM `rh_queued_tasks` WHERE created_at < ? ORDER BY created_at asc LIMIT 50[0m

2026/10/02 16:41:32 [32mgithub.com/QuantumNous/new-api/model/system_instance.go:69 [33mSLOW SQL >= 200ms
[0m[31;1m[319.049ms] [33m[rows:2][35m INSERT INTO `system_instances` (`node_name`,`info`,`started_at`,`last_seen_at`,`created_at`,`updated_at`) VALUES (?,?,?,?,?,?) ON DUPLICATE KEY UPDATE `info`=VALUES(`info`),`started_at`=VALUES(`started_at`),`last_seen_at`=VALUES(`last_seen_at`),`updated_at`=VALUES(`updated_at`)[0m

2026/10/02 16:42:02 [32mgithub.com/QuantumNous/new-api/zsy/runninghub/queue.go:203 [33mSLOW SQL >= 200ms
[0m[31;1m[636.323ms] [33m[rows:0][35m SELECT * FROM `rh_queued_tasks` WHERE created_at < ? ORDER BY created_at asc LIMIT 50[0m

2026/10/02 16:42:02 [32mgithub.com/QuantumNous/new-api/model/system_instance.go:69 [33mSLOW SQL >= 200ms
[0m[31;1m[334.906ms] [33m[rows:2][35m INSERT INTO `system_instances` (`node_name`,`info`,`started_at`,`last_seen_at`,`created_at`,`updated_at`) VALUES (?,?,?,?,?,?) ON DUPLICATE KEY UPDATE `info`=VALUES(`info`),`started_at`=VALUES(`started_at`),`last_seen_at`=VALUES(`last_seen_at`),`updated_at`=VALUES(`updated_at`)[0m
[SYS] 2026/10/02 - 16:42:12 | syncing options from database 

2026/10/02 16:42:13 [32mgithub.com/QuantumNous/new-api/model/option.go:26 [33mSLOW SQL >= 200ms
[0m[31;1m[224.635ms] [33m[rows:37][35m SELECT * FROM `options`[0m

2026/10/02 16:42:17 [32mgithub.com/QuantumNous/new-api/model/midjourney.go:116 [33mSLOW SQL >= 200ms
[0m[31;1m[451.928ms] [33m[rows:0][35m SELECT `id` FROM `midjourneys` WHERE progress != ? LIMIT 1[0m

2026/10/02 16:42:18 [32mgithub.com/QuantumNous/new-api/model/system_task.go:169 [33mSLOW SQL >= 200ms
[0m[31;1m[446.923ms] [33m[rows:0][35m SELECT * FROM `system_tasks` WHERE id IN (SELECT MIN(id) FROM `system_tasks` WHERE type IN (?,?,?,?,?) AND status = ? GROUP BY `type`)[0m

2026/10/02 16:42:32 [32mgithub.com/QuantumNous/new-api/model/task.go:355 [33mSLOW SQL >= 200ms
[0m[31;1m[204.981ms] [33m[rows:0][35m SELECT `id` FROM `tasks` WHERE progress != ? AND status != ? AND status != ? LIMIT 1[0m

2026/10/02 16:42:32 [32mgithub.com/QuantumNous/new-api/zsy/runninghub/queue.go:116 [33mSLOW SQL >= 200ms
[0m[31;1m[402.629ms] [33m[rows:0][35m SELECT * FROM `rh_queued_tasks` ORDER BY created_at asc, id asc LIMIT 20[0m

2026/10/02 16:42:32 [32mgithub.com/QuantumNous/new-api/model/system_task.go:216 [33mSLOW SQL >= 200ms
[0m[31;1m[204.410ms] [33m[rows:1][35m SELECT * FROM `system_tasks` WHERE id IN (SELECT MAX(id) FROM `system_tasks` WHERE type IN (?) GROUP BY `type`)[0m

2026/10/02 16:42:33 [32mgithub.com/QuantumNous/new-api/model/system_instance.go:69 [33mSLOW SQL >= 200ms
[0m[31;1m[899.673ms] [33m[rows:2][35m INSERT INTO `system_instances` (`node_name`,`info`,`started_at`,`last_seen_at`,`created_at`,`updated_at`) VALUES (?,?,?,?,?,?) ON DUPLICATE KEY UPDATE `info`=VALUES(`info`),`started_at`=VALUES(`started_at`),`last_seen_at`=VALUES(`last_seen_at`),`updated_at`=VALUES(`updated_at`)[0m

2026/10/02 16:42:35 [32mgithub.com/QuantumNous/new-api/zsy/runninghub/queue.go:203 [33mSLOW SQL >= 200ms
[0m[31;1m[218.270ms] [33m[rows:0][35m SELECT * FROM `rh_queued_tasks` WHERE created_at < ? ORDER BY created_at asc LIMIT 50[0m

2026/10/02 16:42:35 [32mgithub.com/QuantumNous/new-api/zsy/runninghub/queue.go:116 [33mSLOW SQL >= 200ms
[0m[31;1m[449.006ms] [33m[rows:0][35m SELECT * FROM `rh_queued_tasks` ORDER BY created_at asc, id asc LIMIT 20[0m

2026/10/02 16:42:44 [32mgithub.com/QuantumNous/new-api/zsy/runninghub/queue.go:203 [33mSLOW SQL >= 200ms
[0m[31;1m[379.084ms] [33m[rows:0][35m SELECT * FROM `rh_queued_tasks` WHERE created_at < ? ORDER BY created_at asc LIMIT 50[0m

2026/10/02 16:42:44 [32mgithub.com/QuantumNous/new-api/zsy/runninghub/queue.go:116 [33mSLOW SQL >= 200ms
[0m[31;1m[398.608ms] [33m[rows:0][35m SELECT * FROM `rh_queued_tasks` ORDER BY created_at asc, id asc LIMIT 20[0m

2026/10/02 16:42:56 [32mgithub.com/QuantumNous/new-api/zsy/runninghub/queue.go:203 [33mSLOW SQL >= 200ms
[0m[31;1m[394.364ms] [33m[rows:0][35m SELECT * FROM `rh_queued_tasks` WHERE created_at < ? ORDER BY created_at asc LIMIT 50[0m

2026/10/02 16:43:02 [32mgithub.com/QuantumNous/new-api/model/db_time.go:16 [33mSLOW SQL >= 200ms
[0m[31;1m[676.236ms] [33m[rows:1][35m SELECT UNIX_TIMESTAMP()[0m

2026/10/02 16:43:02 [32mgithub.com/QuantumNous/new-api/model/system_task.go:216 [33mSLOW SQL >= 200ms
[0m[31;1m[506.188ms] [33m[rows:1][35m SELECT * FROM `system_tasks` WHERE id IN (SELECT MAX(id) FROM `system_tasks` WHERE type IN (?) GROUP BY `type`)[0m

2026/10/02 16:43:02 [32mgithub.com/QuantumNous/new-api/model/system_instance.go:69 [33mSLOW SQL >= 200ms
[0m[31;1m[362.870ms] [33m[rows:2][35m INSERT INTO `system_instances` (`node_name`,`info`,`started_at`,`last_seen_at`,`created_at`,`updated_at`) VALUES (?,?,?,?,?,?) ON DUPLICATE KEY UPDATE `info`=VALUES(`info`),`started_at`=VALUES(`started_at`),`last_seen_at`=VALUES(`last_seen_at`),`updated_at`=VALUES(`updated_at`)[0m
[SYS] 2026/10/02 - 16:43:13 | syncing options from database 

2026/10/02 16:43:13 [32mgithub.com/QuantumNous/new-api/model/option.go:26 [33mSLOW SQL >= 200ms
[0m[31;1m[270.583ms] [33m[rows:37][35m SELECT * FROM `options`[0m

2026/10/02 16:43:32 [32mgithub.com/QuantumNous/new-api/model/midjourney.go:116 [33mSLOW SQL >= 200ms
[0m[31;1m[441.947ms] [33m[rows:0][35m SELECT `id` FROM `midjourneys` WHERE progress != ? LIMIT 1[0m

2026/10/02 16:43:32 [32mgithub.com/QuantumNous/new-api/model/system_instance.go:69 [33mSLOW SQL >= 200ms
[0m[31;1m[308.933ms] [33m[rows:2][35m INSERT INTO `system_instances` (`node_name`,`info`,`started_at`,`last_seen_at`,`created_at`,`updated_at`) VALUES (?,?,?,?,?,?) ON DUPLICATE KEY UPDATE `info`=VALUES(`info`),`started_at`=VALUES(`started_at`),`last_seen_at`=VALUES(`last_seen_at`),`updated_at`=VALUES(`updated_at`)[0m

2026/10/02 16:43:41 [32mgithub.com/QuantumNous/new-api/zsy/runninghub/queue.go:116 [33mSLOW SQL >= 200ms
[0m[31;1m[384.401ms] [33m[rows:0][35m SELECT * FROM `rh_queued_tasks` ORDER BY created_at asc, id asc LIMIT 20[0m

2026/10/02 16:43:47 [32mgithub.com/QuantumNous/new-api/model/midjourney.go:116 [33mSLOW SQL >= 200ms
[0m[31;1m[669.756ms] [33m[rows:0][35m SELECT `id` FROM `midjourneys` WHERE progress != ? LIMIT 1[0m

2026/10/02 16:44:02 [32mgithub.com/QuantumNous/new-api/zsy/runninghub/queue.go:203 [33mSLOW SQL >= 200ms
[0m[31;1m[545.490ms] [33m[rows:0][35m SELECT * FROM `rh_queued_tasks` WHERE created_at < ? ORDER BY created_at asc LIMIT 50[0m

2026/10/02 16:44:02 [32mgithub.com/QuantumNous/new-api/zsy/runninghub/queue.go:116 [33mSLOW SQL >= 200ms
[0m[31;1m[203.919ms] [33m[rows:0][35m SELECT * FROM `rh_queued_tasks` ORDER BY created_at asc, id asc LIMIT 20[0m

2026/10/02 16:44:02 [32mgithub.com/QuantumNous/new-api/model/system_instance.go:69 [33mSLOW SQL >= 200ms
[0m[31;1m[327.709ms] [33m[rows:2][35m INSERT INTO `system_instances` (`node_name`,`info`,`started_at`,`last_seen_at`,`created_at`,`updated_at`) VALUES (?,?,?,?,?,?) ON DUPLICATE KEY UPDATE `info`=VALUES(`info`),`started_at`=VALUES(`started_at`),`last_seen_at`=VALUES(`last_seen_at`),`updated_at`=VALUES(`updated_at`)[0m
[SYS] 2026/10/02 - 16:44:13 | syncing options from database 

2026/10/02 16:44:13 [32mgithub.com/QuantumNous/new-api/model/option.go:26 [33mSLOW SQL >= 200ms
[0m[31;1m[232.567ms] [33m[rows:37][35m SELECT * FROM `options`[0m

2026/10/02 16:44:32 [32mgithub.com/QuantumNous/new-api/model/system_instance.go:69 [33mSLOW SQL >= 200ms
[0m[31;1m[318.282ms] [33m[rows:2][35m INSERT INTO `system_instances` (`node_name`,`info`,`started_at`,`last_seen_at`,`created_at`,`updated_at`) VALUES (?,?,?,?,?,?) ON DUPLICATE KEY UPDATE `info`=VALUES(`info`),`started_at`=VALUES(`started_at`),`last_seen_at`=VALUES(`last_seen_at`),`updated_at`=VALUES(`updated_at`)[0m

2026/10/02 16:44:53 [32mgithub.com/QuantumNous/new-api/service/authz/adapter.go:23 [33mSLOW SQL >= 200ms
[0m[31;1m[237.293ms] [33m[rows:3][35m SELECT * FROM `casbin_rule` ORDER BY id asc[0m

2026/10/02 16:44:53 [32mgithub.com/QuantumNous/new-api/zsy/runninghub/queue.go:203 [33mSLOW SQL >= 200ms
[0m[31;1m[619.400ms] [33m[rows:0][35m SELECT * FROM `rh_queued_tasks` WHERE created_at < ? ORDER BY created_at asc LIMIT 50[0m

2026/10/02 16:45:02 [32mgithub.com/QuantumNous/new-api/zsy/runninghub/queue.go:203 [33mSLOW SQL >= 200ms
[0m[31;1m[605.810ms] [33m[rows:0][35m SELECT * FROM `rh_queued_tasks` WHERE created_at < ? ORDER BY created_at asc LIMIT 50[0m

2026/10/02 16:45:03 [32mgithub.com/QuantumNous/new-api/zsy/runninghub/queue.go:116 [33mSLOW SQL >= 200ms
[0m[31;1m[455.092ms] [33m[rows:0][35m SELECT * FROM `rh_queued_tasks` ORDER BY created_at asc, id asc LIMIT 20[0m

2026/10/02 16:45:03 [32mgithub.com/QuantumNous/new-api/model/system_instance.go:69 [33mSLOW SQL >= 200ms
[0m[31;1m[946.404ms] [33m[rows:2][35m INSERT INTO `system_instances` (`node_name`,`info`,`started_at`,`last_seen_at`,`created_at`,`updated_at`) VALUES (?,?,?,?,?,?) ON DUPLICATE KEY UPDATE `info`=VALUES(`info`),`started_at`=VALUES(`started_at`),`last_seen_at`=VALUES(`last_seen_at`),`updated_at`=VALUES(`updated_at`)[0m

2026/10/02 16:45:05 [32mgithub.com/QuantumNous/new-api/zsy/runninghub/queue.go:203 [33mSLOW SQL >= 200ms
[0m[31;1m[237.469ms] [33m[rows:0][35m SELECT * FROM `rh_queued_tasks` WHERE created_at < ? ORDER BY created_at asc LIMIT 50[0m
[SYS] 2026/10/02 - 16:45:13 | syncing options from database 

2026/10/02 16:45:13 [32mgithub.com/QuantumNous/new-api/model/option.go:26 [33mSLOW SQL >= 200ms
[0m[31;1m[253.312ms] [33m[rows:37][35m SELECT * FROM `options`[0m

2026/10/02 16:45:32 [32mgithub.com/QuantumNous/new-api/model/system_instance.go:69 [33mSLOW SQL >= 200ms
[0m[31;1m[330.355ms] [33m[rows:2][35m INSERT INTO `system_instances` (`node_name`,`info`,`started_at`,`last_seen_at`,`created_at`,`updated_at`) VALUES (?,?,?,?,?,?) ON DUPLICATE KEY UPDATE `info`=VALUES(`info`),`started_at`=VALUES(`started_at`),`last_seen_at`=VALUES(`last_seen_at`),`updated_at`=VALUES(`updated_at`)[0m

2026/10/02 16:45:44 [32mgithub.com/QuantumNous/new-api/zsy/runninghub/queue.go:203 [33mSLOW SQL >= 200ms
[0m[31;1m[381.773ms] [33m[rows:0][35m SELECT * FROM `rh_queued_tasks` WHERE created_at < ? ORDER BY created_at asc LIMIT 50[0m

2026/10/02 16:45:53 [32mgithub.com/QuantumNous/new-api/zsy/runninghub/queue.go:203 [33mSLOW SQL >= 200ms
[0m[31;1m[447.796ms] [33m[rows:0][35m SELECT * FROM `rh_queued_tasks` WHERE created_at < ? ORDER BY created_at asc LIMIT 50[0m

2026/10/02 16:45:54 [32mgithub.com/QuantumNous/new-api/zsy/runninghub/queue.go:116 [33mSLOW SQL >= 200ms
[0m[31;1m[662.417ms] [33m[rows:0][35m SELECT * FROM `rh_queued_tasks` ORDER BY created_at asc, id asc LIMIT 20[0m

2026/10/02 16:45:54 [32mgithub.com/QuantumNous/new-api/service/authz/adapter.go:23 [33mSLOW SQL >= 200ms
[0m[31;1m[1204.516ms] [33m[rows:3][35m SELECT * FROM `casbin_rule` ORDER BY id asc[0m

2026/10/02 16:46:01 [32mgithub.com/QuantumNous/new-api/model/auth_flow.go:235 [33mSLOW SQL >= 200ms
[0m[31;1m[341.569ms] [33m[rows:0][35m DELETE FROM `auth_flows` WHERE expires_at < ? OR (consumed_at IS NOT NULL AND consumed_at < ?)[0m
[SYS] 2026/10/02 - 16:46:02 | 正在更新数据看板数据... 
[SYS] 2026/10/02 - 16:46:02 | 保存数据看板数据成功，共保存0条数据 

2026/10/02 16:46:02 [32mgithub.com/QuantumNous/new-api/model/db_time.go:16 [33mSLOW SQL >= 200ms
[0m[31;1m[304.656ms] [33m[rows:1][35m SELECT UNIX_TIMESTAMP()[0m

2026/10/02 16:46:02 [32mgithub.com/QuantumNous/new-api/service/codex_credential_refresh_task.go:80 [33mSLOW SQL >= 200ms
[0m[31;1m[304.656ms] [33m[rows:0][35m SELECT `id`,`name`,`key`,`status`,`channel_info` FROM `channels` WHERE type = ? AND (status = ? OR status = ?) ORDER BY id asc LIMIT 200[0m

2026/10/02 16:46:02 [32mgithub.com/QuantumNous/new-api/model/subscription.go:1149 [33mSLOW SQL >= 200ms
[0m[31;1m[222.901ms] [33m[rows:0][35m SELECT * FROM `user_subscriptions` WHERE status = ? AND end_time > 0 AND end_time <= ? ORDER BY end_time asc, id asc LIMIT 300[0m

2026/10/02 16:46:03 [32mgithub.com/QuantumNous/new-api/model/system_task.go:362 [33mSLOW SQL >= 200ms
[0m[31;1m[1161.604ms] [33m[rows:0][35m SELECT * FROM `system_task_locks` WHERE locked_until < ?[0m

2026/10/02 16:46:03 [32mgithub.com/QuantumNous/new-api/zsy/runninghub/queue.go:203 [33mSLOW SQL >= 200ms
[0m[31;1m[1180.916ms] [33m[rows:0][35m SELECT * FROM `rh_queued_tasks` WHERE created_at < ? ORDER BY created_at asc LIMIT 50[0m

2026/10/02 16:46:03 [32mgithub.com/QuantumNous/new-api/model/system_task.go:169 [33mSLOW SQL >= 200ms
[0m[31;1m[240.003ms] [33m[rows:0][35m SELECT * FROM `system_tasks` WHERE id IN (SELECT MIN(id) FROM `system_tasks` WHERE type IN (?,?,?,?,?) AND status = ? GROUP BY `type`)[0m

2026/10/02 16:46:03 [32mgithub.com/QuantumNous/new-api/zsy/runninghub/queue.go:116 [33mSLOW SQL >= 200ms
[0m[31;1m[226.122ms] [33m[rows:0][35m SELECT * FROM `rh_queued_tasks` ORDER BY created_at asc, id asc LIMIT 20[0m

2026/10/02 16:46:03 [32mgithub.com/QuantumNous/new-api/model/system_instance.go:69 [33mSLOW SQL >= 200ms
[0m[31;1m[1280.225ms] [33m[rows:2][35m INSERT INTO `system_instances` (`node_name`,`info`,`started_at`,`last_seen_at`,`created_at`,`updated_at`) VALUES (?,?,?,?,?,?) ON DUPLICATE KEY UPDATE `info`=VALUES(`info`),`started_at`=VALUES(`started_at`),`last_seen_at`=VALUES(`last_seen_at`),`updated_at`=VALUES(`updated_at`)[0m

2026/10/02 16:46:05 [32mgithub.com/QuantumNous/new-api/zsy/runninghub/queue.go:203 [33mSLOW SQL >= 200ms
[0m[31;1m[204.835ms] [33m[rows:0][35m SELECT * FROM `rh_queued_tasks` WHERE created_at < ? ORDER BY created_at asc LIMIT 50[0m

2026/10/02 16:46:05 [32mgithub.com/QuantumNous/new-api/zsy/runninghub/queue.go:116 [33mSLOW SQL >= 200ms
[0m[31;1m[224.224ms] [33m[rows:0][35m SELECT * FROM `rh_queued_tasks` ORDER BY created_at asc, id asc LIMIT 20[0m
[SYS] 2026/10/02 - 16:46:13 | syncing options from database 

2026/10/02 16:46:14 [32mgithub.com/QuantumNous/new-api/model/option.go:26 [33mSLOW SQL >= 200ms
[0m[31;1m[237.032ms] [33m[rows:37][35m SELECT * FROM `options`[0m

2026/10/02 16:46:17 [32mgithub.com/QuantumNous/new-api/model/task.go:355 [33mSLOW SQL >= 200ms
[0m[31;1m[478.740ms] [33m[rows:0][35m SELECT `id` FROM `tasks` WHERE progress != ? AND status != ? AND status != ? LIMIT 1[0m

2026/10/02 16:46:26 [32mgithub.com/QuantumNous/new-api/zsy/runninghub/queue.go:116 [33mSLOW SQL >= 200ms
[0m[31;1m[377.580ms] [33m[rows:0][35m SELECT * FROM `rh_queued_tasks` ORDER BY created_at asc, id asc LIMIT 20[0m

2026/10/02 16:46:32 [32mgithub.com/QuantumNous/new-api/model/system_instance.go:69 [33mSLOW SQL >= 200ms
[0m[31;1m[328.363ms] [33m[rows:2][35m INSERT INTO `system_instances` (`node_name`,`info`,`started_at`,`last_seen_at`,`created_at`,`updated_at`) VALUES (?,?,?,?,?,?) ON DUPLICATE KEY UPDATE `info`=VALUES(`info`),`started_at`=VALUES(`started_at`),`last_seen_at`=VALUES(`last_seen_at`),`updated_at`=VALUES(`updated_at`)[0m

2026/10/02 16:46:47 [32mgithub.com/QuantumNous/new-api/zsy/runninghub/queue.go:116 [33mSLOW SQL >= 200ms
[0m[31;1m[390.982ms] [33m[rows:0][35m SELECT * FROM `rh_queued_tasks` ORDER BY created_at asc, id asc LIMIT 20[0m

2026/10/02 16:46:56 [32mgithub.com/QuantumNous/new-api/zsy/runninghub/queue.go:116 [33mSLOW SQL >= 200ms
[0m[31;1m[383.159ms] [33m[rows:0][35m SELECT * FROM `rh_queued_tasks` ORDER BY created_at asc, id asc LIMIT 20[0m

2026/10/02 16:47:02 [32mgithub.com/QuantumNous/new-api/model/system_instance.go:69 [33mSLOW SQL >= 200ms
[0m[31;1m[390.675ms] [33m[rows:2][35m INSERT INTO `system_instances` (`node_name`,`info`,`started_at`,`last_seen_at`,`created_at`,`updated_at`) VALUES (?,?,?,?,?,?) ON DUPLICATE KEY UPDATE `info`=VALUES(`info`),`started_at`=VALUES(`started_at`),`last_seen_at`=VALUES(`last_seen_at`),`updated_at`=VALUES(`updated_at`)[0m

2026/10/02 16:47:05 [32mgithub.com/QuantumNous/new-api/zsy/runninghub/queue.go:203 [33mSLOW SQL >= 200ms
[0m[31;1m[586.758ms] [33m[rows:0][35m SELECT * FROM `rh_queued_tasks` WHERE created_at < ? ORDER BY created_at asc LIMIT 50[0m
[SYS] 2026/10/02 - 16:47:14 | syncing options from database 

2026/10/02 16:47:14 [32mgithub.com/QuantumNous/new-api/model/option.go:26 [33mSLOW SQL >= 200ms
[0m[31;1m[732.912ms] [33m[rows:37][35m SELECT * FROM `options`[0m

2026/10/02 16:47:32 [32mgithub.com/QuantumNous/new-api/model/midjourney.go:116 [33mSLOW SQL >= 200ms
[0m[31;1m[446.803ms] [33m[rows:0][35m SELECT `id` FROM `midjourneys` WHERE progress != ? LIMIT 1[0m

2026/10/02 16:47:32 [32mgithub.com/QuantumNous/new-api/model/system_instance.go:69 [33mSLOW SQL >= 200ms
[0m[31;1m[334.538ms] [33m[rows:2][35m INSERT INTO `system_instances` (`node_name`,`info`,`started_at`,`last_seen_at`,`created_at`,`updated_at`) VALUES (?,?,?,?,?,?) ON DUPLICATE KEY UPDATE `info`=VALUES(`info`),`started_at`=VALUES(`started_at`),`last_seen_at`=VALUES(`last_seen_at`),`updated_at`=VALUES(`updated_at`)[0m

2026/10/02 16:48:03 [32mgithub.com/QuantumNous/new-api/zsy/runninghub/queue.go:203 [33mSLOW SQL >= 200ms
[0m[31;1m[948.788ms] [33m[rows:0][35m SELECT * FROM `rh_queued_tasks` WHERE created_at < ? ORDER BY created_at asc LIMIT 50[0m

2026/10/02 16:48:03 [32mgithub.com/QuantumNous/new-api/model/system_instance.go:69 [33mSLOW SQL >= 200ms
[0m[31;1m[714.275ms] [33m[rows:2][35m INSERT INTO `system_instances` (`node_name`,`info`,`started_at`,`last_seen_at`,`created_at`,`updated_at`) VALUES (?,?,?,?,?,?) ON DUPLICATE KEY UPDATE `info`=VALUES(`info`),`started_at`=VALUES(`started_at`),`last_seen_at`=VALUES(`last_seen_at`),`updated_at`=VALUES(`updated_at`)[0m

2026/10/02 16:48:03 [32mgithub.com/QuantumNous/new-api/model/subscription.go:1476 [33mSLOW SQL >= 200ms
[0m[31;1m[830.773ms] [33m[rows:0][35m DELETE FROM `subscription_pre_consume_records` WHERE updated_at < ?[0m
[SYS] 2026/10/02 - 16:48:14 | syncing options from database 

2026/10/02 16:48:15 [32mgithub.com/QuantumNous/new-api/model/option.go:26 [33mSLOW SQL >= 200ms
[0m[31;1m[271.906ms] [33m[rows:37][35m SELECT * FROM `options`[0m

2026/10/02 16:48:32 [32mgithub.com/QuantumNous/new-api/model/system_instance.go:69 [33mSLOW SQL >= 200ms
[0m[31;1m[372.139ms] [33m[rows:2][35m INSERT INTO `system_instances` (`node_name`,`info`,`started_at`,`last_seen_at`,`created_at`,`updated_at`) VALUES (?,?,?,?,?,?) ON DUPLICATE KEY UPDATE `info`=VALUES(`info`),`started_at`=VALUES(`started_at`),`last_seen_at`=VALUES(`last_seen_at`),`updated_at`=VALUES(`updated_at`)[0m

2026/10/02 16:49:02 [32mgithub.com/QuantumNous/new-api/model/subscription.go:1149 [33mSLOW SQL >= 200ms
[0m[31;1m[207.732ms] [33m[rows:0][35m SELECT * FROM `user_subscriptions` WHERE status = ? AND end_time > 0 AND end_time <= ? ORDER BY end_time asc, id asc LIMIT 300[0m

2026/10/02 16:49:02 [32mgithub.com/QuantumNous/new-api/zsy/runninghub/queue.go:203 [33mSLOW SQL >= 200ms
[0m[31;1m[829.841ms] [33m[rows:0][35m SELECT * FROM `rh_queued_tasks` WHERE created_at < ? ORDER BY created_at asc LIMIT 50[0m

2026/10/02 16:49:02 [32mgithub.com/QuantumNous/new-api/model/subscription.go:1437 [33mSLOW SQL >= 200ms
[0m[31;1m[323.860ms] [33m[rows:0][35m SELECT * FROM `user_subscriptions` WHERE next_reset_time > 0 AND next_reset_time <= ? AND status = ? ORDER BY next_reset_time asc LIMIT 300[0m

2026/10/02 16:49:03 [32mgithub.com/QuantumNous/new-api/model/system_instance.go:69 [33mSLOW SQL >= 200ms
[0m[31;1m[887.162ms] [33m[rows:2][35m INSERT INTO `system_instances` (`node_name`,`info`,`started_at`,`last_seen_at`,`created_at`,`updated_at`) VALUES (?,?,?,?,?,?) ON DUPLICATE KEY UPDATE `info`=VALUES(`info`),`started_at`=VALUES(`started_at`),`last_seen_at`=VALUES(`last_seen_at`),`updated_at`=VALUES(`updated_at`)[0m
[SYS] 2026/10/02 - 16:49:15 | syncing options from database 

2026/10/02 16:49:15 [32mgithub.com/QuantumNous/new-api/model/option.go:26 [33mSLOW SQL >= 200ms
[0m[31;1m[265.054ms] [33m[rows:37][35m SELECT * FROM `options`[0m

2026/10/02 16:49:32 [32mgithub.com/QuantumNous/new-api/model/system_task.go:362 [33mSLOW SQL >= 200ms
[0m[31;1m[211.530ms] [33m[rows:0][35m SELECT * FROM `system_task_locks` WHERE locked_until < ?[0m

2026/10/02 16:49:32 [32mgithub.com/QuantumNous/new-api/model/system_task.go:216 [33mSLOW SQL >= 200ms
[0m[31;1m[218.504ms] [33m[rows:1][35m SELECT * FROM `system_tasks` WHERE id IN (SELECT MAX(id) FROM `system_tasks` WHERE type IN (?) GROUP BY `type`)[0m

2026/10/02 16:49:32 [32mgithub.com/QuantumNous/new-api/model/system_instance.go:69 [33mSLOW SQL >= 200ms
[0m[31;1m[464.417ms] [33m[rows:2][35m INSERT INTO `system_instances` (`node_name`,`info`,`started_at`,`last_seen_at`,`created_at`,`updated_at`) VALUES (?,?,?,?,?,?) ON DUPLICATE KEY UPDATE `info`=VALUES(`info`),`started_at`=VALUES(`started_at`),`last_seen_at`=VALUES(`last_seen_at`),`updated_at`=VALUES(`updated_at`)[0m

2026/10/02 16:49:47 [32mgithub.com/QuantumNous/new-api/model/system_task.go:169 [33mSLOW SQL >= 200ms
[0m[31;1m[250.392ms] [33m[rows:0][35m SELECT * FROM `system_tasks` WHERE id IN (SELECT MIN(id) FROM `system_tasks` WHERE type IN (?,?,?,?,?) AND status = ? GROUP BY `type`)[0m

2026/10/02 16:50:02 [32mgithub.com/QuantumNous/new-api/model/system_task.go:216 [33mSLOW SQL >= 200ms
[0m[31;1m[226.754ms] [33m[rows:1][35m SELECT * FROM `system_tasks` WHERE id IN (SELECT MAX(id) FROM `system_tasks` WHERE type IN (?) GROUP BY `type`)[0m

2026/10/02 16:50:02 [32mgithub.com/QuantumNous/new-api/model/subscription.go:1437 [33mSLOW SQL >= 200ms
[0m[31;1m[300.236ms] [33m[rows:0][35m SELECT * FROM `user_subscriptions` WHERE next_reset_time > 0 AND next_reset_time <= ? AND status = ? ORDER BY next_reset_time asc LIMIT 300[0m

2026/10/02 16:50:02 [32mgithub.com/QuantumNous/new-api/zsy/runninghub/queue.go:203 [33mSLOW SQL >= 200ms
[0m[31;1m[773.570ms] [33m[rows:0][35m SELECT * FROM `rh_queued_tasks` WHERE created_at < ? ORDER BY created_at asc LIMIT 50[0m

2026/10/02 16:50:03 [32mgithub.com/QuantumNous/new-api/model/system_task.go:169 [33mSLOW SQL >= 200ms
[0m[31;1m[635.724ms] [33m[rows:0][35m SELECT * FROM `system_tasks` WHERE id IN (SELECT MIN(id) FROM `system_tasks` WHERE type IN (?,?,?,?,?) AND status = ? GROUP BY `type`)[0m

2026/10/02 16:50:03 [32mgithub.com/QuantumNous/new-api/model/system_instance.go:69 [33mSLOW SQL >= 200ms
[0m[31;1m[829.492ms] [33m[rows:2][35m INSERT INTO `system_instances` (`node_name`,`info`,`started_at`,`last_seen_at`,`created_at`,`updated_at`) VALUES (?,?,?,?,?,?) ON DUPLICATE KEY UPDATE `info`=VALUES(`info`),`started_at`=VALUES(`started_at`),`last_seen_at`=VALUES(`last_seen_at`),`updated_at`=VALUES(`updated_at`)[0m

2026/10/02 16:50:05 [32mgithub.com/QuantumNous/new-api/zsy/runninghub/queue.go:203 [33mSLOW SQL >= 200ms
[0m[31;1m[371.714ms] [33m[rows:0][35m SELECT * FROM `rh_queued_tasks` WHERE created_at < ? ORDER BY created_at asc LIMIT 50[0m

2026/10/02 16:50:05 [32mgithub.com/QuantumNous/new-api/zsy/runninghub/queue.go:116 [33mSLOW SQL >= 200ms
[0m[31;1m[316.411ms] [33m[rows:0][35m SELECT * FROM `rh_queued_tasks` ORDER BY created_at asc, id asc LIMIT 20[0m

2026/10/02 16:50:10 [32mgithub.com/QuantumNous/new-api/model/user.go:502 [33mSLOW SQL >= 200ms
[0m[31;1m[621.373ms] [33m[rows:1][35m SELECT `users`.`id`,`users`.`username`,`users`.`display_name`,`users`.`role`,`users`.`status`,`users`.`email`,`users`.`github_id`,`users`.`discord_id`,`users`.`oidc_id`,`users`.`wechat_id`,`users`.`telegram_id`,`users`.`quota`,`users`.`used_quota`,`users`.`request_count`,`users`.`group`,`users`.`aff_code`,`users`.`aff_count`,`users`.`aff_quota`,`users`.`aff_history`,`users`.`inviter_id`,`users`.`deleted_at`,`users`.`linux_do_id`,`users`.`setting`,`users`.`remark`,`users`.`stripe_customer`,`users`.`created_at`,`users`.`last_login_at`,`users`.`auth_version` FROM `users` WHERE id = ? AND `users`.`deleted_at` IS NULL AND `users`.`id` = ? ORDER BY `users`.`id` LIMIT 1[0m
[GIN] 2026/10/02 - 16:50:10 | api | 202610020850096939541008268d9d6xig6VpqW | 401 |    1.0417034s |             ::1 |    POST /api/user/auth/refresh
[GIN] 2026/10/02 - 16:50:10 | api | 202610020850108089264008268d9d6LpsSIM9q | 401 |       750.9µs |             ::1 |     GET /api/log/self/stat?p=1&page_size=1&start_timestamp=1790870400&end_timestamp=1790934610
[GIN] 2026/10/02 - 16:50:10 | api | 202610020850108127231008268d9d6xX1puPdl | 401 |       585.7µs |             ::1 |     GET /api/log/self?p=1&page_size=100&start_timestamp=1790870400&end_timestamp=1790934610
[GIN] 2026/10/02 - 16:50:10 | api | 202610020850108133089008268d9d6Xkx96ggN | 200 |      1.1422ms |             ::1 |     GET /api/notice
[GIN] 2026/10/02 - 16:50:10 | api | 202610020850108133089008268d9d6upmKkxaI | 200 |      1.1422ms |             ::1 |     GET /api/status
[GIN] 2026/10/02 - 16:50:10 | api | 202610020850108932645008268d9d66YTZJQi3 | 401 |            0s |             ::1 |    POST /api/user/auth/refresh
[GIN] 2026/10/02 - 16:50:10 | web | 202610020850109870793008268d9d6xUdXiKX0 | 200 |         508µs |             ::1 |     GET /sign-in
[GIN] 2026/10/02 - 16:50:10 | web | 202610020850109916316008268d9d65SCaY5rk | 200 |       508.5µs |             ::1 |     GET /sign-in
[GIN] 2026/10/02 - 16:50:11 | api | 202610020850112944853008268d9d67VGAWJet | 200 |         507µs |             ::1 |     GET /api/status
[GIN] 2026/10/02 - 16:50:11 | api | 202610020850113122429008268d9d65CtwW1yz | 401 |            0s |             ::1 |    POST /api/user/auth/refresh
[GIN] 2026/10/02 - 16:50:11 | api | 202610020850113542043008268d9d6q7eJk6NE | 200 |         994µs |             ::1 |     GET /api/status
[GIN] 2026/10/02 - 16:50:11 | api | 202610020850113598895008268d9d6nyUXkrI9 | 200 |            0s |             ::1 |     GET /api/status

2026/10/02 16:50:13 [32mgithub.com/QuantumNous/new-api/model/twofa.go:45 [33mSLOW SQL >= 200ms
[0m[31;1m[468.540ms] [33m[rows:0][35m SELECT * FROM `two_fas` WHERE user_id = ? AND `two_fas`.`deleted_at` IS NULL ORDER BY `two_fas`.`id` LIMIT 1[0m
[SYS] 2026/10/02 - 16:50:15 | syncing options from database 

2026/10/02 16:50:15 [32mgithub.com/QuantumNous/new-api/model/option.go:26 [33mSLOW SQL >= 200ms
[0m[31;1m[381.011ms] [33m[rows:37][35m SELECT * FROM `options`[0m

2026/10/02 16:50:15 [32mgithub.com/QuantumNous/new-api/model/user_session.go:154 [33mSLOW SQL >= 200ms
[0m[31;1m[1630.857ms] [33m[rows:1][35m INSERT INTO `user_sessions` (`sid`,`user_id`,`version`,`user_auth_version`,`status`,`refresh_hash`,`previous_refresh_hash`,`previous_valid_until`,`login_method`,`ip`,`user_agent`,`created_at`,`last_active_at`,`expires_at`,`revoked_at`,`revoked_reason`) VALUES (?,?,?,?,?,?,?,?,?,?,?,?,?,?,?,?)[0m

2026/10/02 16:50:16 [32mgithub.com/QuantumNous/new-api/model/user.go:1413 [33mSLOW SQL >= 200ms
[0m[31;1m[1054.022ms] [33m[rows:1][35m UPDATE `users` SET `last_login_at`=? WHERE id = ? AND `users`.`deleted_at` IS NULL[0m

2026/10/02 16:50:17 [32mgithub.com/QuantumNous/new-api/model/system_task.go:169 [33mSLOW SQL >= 200ms
[0m[31;1m[239.952ms] [33m[rows:0][35m SELECT * FROM `system_tasks` WHERE id IN (SELECT MIN(id) FROM `system_tasks` WHERE type IN (?,?,?,?,?) AND status = ? GROUP BY `type`)[0m

2026/10/02 16:50:18 [32mgithub.com/QuantumNous/new-api/model/log.go:103 [33mSLOW SQL >= 200ms
[0m[31;1m[1522.271ms] [33m[rows:1][35m INSERT INTO `logs` (`user_id`,`created_at`,`type`,`content`,`username`,`token_name`,`model_name`,`quota`,`prompt_tokens`,`completion_tokens`,`use_time`,`is_stream`,`channel_id`,`token_id`,`group`,`ip`,`request_id`,`upstream_request_id`,`other`) VALUES (?,?,?,?,?,?,?,?,?,?,?,?,?,?,?,?,?,?,?)[0m
[GIN] 2026/10/02 - 16:50:18 | api | 202610020850130017547008268d9d6erFw3Dcd | 200 |    5.4580101s |             ::1 |    POST /api/user/login?turnstile=
[GIN] 2026/10/02 - 16:50:18 | api | 202610020850184751509008268d9d6vWk9XRiZ | 200 |       674.3µs |             ::1 |     GET /api/status
[GIN] 2026/10/02 - 16:50:18 | api | 202610020850185689942008268d9d6lsaB8kBx | 200 |       563.6µs |             ::1 |     GET /api/notice
[GIN] 2026/10/02 - 16:50:18 | api | 202610020850185716034008268d9d6qIB98RAB | 200 |       554.1µs |             ::1 |     GET /api/uptime/status

2026/10/02 16:50:19 [32mgithub.com/QuantumNous/new-api/model/usedata.go:159 [33mSLOW SQL >= 200ms
[0m[31;1m[712.246ms] [33m[rows:5][35m SELECT user_id, username, model_name, created_at, sum(count) as count, sum(quota) as quota, sum(token_used) as token_used FROM `quota_data` WHERE user_id = ? and created_at >= ? and created_at <= ? GROUP BY user_id, username, model_name, created_at[0m
[GIN] 2026/10/02 - 16:50:19 | api | 202610020850185683024008268d9d6ZORsIBOI | 200 |    863.8862ms |             ::1 |     GET /api/data/self?start_timestamp=1790848218&end_timestamp=1790934618&default_time=hour

2026/10/02 16:50:19 [32mgithub.com/QuantumNous/new-api/model/user.go:502 [33mSLOW SQL >= 200ms
[0m[31;1m[714.372ms] [33m[rows:1][35m SELECT `users`.`id`,`users`.`username`,`users`.`display_name`,`users`.`role`,`users`.`status`,`users`.`email`,`users`.`github_id`,`users`.`discord_id`,`users`.`oidc_id`,`users`.`wechat_id`,`users`.`telegram_id`,`users`.`quota`,`users`.`used_quota`,`users`.`request_count`,`users`.`group`,`users`.`aff_code`,`users`.`aff_count`,`users`.`aff_quota`,`users`.`aff_history`,`users`.`inviter_id`,`users`.`deleted_at`,`users`.`linux_do_id`,`users`.`setting`,`users`.`remark`,`users`.`stripe_customer`,`users`.`created_at`,`users`.`last_login_at`,`users`.`auth_version` FROM `users` WHERE id = ? AND `users`.`deleted_at` IS NULL AND `users`.`id` = ? ORDER BY `users`.`id` LIMIT 1[0m

2026/10/02 16:50:20 [32mgithub.com/QuantumNous/new-api/model/user_session.go:203 [33mSLOW SQL >= 200ms
[0m[31;1m[1467.122ms] [33m[rows:1][35m SELECT * FROM `user_sessions` WHERE sid = ? ORDER BY `user_sessions`.`sid` LIMIT 1[0m

2026/10/02 16:50:20 [32mgithub.com/QuantumNous/new-api/model/perf_metric.go:114 [33mSLOW SQL >= 200ms
[0m[31;1m[682.244ms] [33m[rows:4][35m SELECT model_name, bucket_ts, SUM(request_count) as request_count, SUM(success_count) as success_count, SUM(total_latency_ms) as total_latency_ms, SUM(output_tokens) as output_tokens, SUM(generation_ms) as generation_ms FROM `perf_metrics` WHERE (bucket_ts >= ? AND bucket_ts <= ?) AND `group` IN (?,?,?,?,?,?) GROUP BY model_name, bucket_ts HAVING SUM(request_count) > 0 ORDER BY bucket_ts ASC[0m
[GIN] 2026/10/02 - 16:50:20 | api | 202610020850185702497008268d9d609V2VFbC | 200 |    1.5520716s |             ::1 |     GET /api/perf-metrics/summary?hours=24

2026/10/02 16:50:20 [32mgithub.com/QuantumNous/new-api/zsy/runninghub/queue.go:203 [33mSLOW SQL >= 200ms
[0m[31;1m[672.537ms] [33m[rows:0][35m SELECT * FROM `rh_queued_tasks` WHERE created_at < ? ORDER BY created_at asc LIMIT 50[0m

2026/10/02 16:50:20 [32mgithub.com/QuantumNous/new-api/model/user.go:502 [33mSLOW SQL >= 200ms
[0m[31;1m[714.762ms] [33m[rows:1][35m SELECT `users`.`id`,`users`.`username`,`users`.`display_name`,`users`.`role`,`users`.`status`,`users`.`email`,`users`.`github_id`,`users`.`discord_id`,`users`.`oidc_id`,`users`.`wechat_id`,`users`.`telegram_id`,`users`.`quota`,`users`.`used_quota`,`users`.`request_count`,`users`.`group`,`users`.`aff_code`,`users`.`aff_count`,`users`.`aff_quota`,`users`.`aff_history`,`users`.`inviter_id`,`users`.`deleted_at`,`users`.`linux_do_id`,`users`.`setting`,`users`.`remark`,`users`.`stripe_customer`,`users`.`created_at`,`users`.`last_login_at`,`users`.`auth_version` FROM `users` WHERE id = ? AND `users`.`deleted_at` IS NULL AND `users`.`id` = ? ORDER BY `users`.`id` LIMIT 1[0m

2026/10/02 16:50:21 [32mgithub.com/QuantumNous/new-api/model/token.go:109 [33mSLOW SQL >= 200ms
[0m[31;1m[262.695ms] [33m[rows:8][35m SELECT * FROM `tokens` WHERE user_id = ? AND `tokens`.`deleted_at` IS NULL ORDER BY id desc LIMIT 10[0m

2026/10/02 16:50:21 [32mgithub.com/QuantumNous/new-api/model/user_session.go:203 [33mSLOW SQL >= 200ms
[0m[31;1m[2934.996ms] [33m[rows:1][35m SELECT * FROM `user_sessions` WHERE sid = ? ORDER BY `user_sessions`.`sid` LIMIT 1[0m

2026/10/02 16:50:21 [32mgithub.com/QuantumNous/new-api/model/token.go:469 [33mSLOW SQL >= 200ms
[0m[31;1m[497.464ms] [33m[rows:1][35m SELECT count(*) FROM `tokens` WHERE user_id = ? AND `tokens`.`deleted_at` IS NULL[0m
[GIN] 2026/10/02 - 16:50:21 | api | 202610020850185727749008268d9d6y7MN7rXW | 200 |    2.9459188s |             ::1 |     GET /api/token/?p=1&size=10
[GIN] 2026/10/02 - 16:50:22 | web | 202610020850222410909008268d9d6eEv1iD2N | 200 |      1.1834ms |             ::1 |     GET /static/js/async/3179.11df947761.js
[GIN] 2026/10/02 - 16:50:22 | web | 202610020850222410909008268d9d6jEuEC1um | 200 |      1.1834ms |             ::1 |     GET /static/js/async/5946.3af8d5408c.js
[GIN] 2026/10/02 - 16:50:22 | web | 202610020850222450581008268d9d6NWIwy8lz | 200 |      16.316ms |             ::1 |     GET /static/js/async/6830.1ef60fe95a.js
[GIN] 2026/10/02 - 16:50:22 | web | 202610020850225457430008268d9d6J8pUMZoN | 200 |      6.2111ms |             ::1 |     GET /static/js/async/5390.4e0584aa4a.js

2026/10/02 16:50:22 [32mgithub.com/QuantumNous/new-api/model/user.go:502 [33mSLOW SQL >= 200ms
[0m[31;1m[1348.604ms] [33m[rows:1][35m SELECT `users`.`id`,`users`.`username`,`users`.`display_name`,`users`.`role`,`users`.`status`,`users`.`email`,`users`.`github_id`,`users`.`discord_id`,`users`.`oidc_id`,`users`.`wechat_id`,`users`.`telegram_id`,`users`.`quota`,`users`.`used_quota`,`users`.`request_count`,`users`.`group`,`users`.`aff_code`,`users`.`aff_count`,`users`.`aff_quota`,`users`.`aff_history`,`users`.`inviter_id`,`users`.`deleted_at`,`users`.`linux_do_id`,`users`.`setting`,`users`.`remark`,`users`.`stripe_customer`,`users`.`created_at`,`users`.`last_login_at`,`users`.`auth_version` FROM `users` WHERE id = ? AND `users`.`deleted_at` IS NULL AND `users`.`id` = ? ORDER BY `users`.`id` LIMIT 1[0m

2026/10/02 16:50:23 [32mgithub.com/QuantumNous/new-api/model/user.go:502 [33mSLOW SQL >= 200ms
[0m[31;1m[565.031ms] [33m[rows:1][35m SELECT `users`.`id`,`users`.`username`,`users`.`display_name`,`users`.`role`,`users`.`status`,`users`.`email`,`users`.`github_id`,`users`.`discord_id`,`users`.`oidc_id`,`users`.`wechat_id`,`users`.`telegram_id`,`users`.`quota`,`users`.`used_quota`,`users`.`request_count`,`users`.`group`,`users`.`aff_code`,`users`.`aff_count`,`users`.`aff_quota`,`users`.`aff_history`,`users`.`inviter_id`,`users`.`deleted_at`,`users`.`linux_do_id`,`users`.`setting`,`users`.`remark`,`users`.`stripe_customer`,`users`.`created_at`,`users`.`last_login_at`,`users`.`auth_version` FROM `users` WHERE id = ? AND `users`.`deleted_at` IS NULL AND `users`.`id` = ? ORDER BY `users`.`id` LIMIT 1[0m

2026/10/02 16:50:23 [32mgithub.com/QuantumNous/new-api/zsy/runninghub/queue.go:203 [33mSLOW SQL >= 200ms
[0m[31;1m[351.469ms] [33m[rows:0][35m SELECT * FROM `rh_queued_tasks` WHERE created_at < ? ORDER BY created_at asc LIMIT 50[0m
[GIN] 2026/10/02 - 16:50:23 | web | 202610020850236761407008268d9d6FqjYHUkt | 200 |      1.0153ms |             ::1 |     GET /static/js/async/8666.170f60698b.js
[GIN] 2026/10/02 - 16:50:23 | web | 202610020850236761407008268d9d6H4tl1CLA | 200 |      1.0153ms |             ::1 |     GET /static/js/async/837.20071db94b.js

2026/10/02 16:50:24 [32mgithub.com/QuantumNous/new-api/model/ability.go:46 [33mSLOW SQL >= 200ms
[0m[31;1m[743.310ms] [33m[rows:13][35m SELECT DISTINCT model FROM `abilities` WHERE `group` = ? and enabled = ?[0m

2026/10/02 16:50:24 [32mgithub.com/QuantumNous/new-api/model/ability.go:46 [33mSLOW SQL >= 200ms
[0m[31;1m[479.524ms] [33m[rows:16][35m SELECT DISTINCT model FROM `abilities` WHERE `group` = ? and enabled = ?[0m

2026/10/02 16:50:25 [32mgithub.com/QuantumNous/new-api/model/ability.go:46 [33mSLOW SQL >= 200ms
[0m[31;1m[391.790ms] [33m[rows:39][35m SELECT DISTINCT model FROM `abilities` WHERE `group` = ? and enabled = ?[0m

2026/10/02 16:50:25 [32mgithub.com/QuantumNous/new-api/model/user_session.go:203 [33mSLOW SQL >= 200ms
[0m[31;1m[353.876ms] [33m[rows:1][35m SELECT * FROM `user_sessions` WHERE sid = ? ORDER BY `user_sessions`.`sid` LIMIT 1[0m

2026/10/02 16:50:25 [32mgithub.com/QuantumNous/new-api/model/user_session.go:203 [33mSLOW SQL >= 200ms
[0m[31;1m[355.168ms] [33m[rows:1][35m SELECT * FROM `user_sessions` WHERE sid = ? ORDER BY `user_sessions`.`sid` LIMIT 1[0m

2026/10/02 16:50:25 [32mgithub.com/QuantumNous/new-api/model/user.go:502 [33mSLOW SQL >= 200ms
[0m[31;1m[581.355ms] [33m[rows:1][35m SELECT `users`.`id`,`users`.`username`,`users`.`display_name`,`users`.`role`,`users`.`status`,`users`.`email`,`users`.`github_id`,`users`.`discord_id`,`users`.`oidc_id`,`users`.`wechat_id`,`users`.`telegram_id`,`users`.`quota`,`users`.`used_quota`,`users`.`request_count`,`users`.`group`,`users`.`aff_code`,`users`.`aff_count`,`users`.`aff_quota`,`users`.`aff_history`,`users`.`inviter_id`,`users`.`deleted_at`,`users`.`linux_do_id`,`users`.`setting`,`users`.`remark`,`users`.`stripe_customer`,`users`.`created_at`,`users`.`last_login_at`,`users`.`auth_version` FROM `users` WHERE id = ? AND `users`.`deleted_at` IS NULL AND `users`.`id` = ? ORDER BY `users`.`id` LIMIT 1[0m

2026/10/02 16:50:25 [32mgithub.com/QuantumNous/new-api/model/ability.go:46 [33mSLOW SQL >= 200ms
[0m[31;1m[583.763ms] [33m[rows:0][35m SELECT DISTINCT model FROM `abilities` WHERE `group` = ? and enabled = ?[0m

2026/10/02 16:50:25 [32mgithub.com/QuantumNous/new-api/model/user.go:502 [33mSLOW SQL >= 200ms
[0m[31;1m[596.041ms] [33m[rows:1][35m SELECT `users`.`id`,`users`.`username`,`users`.`display_name`,`users`.`role`,`users`.`status`,`users`.`email`,`users`.`github_id`,`users`.`discord_id`,`users`.`oidc_id`,`users`.`wechat_id`,`users`.`telegram_id`,`users`.`quota`,`users`.`used_quota`,`users`.`request_count`,`users`.`group`,`users`.`aff_code`,`users`.`aff_count`,`users`.`aff_quota`,`users`.`aff_history`,`users`.`inviter_id`,`users`.`deleted_at`,`users`.`linux_do_id`,`users`.`setting`,`users`.`remark`,`users`.`stripe_customer`,`users`.`created_at`,`users`.`last_login_at`,`users`.`auth_version` FROM `users` WHERE id = ? AND `users`.`deleted_at` IS NULL AND `users`.`id` = ? ORDER BY `users`.`id` LIMIT 1[0m

2026/10/02 16:50:26 [32mgithub.com/QuantumNous/new-api/model/ability.go:46 [33mSLOW SQL >= 200ms
[0m[31;1m[444.575ms] [33m[rows:0][35m SELECT DISTINCT model FROM `abilities` WHERE `group` = ? and enabled = ?[0m
[GIN] 2026/10/02 - 16:50:26 | api | 202610020850185733596008268d9d6OCvqoaUL | 200 |    7.5813087s |             ::1 |     GET /api/user/models

2026/10/02 16:50:26 [32mgithub.com/QuantumNous/new-api/zsy/runninghub/apps.go:763 [33mSLOW SQL >= 200ms
[0m[31;1m[822.336ms] [33m[rows:2][35m SELECT * FROM `app_categories` WHERE `app_categories`.`deleted_at` IS NULL ORDER BY sort_order asc, id asc[0m

2026/10/02 16:50:26 [32mgithub.com/QuantumNous/new-api/zsy/runninghub/apps.go:210 [33mSLOW SQL >= 200ms
[0m[31;1m[810.547ms] [33m[rows:1][35m SELECT count(*) FROM `apps` WHERE `apps`.`deleted_at` IS NULL[0m

2026/10/02 16:50:26 [32mgithub.com/QuantumNous/new-api/model/user_session.go:203 [33mSLOW SQL >= 200ms
[0m[31;1m[381.387ms] [33m[rows:1][35m SELECT * FROM `user_sessions` WHERE sid = ? ORDER BY `user_sessions`.`sid` LIMIT 1[0m

2026/10/02 16:50:26 [32mgithub.com/QuantumNous/new-api/zsy/runninghub/queue.go:116 [33mSLOW SQL >= 200ms
[0m[31;1m[379.927ms] [33m[rows:0][35m SELECT * FROM `rh_queued_tasks` ORDER BY created_at asc, id asc LIMIT 20[0m
[GIN] 2026/10/02 - 16:50:26 | web | 202610020850247732694008268d9d62JiTUaiJ | 200 |     1.928752s |             ::1 |     GET /dashboard/zsy/rh/app-categories
[GIN] 2026/10/02 - 16:50:26 | api | 202610020850267039771008268d9d6Mb6ydZSB | 200 |    192.9873ms |             ::1 |     GET /api/channel/ops

2026/10/02 16:50:27 [32mgithub.com/QuantumNous/new-api/zsy/runninghub/apps.go:221 [33mSLOW SQL >= 200ms
[0m[31;1m[400.910ms] [33m[rows:11][35m SELECT * FROM `apps` WHERE `apps`.`deleted_at` IS NULL ORDER BY id DESC LIMIT 20[0m

2026/10/02 16:50:27 [32mgithub.com/QuantumNous/new-api/model/passkey.go:129 [33mSLOW SQL >= 200ms
[0m[31;1m[351.858ms] [33m[rows:0][35m SELECT * FROM `passkey_credentials` WHERE user_id = ? AND `passkey_credentials`.`deleted_at` IS NULL ORDER BY `passkey_credentials`.`id` LIMIT 1[0m
[GIN] 2026/10/02 - 16:50:27 | api | 202610020850261591328008268d9d6WMX1NU6g | 200 |    998.2385ms |             ::1 |     GET /api/user/passkey
[GIN] 2026/10/02 - 16:50:27 | web | 202610020850247732694008268d9d6EZ5RasSB | 200 |     2.499835s |             ::1 |     GET /dashboard/zsy/rh/apps?page=1&pageSize=100

2026/10/02 16:50:27 [32mgithub.com/QuantumNous/new-api/model/prefill_group.go:123 [33mSLOW SQL >= 200ms
[0m[31;1m[263.755ms] [33m[rows:0][35m SELECT * FROM `prefill_groups` WHERE type = ? AND `prefill_groups`.`deleted_at` IS NULL ORDER BY updated_time DESC[0m
[GIN] 2026/10/02 - 16:50:27 | api | 202610020850271603919008268d9d6eAc1uZzR | 200 |    452.7656ms |             ::1 |     GET /api/prefill_group/?type=model
[GIN] 2026/10/02 - 16:50:27 | api | 202610020850276955348008268d9d6fxex4215 | 200 |    276.9136ms |             ::1 |     GET /api/option/

2026/10/02 16:50:28 [32mgithub.com/QuantumNous/new-api/model/user_session.go:203 [33mSLOW SQL >= 200ms
[0m[31;1m[2612.272ms] [33m[rows:1][35m SELECT * FROM `user_sessions` WHERE sid = ? ORDER BY `user_sessions`.`sid` LIMIT 1[0m

2026/10/02 16:50:28 [32mgithub.com/QuantumNous/new-api/model/user_session.go:203 [33mSLOW SQL >= 200ms
[0m[31;1m[2615.035ms] [33m[rows:1][35m SELECT * FROM `user_sessions` WHERE sid = ? ORDER BY `user_sessions`.`sid` LIMIT 1[0m

2026/10/02 16:50:29 [32mgithub.com/QuantumNous/new-api/model/user.go:502 [33mSLOW SQL >= 200ms
[0m[31;1m[924.753ms] [33m[rows:1][35m SELECT `users`.`id`,`users`.`username`,`users`.`display_name`,`users`.`role`,`users`.`status`,`users`.`email`,`users`.`github_id`,`users`.`discord_id`,`users`.`oidc_id`,`users`.`wechat_id`,`users`.`telegram_id`,`users`.`quota`,`users`.`used_quota`,`users`.`request_count`,`users`.`group`,`users`.`aff_code`,`users`.`aff_count`,`users`.`aff_quota`,`users`.`aff_history`,`users`.`inviter_id`,`users`.`deleted_at`,`users`.`linux_do_id`,`users`.`setting`,`users`.`remark`,`users`.`stripe_customer`,`users`.`created_at`,`users`.`last_login_at`,`users`.`auth_version` FROM `users` WHERE id = ? AND `users`.`deleted_at` IS NULL AND `users`.`id` = ? ORDER BY `users`.`id` LIMIT 1[0m

2026/10/02 16:50:29 [32mgithub.com/QuantumNous/new-api/model/user.go:502 [33mSLOW SQL >= 200ms
[0m[31;1m[924.151ms] [33m[rows:1][35m SELECT `users`.`id`,`users`.`username`,`users`.`display_name`,`users`.`role`,`users`.`status`,`users`.`email`,`users`.`github_id`,`users`.`discord_id`,`users`.`oidc_id`,`users`.`wechat_id`,`users`.`telegram_id`,`users`.`quota`,`users`.`used_quota`,`users`.`request_count`,`users`.`group`,`users`.`aff_code`,`users`.`aff_count`,`users`.`aff_quota`,`users`.`aff_history`,`users`.`inviter_id`,`users`.`deleted_at`,`users`.`linux_do_id`,`users`.`setting`,`users`.`remark`,`users`.`stripe_customer`,`users`.`created_at`,`users`.`last_login_at`,`users`.`auth_version` FROM `users` WHERE id = ? AND `users`.`deleted_at` IS NULL AND `users`.`id` = ? ORDER BY `users`.`id` LIMIT 1[0m
[GIN] 2026/10/02 - 16:50:29 | api | 202610020850260830274008268d9d6sn1CaZP8 | 200 |    3.5415833s |             ::1 |     GET /api/group/
[GIN] 2026/10/02 - 16:50:29 | api | 202610020850260843155008268d9d6pL9f9vTZ | 200 |     3.542125s |             ::1 |     GET /api/channel/models
[GIN] 2026/10/02 - 16:50:29 | web | 202610020850296404950008268d9d6ygdPBwjM | 200 |      2.4164ms |             ::1 |     GET /static/js/async/7020.d6dbe5c6bd.js
[GIN] 2026/10/02 - 16:50:29 | web | 202610020850296404950008268d9d6JeBYypYB | 200 |      2.9595ms |             ::1 |     GET /static/js/async/193.66ba3d4091.js

2026/10/02 16:50:29 [32mgithub.com/QuantumNous/new-api/model/user_session.go:203 [33mSLOW SQL >= 200ms
[0m[31;1m[3578.003ms] [33m[rows:1][35m SELECT * FROM `user_sessions` WHERE sid = ? ORDER BY `user_sessions`.`sid` LIMIT 1[0m

2026/10/02 16:50:29 [32mgithub.com/QuantumNous/new-api/zsy/runninghub/queue.go:203 [33mSLOW SQL >= 200ms
[0m[31;1m[618.267ms] [33m[rows:0][35m SELECT * FROM `rh_queued_tasks` WHERE created_at < ? ORDER BY created_at asc LIMIT 50[0m

2026/10/02 16:50:30 [32mgithub.com/QuantumNous/new-api/zsy/runninghub/queue.go:116 [33mSLOW SQL >= 200ms
[0m[31;1m[410.362ms] [33m[rows:0][35m SELECT * FROM `rh_queued_tasks` ORDER BY created_at asc, id asc LIMIT 20[0m

2026/10/02 16:50:30 [32mgithub.com/QuantumNous/new-api/model/user.go:502 [33mSLOW SQL >= 200ms
[0m[31;1m[442.384ms] [33m[rows:1][35m SELECT `users`.`id`,`users`.`username`,`users`.`display_name`,`users`.`role`,`users`.`status`,`users`.`email`,`users`.`github_id`,`users`.`discord_id`,`users`.`oidc_id`,`users`.`wechat_id`,`users`.`telegram_id`,`users`.`quota`,`users`.`used_quota`,`users`.`request_count`,`users`.`group`,`users`.`aff_code`,`users`.`aff_count`,`users`.`aff_quota`,`users`.`aff_history`,`users`.`inviter_id`,`users`.`deleted_at`,`users`.`linux_do_id`,`users`.`setting`,`users`.`remark`,`users`.`stripe_customer`,`users`.`created_at`,`users`.`last_login_at`,`users`.`auth_version` FROM `users` WHERE id = ? AND `users`.`deleted_at` IS NULL AND `users`.`id` = ? ORDER BY `users`.`id` LIMIT 1[0m

2026/10/02 16:50:30 [32mgithub.com/QuantumNous/new-api/controller/channel.go:160 [33mSLOW SQL >= 200ms
[0m[31;1m[2837.859ms] [33m[rows:20][35m SELECT `channels`.`id`,`channels`.`type`,`channels`.`open_ai_organization`,`channels`.`test_model`,`channels`.`status`,`channels`.`name`,`channels`.`weight`,`channels`.`created_time`,`channels`.`test_time`,`channels`.`response_time`,`channels`.`base_url`,`channels`.`other`,`channels`.`balance`,`channels`.`balance_updated_time`,`channels`.`models`,`channels`.`group`,`channels`.`used_quota`,`channels`.`model_mapping`,`channels`.`status_code_mapping`,`channels`.`priority`,`channels`.`auto_ban`,`channels`.`other_info`,`channels`.`tag`,`channels`.`setting`,`channels`.`param_override`,`channels`.`header_override`,`channels`.`remark`,`channels`.`channel_info`,`channels`.`settings` FROM `channels` ORDER BY `priority` DESC LIMIT 20[0m

2026/10/02 16:50:31 [32mgithub.com/QuantumNous/new-api/model/twofa.go:45 [33mSLOW SQL >= 200ms
[0m[31;1m[1406.971ms] [33m[rows:0][35m SELECT * FROM `two_fas` WHERE user_id = ? AND `two_fas`.`deleted_at` IS NULL ORDER BY `two_fas`.`id` LIMIT 1[0m
[GIN] 2026/10/02 - 16:50:31 | api | 202610020850260871093008268d9d6cVc5LQ7y | 200 |    5.4294227s |             ::1 |     GET /api/user/2fa/status

2026/10/02 16:50:31 [32mgithub.com/QuantumNous/new-api/controller/channel.go:177 [33mSLOW SQL >= 200ms
[0m[31;1m[1408.251ms] [33m[rows:5][35m SELECT type, count(*) as count FROM `channels` GROUP BY `type`[0m
[GIN] 2026/10/02 - 16:50:31 | api | 202610020850268991616008268d9d66EqnniTd | 200 |    4.6219287s |             ::1 |     GET /api/channel/?tag_mode=false&id_sort=false&p=1&page_size=20

2026/10/02 16:50:32 [32mgithub.com/QuantumNous/new-api/zsy/runninghub/queue.go:203 [33mSLOW SQL >= 200ms
[0m[31;1m[235.668ms] [33m[rows:0][35m SELECT * FROM `rh_queued_tasks` WHERE created_at < ? ORDER BY created_at asc LIMIT 50[0m

2026/10/02 16:50:32 [32mgithub.com/QuantumNous/new-api/model/midjourney.go:116 [33mSLOW SQL >= 200ms
[0m[31;1m[322.614ms] [33m[rows:0][35m SELECT `id` FROM `midjourneys` WHERE progress != ? LIMIT 1[0m

2026/10/02 16:50:32 [32mgithub.com/QuantumNous/new-api/model/system_task.go:169 [33mSLOW SQL >= 200ms
[0m[31;1m[219.727ms] [33m[rows:0][35m SELECT * FROM `system_tasks` WHERE id IN (SELECT MIN(id) FROM `system_tasks` WHERE type IN (?,?,?,?,?) AND status = ? GROUP BY `type`)[0m

2026/10/02 16:50:32 [32mgithub.com/QuantumNous/new-api/model/system_instance.go:69 [33mSLOW SQL >= 200ms
[0m[31;1m[434.170ms] [33m[rows:2][35m INSERT INTO `system_instances` (`node_name`,`info`,`started_at`,`last_seen_at`,`created_at`,`updated_at`) VALUES (?,?,?,?,?,?) ON DUPLICATE KEY UPDATE `info`=VALUES(`info`),`started_at`=VALUES(`started_at`),`last_seen_at`=VALUES(`last_seen_at`),`updated_at`=VALUES(`updated_at`)[0m

2026/10/02 16:50:41 [32mgithub.com/QuantumNous/new-api/zsy/runninghub/queue.go:203 [33mSLOW SQL >= 200ms
[0m[31;1m[336.540ms] [33m[rows:0][35m SELECT * FROM `rh_queued_tasks` WHERE created_at < ? ORDER BY created_at asc LIMIT 50[0m

2026/10/02 16:50:42 [32mgithub.com/QuantumNous/new-api/zsy/runninghub/queue.go:116 [33mSLOW SQL >= 200ms
[0m[31;1m[584.835ms] [33m[rows:0][35m SELECT * FROM `rh_queued_tasks` ORDER BY created_at asc, id asc LIMIT 20[0m

2026/10/02 16:50:47 [32mgithub.com/QuantumNous/new-api/model/system_task.go:362 [33mSLOW SQL >= 200ms
[0m[31;1m[707.895ms] [33m[rows:0][35m SELECT * FROM `system_task_locks` WHERE locked_until < ?[0m

2026/10/02 16:50:47 [32mgithub.com/QuantumNous/new-api/zsy/runninghub/queue.go:203 [33mSLOW SQL >= 200ms
[0m[31;1m[707.172ms] [33m[rows:0][35m SELECT * FROM `rh_queued_tasks` WHERE created_at < ? ORDER BY created_at asc LIMIT 50[0m

2026/10/02 16:50:48 [32mgithub.com/QuantumNous/new-api/model/midjourney.go:116 [33mSLOW SQL >= 200ms
[0m[31;1m[325.744ms] [33m[rows:0][35m SELECT `id` FROM `midjourneys` WHERE progress != ? LIMIT 1[0m

2026/10/02 16:50:48 [32mgithub.com/QuantumNous/new-api/zsy/runninghub/queue.go:116 [33mSLOW SQL >= 200ms
[0m[31;1m[325.202ms] [33m[rows:0][35m SELECT * FROM `rh_queued_tasks` ORDER BY created_at asc, id asc LIMIT 20[0m

2026/10/02 16:50:48 [32mgithub.com/QuantumNous/new-api/model/task.go:355 [33mSLOW SQL >= 200ms
[0m[31;1m[613.224ms] [33m[rows:0][35m SELECT `id` FROM `tasks` WHERE progress != ? AND status != ? AND status != ? LIMIT 1[0m

2026/10/02 16:50:49 [32mgithub.com/QuantumNous/new-api/model/system_task.go:216 [33mSLOW SQL >= 200ms
[0m[31;1m[427.446ms] [33m[rows:1][35m SELECT * FROM `system_tasks` WHERE id IN (SELECT MAX(id) FROM `system_tasks` WHERE type IN (?) GROUP BY `type`)[0m

2026/10/02 16:50:50 [32mgithub.com/QuantumNous/new-api/zsy/runninghub/queue.go:116 [33mSLOW SQL >= 200ms
[0m[31;1m[414.139ms] [33m[rows:0][35m SELECT * FROM `rh_queued_tasks` ORDER BY created_at asc, id asc LIMIT 20[0m

2026/10/02 16:50:53 [32mgithub.com/QuantumNous/new-api/zsy/runninghub/queue.go:116 [33mSLOW SQL >= 200ms
[0m[31;1m[203.685ms] [33m[rows:0][35m SELECT * FROM `rh_queued_tasks` ORDER BY created_at asc, id asc LIMIT 20[0m
