name,description,voice_type,gender,age_range,language,scenes,avatar_url,audio_url,audio_name,audio_size,enabled,sort_order
Vivi 2.0,语调平稳、咬字柔和、自带治愈安抚力的女声音色,zh_female_vv_uranus_bigtts,female,,zh,通用场景,https://lf3-static.bytednsdoc.com/obj/eden-cn/lm_hz_ihsph/ljhwZthlaukjlkulzlp/portal/bigtts/avatar/vivi_v2.png,https://lf3-static.bytednsdoc.com/obj/eden-cn/lm_hz_ihsph/ljhwZthlaukjlkulzlp/portal/bigtts/zh_female_vv_uranus_bigtts.wav,,,true,1
小何 2.0,声线甜美有活力的妹妹，活泼开朗，笑容明媚。,zh_female_xiaohe_uranus_bigtts,female,,zh,通用场景,https://lf3-static.bytednsdoc.com/obj/eden-cn/lm_hz_ihsph/ljhwZthlaukjlkulzlp/portal/bigtts/avatar/%E5%B0%8F%E4%BD%95.png,https://lf3-static.bytednsdoc.com/obj/eden-cn/lm_hz_ihsph/ljhwZthlaukjlkulzlp/portal/bigtts/zh_female_xiaohe_uranus_bigtts.mp3,,,true,2
温暖阿虎 2.0,声线阳光温暖、语气亲切，活力满满的少年音,zh_male_wennuanahu_uranus_bigtts,male,,zh,通用场景,https://lf3-static.bytednsdoc.com/obj/eden-cn/lm_hz_ihsph/ljhwZthlaukjlkulzlp/portal/bigtts/avatar/%E6%B8%A9%E6%9A%96%E9%98%BF%E8%99%8E.png,https://lf3-static.bytednsdoc.com/obj/eden-cn/lm_hz_ihsph/ljhwZthlaukjlkulzlp/portal/bigtts/audio/zh_male_wennuanahu_uranus_bigtts.mp3,,,true,3
解说小明 2.0,语速明快、中气十足，充满激情与感染力的解说男声,zh_male_jieshuoxiaoming_uranus_bigtts,male,,zh,通用场景,https://lf3-static.bytednsdoc.com/obj/eden-cn/lm_hz_ihsph/ljhwZthlaukjlkulzlp/portal/bigtts/avatar/%E8%A7%A3%E8%AF%B4%E5%B0%8F%E6%98%8E.png,https://lf3-static.bytednsdoc.com/obj/eden-cn/lm_hz_ihsph/ljhwZthlaukjlkulzlp/portal/bigtts/zh_male_jieshuoxiaoming_uranus_bigtts.mp3,,,true,4
温柔妈妈 2.0,语调舒缓、咬字温润，自带母性柔光的治愈女声,zh_female_wenroumama_uranus_bigtts,female,,zh,通用场景,https://lf3-static.bytednsdoc.com/obj/eden-cn/lm_hz_ihsph/ljhwZthlaukjlkulzlp/portal/bigtts/avatar/%E6%B8%A9%E6%9F%94%E5%A6%88%E5%A6%88_%E5%89%AF%E6%9C%AC.png,https://lf3-static.bytednsdoc.com/obj/eden-cn/lm_hz_ihsph/ljhwZthlaukjlkulzlp/portal/bigtts/zh_female_wenroumama_uranus_bigtts.mp3,,,true,5
魅力苏菲 2.0,高冷御姐，外表疏离难亲近，内心却细腻柔软,zh_male_sophie_uranus_bigtts,male,,zh,通用场景,https://lf3-static.bytednsdoc.com/obj/eden-cn/lm_hz_ihsph/ljhwZthlaukjlkulzlp/portal/bigtts/avatar/Sophie.png,https://lf3-static.bytednsdoc.com/obj/eden-cn/lm_hz_ihsph/ljhwZthlaukjlkulzlp/portal/bigtts/zh_male_sophie_uranus_bigtts.mp3,,,true,6
魅力女友 2.0,性感妩媚的御姐，成熟有魅力，风情十足,zh_female_meilinvyou_uranus_bigtts,female,,zh,通用场景,https://lf3-static.bytednsdoc.com/obj/eden-cn/lm_hz_ihsph/ljhwZthlaukjlkulzlp/portal/bigtts/avatar/%E9%AD%85%E5%8A%9B%E5%A5%B3%E5%8F%8B.png,https://lf3-static.bytednsdoc.com/obj/eden-cn/lm_hz_ihsph/ljhwZthlaukjlkulzlp/portal/bigtts/zh_female_meilinvyou_uranus_bigtts.mp3,,,true,7
刘飞 2.0,逻辑清晰、理性稳重的男性,zh_male_liufei_uranus_bigtts,male,,zh,通用场景,https://lf3-static.bytednsdoc.com/obj/eden-cn/lm_hz_ihsph/ljhwZthlaukjlkulzlp/portal/bigtts/avatar/%E5%88%98%E9%A3%9E.png,https://lf3-static.bytednsdoc.com/obj/eden-cn/lm_hz_ihsph/ljhwZthlaukjlkulzlp/portal/bigtts/zh_male_liufei_uranus_bigtts.mp3,,,true,8
少年梓辛 2.0,少年感十足的清爽男生，温柔亲切，阳光开朗,zh_male_shaonianzixin_uranus_bigtts,male,,zh,通用场景,https://lf3-static.bytednsdoc.com/obj/eden-cn/lm_hz_ihsph/ljhwZthlaukjlkulzlp/portal/bigtts/avatar/%E5%B0%91%E5%B9%B4%E6%A2%93%E8%BE%9B.png,https://lf3-static.bytednsdoc.com/obj/eden-cn/lm_hz_ihsph/ljhwZthlaukjlkulzlp/portal/bigtts/zh_male_shaonianzixin_uranus_bigtts.mp3,,,true,9
小天 2.0,眉目清朗男大，清澈温润有朝气，开朗真诚。,zh_male_taocheng_uranus_bigtts,male,,zh,通用场景,https://lf3-static.bytednsdoc.com/obj/eden-cn/lm_hz_ihsph/ljhwZthlaukjlkulzlp/portal/bigtts/avatar/%E5%B0%8F%E5%A4%A9.png,https://lf3-static.bytednsdoc.com/obj/eden-cn/lm_hz_ihsph/ljhwZthlaukjlkulzlp/portal/bigtts/zh_male_taocheng_uranus_bigtts.mp3,,,true,10
云舟 2.0,声音磁性的男生，成熟理性，做事有条理，让人信赖。,zh_male_m191_uranus_bigtts,male,,zh,通用场景,https://lf3-static.bytednsdoc.com/obj/eden-cn/lm_hz_ihsph/ljhwZthlaukjlkulzlp/portal/bigtts/avatar/%E4%BA%91%E8%88%9F.png,https://lf3-static.bytednsdoc.com/obj/eden-cn/lm_hz_ihsph/ljhwZthlaukjlkulzlp/portal/bigtts/zh_male_m191_uranus_bigtts.mp3,,,true,11
广告解说 2.0,语调明快、感染力拉满，专业感十足的解说音,zh_male_guanggaojieshuo_uranus_bigtts,male,,zh,通用场景,https://lf3-static.bytednsdoc.com/obj/eden-cn/lm_hz_ihsph/ljhwZthlaukjlkulzlp/portal/bigtts/avatar/%E5%B9%BF%E5%91%8A%E8%A7%A3%E8%AF%B4.png,https://lf3-static.bytednsdoc.com/obj/eden-cn/lm_hz_ihsph/ljhwZthlaukjlkulzlp/portal/bigtts/zh_male_guanggaojieshuo_uranus_bigtts.mp3,,,true,12
顾姐 2.0,声线干练、气场强大，飒爽独立的大女主音角色扮演,zh_female_gujie_uranus_bigtts,female,,zh,角色扮演,https://lf3-static.bytednsdoc.com/obj/eden-cn/lm_hz_ihsph/ljhwZthlaukjlkulzlp/portal/bigtts/avatar/%E9%A1%BE%E5%A7%90.png,https://lf3-static.bytednsdoc.com/obj/eden-cn/lm_hz_ihsph/ljhwZthlaukjlkulzlp/portal/bigtts/zh_female_gujie_uranus_bigtts.mp3,,,true,13
武则天 2.0,声线威严、气场拉满，自带帝王霸气的御姐音角色扮演,zh_female_wuzetian_uranus_bigtts,female,,zh,角色扮演,https://lf3-static.bytednsdoc.com/obj/eden-cn/lm_hz_ihsph/ljhwZthlaukjlkulzlp/portal/bigtts/avatar/%E6%AD%A6%E5%88%99%E5%A4%A9.png,https://lf3-static.bytednsdoc.com/obj/eden-cn/lm_hz_ihsph/ljhwZthlaukjlkulzlp/portal/bigtts/zh_female_wuzetian_uranus_bigtts.mp3,,,true,14
佩奇猪 2.0,活泼童趣，天真烂漫，可爱治愈,zh_female_peiqi_uranus_bigtts,female,,zh,视频配音,https://lf3-static.bytednsdoc.com/obj/eden-cn/lm_hz_ihsph/ljhwZthlaukjlkulzlp/portal/bigtts/avatar/%E4%BD%A9%E5%A5%87%E7%8C%AA.png,https://lf3-static.bytednsdoc.com/obj/eden-cn/lm_hz_ihsph/ljhwZthlaukjlkulzlp/portal/bigtts/zh_female_peiqi_uranus_bigtts.mp3,,,true,15
清爽男大 2.0,声线干净清爽、语气阳光，元气满满的大学生音,zh_male_qingshuangnanda_uranus_bigtts,male,,zh,通用场景,https://lf3-static.bytednsdoc.com/obj/eden-cn/lm_hz_ihsph/ljhwZthlaukjlkulzlp/portal/bigtts/avatar/%E6%B8%85%E7%88%BD%E7%94%B7%E5%A4%A7.png,https://lf3-static.bytednsdoc.com/obj/eden-cn/lm_hz_ihsph/ljhwZthlaukjlkulzlp/portal/bigtts/zh_male_qingshuangnanda_uranus_bigtts.mp3,,,true,16
客服婉君 2.0,语气亲切，善用温和语气词，回复条理清晰的客服女生,ICL_uranus_zh_female_kefuwanjun_tob,female,,zh,客服场景,https://lf3-static.bytednsdoc.com/obj/eden-cn/lm_hz_ihsph/ljhwZthlaukjlkulzlp/portal/bigtts/avatar/%E5%AE%A2%E6%9C%8D%E5%A9%89%E5%90%9B.png,https://lf3-static.bytednsdoc.com/obj/eden-cn/lm_hz_ihsph/ljhwZthlaukjlkulzlp/portal/bigtts/audio/ICL_uranus_zh_female_kefuwanjun_tob.mp3,,,true,17
贴心女声 2.0,语调温柔、语气亲切，像闺蜜般贴心的治愈女声,zh_female_tiexinnvsheng_uranus_bigtts,female,,zh,通用场景,https://lf3-static.bytednsdoc.com/obj/eden-cn/lm_hz_ihsph/ljhwZthlaukjlkulzlp/portal/bigtts/avatar/%E8%B4%B4%E5%BF%83%E5%A5%B3%E5%A3%B0.png,https://lf3-static.bytednsdoc.com/obj/eden-cn/lm_hz_ihsph/ljhwZthlaukjlkulzlp/portal/bigtts/zh_female_tiexinnvsheng_uranus_bigtts.mp3,,,true,18
鸡汤妹妹 2.0,语调温暖、语气治愈，充满正能量的甜妹音,zh_female_jitangmei_uranus_bigtts,female,,zh,通用场景,https://lf3-static.bytednsdoc.com/obj/eden-cn/lm_hz_ihsph/ljhwZthlaukjlkulzlp/portal/bigtts/avatar/%E9%B8%A1%E6%B1%A4%E5%A6%B9%E5%A6%B9.png,https://lf3-static.bytednsdoc.com/obj/eden-cn/lm_hz_ihsph/ljhwZthlaukjlkulzlp/portal/bigtts/zh_female_jitangmei_uranus_bigtts.mp3,,,true,19
磁性解说男声 2.0,声线磁性浑厚、语调沉稳，专业感拉满的解说男声,zh_male_cixingjieshuonan_uranus_bigtts,male,,zh,通用场景,https://lf3-static.bytednsdoc.com/obj/eden-cn/lm_hz_ihsph/ljhwZthlaukjlkulzlp/portal/bigtts/avatar/%E7%A3%81%E6%80%A7%E8%A7%A3%E8%AF%B4%E7%94%B7%E5%A3%B0.png,https://lf3-static.bytednsdoc.com/obj/eden-cn/lm_hz_ihsph/ljhwZthlaukjlkulzlp/portal/bigtts/zh_male_cixingjieshuonan_uranus_bigtts.mp3,,,true,20
萌丫头 2.0,声线软萌稚嫩、语气娇俏，元气满满的萝莉音,zh_female_mengyatou_uranus_bigtts,female,,zh,通用场景,https://lf3-static.bytednsdoc.com/obj/eden-cn/lm_hz_ihsph/ljhwZthlaukjlkulzlp/portal/bigtts/avatar/%E8%90%8C%E4%B8%AB%E5%A4%B4.png,https://lf3-static.bytednsdoc.com/obj/eden-cn/lm_hz_ihsph/ljhwZthlaukjlkulzlp/portal/bigtts/zh_female_mengyatou_uranus_bigtts.mp3,,,true,21
俏皮女声 2.0,语调灵动跳脱、元气满满，古灵精怪的少女音,zh_female_qiaopinv_uranus_bigtts,female,,zh,通用场景,https://lf3-static.bytednsdoc.com/obj/eden-cn/lm_hz_ihsph/ljhwZthlaukjlkulzlp/portal/bigtts/avatar/%E4%BF%8F%E7%9A%AE%E5%A5%B3%E5%A3%B0.png,https://lf3-static.bytednsdoc.com/obj/eden-cn/lm_hz_ihsph/ljhwZthlaukjlkulzlp/portal/bigtts/zh_female_qiaopinv_uranus_bigtts.mp3,,,true,22
少儿故事 2.0,语调活泼、声线亲切，适配儿童故事的治愈女声,zh_female_shaoergushi_uranus_bigtts,female,,zh,有声阅读,https://lf3-static.bytednsdoc.com/obj/eden-cn/lm_hz_ihsph/ljhwZthlaukjlkulzlp/portal/bigtts/avatar/%E5%B0%91%E5%84%BF%E6%95%85%E4%BA%8B.png,https://lf3-static.bytednsdoc.com/obj/eden-cn/lm_hz_ihsph/ljhwZthlaukjlkulzlp/portal/bigtts/zh_female_shaoergushi_uranus_bigtts.mp3,,,true,23
天才童声 2.0,声线清亮稚嫩、天赋感拉满，灵动清澈的童声,zh_male_tiancaitongsheng_uranus_bigtts,male,,zh,通用场景,https://lf3-static.bytednsdoc.com/obj/eden-cn/lm_hz_ihsph/ljhwZthlaukjlkulzlp/portal/bigtts/avatar/%E5%A4%A9%E6%89%8D%E7%AB%A5%E5%A3%B0.png,https://lf3-static.bytednsdoc.com/obj/eden-cn/lm_hz_ihsph/ljhwZthlaukjlkulzlp/portal/bigtts/zh_male_tiancaitongsheng_uranus_bigtts.mp3,,,true,24
温柔小雅 2.0,语调轻柔、咬字温婉，气质娴静的淑女音,zh_female_wenrouxiaoya_uranus_bigtts,female,,zh,通用场景,https://lf3-static.bytednsdoc.com/obj/eden-cn/lm_hz_ihsph/ljhwZthlaukjlkulzlp/portal/bigtts/avatar/%E6%B8%A9%E6%9F%94%E5%B0%8F%E9%9B%85.png,https://lf3-static.bytednsdoc.com/obj/eden-cn/lm_hz_ihsph/ljhwZthlaukjlkulzlp/portal/bigtts/zh_female_wenrouxiaoya_uranus_bigtts.mp3,,,true,25
东方浩然 2.0,声线雄浑、气场强大，正气凛然的成熟男声,zh_male_dongfanghaoran_uranus_bigtts,male,,zh,通用场景,https://lf3-static.bytednsdoc.com/obj/eden-cn/lm_hz_ihsph/ljhwZthlaukjlkulzlp/portal/bigtts/avatar/%E4%B8%9C%E6%96%B9%E6%B5%A9%E7%84%B6.png,https://lf3-static.bytednsdoc.com/obj/eden-cn/lm_hz_ihsph/ljhwZthlaukjlkulzlp/portal/bigtts/zh_male_dongfanghaoran_uranus_bigtts.mp3,,,true,26
柔美女友 2.0,语调软糯、语气娇柔，像女友般贴心的治愈女声,zh_female_roumeinvyou_uranus_bigtts,female,,zh,通用场景,https://lf3-static.bytednsdoc.com/obj/eden-cn/lm_hz_ihsph/ljhwZthlaukjlkulzlp/portal/bigtts/avatar/%E6%9F%94%E7%BE%8E%E5%A5%B3%E5%8F%8B.png,https://lf3-static.bytednsdoc.com/obj/eden-cn/lm_hz_ihsph/ljhwZthlaukjlkulzlp/portal/bigtts/zh_female_roumeinvyou_uranus_bigtts.mp3,,,true,27
温柔小哥 2.0,语调温柔、声线干净，气质谦和的青年男声,zh_male_wenrouxiaoge_uranus_bigtts,male,,zh,通用场景,https://lf3-static.bytednsdoc.com/obj/eden-cn/lm_hz_ihsph/ljhwZthlaukjlkulzlp/portal/bigtts/avatar/%E6%B8%A9%E6%9F%94%E5%B0%8F%E5%93%A5.png,https://lf3-static.bytednsdoc.com/obj/eden-cn/lm_hz_ihsph/ljhwZthlaukjlkulzlp/portal/bigtts/zh_male_wenrouxiaoge_uranus_bigtts.mp3,,,true,28
心灵鸡汤 2.0,语调温暖、语气治愈，充满正能量的女声,zh_female_xinlingjitang_uranus_bigtts,female,,zh,通用场景,https://lf3-static.bytednsdoc.com/obj/eden-cn/lm_hz_ihsph/ljhwZthlaukjlkulzlp/portal/bigtts/avatar/%E5%BF%83%E7%81%B5%E9%B8%A1%E6%B1%A4.png,https://lf3-static.bytednsdoc.com/obj/eden-cn/lm_hz_ihsph/ljhwZthlaukjlkulzlp/portal/bigtts/zh_female_xinlingjitang_uranus_bigtts.mp3,,,true,29
甜美悦悦 2.0,声线甜美软糯、语气娇俏，元气满满的甜妹音,zh_female_tianmeiyueyue_uranus_bigtts,female,,zh,通用场景,https://lf3-static.bytednsdoc.com/obj/eden-cn/lm_hz_ihsph/ljhwZthlaukjlkulzlp/portal/bigtts/avatar/%E7%94%9C%E7%BE%8E%E6%82%A6%E6%82%A6.png,https://lf3-static.bytednsdoc.com/obj/eden-cn/lm_hz_ihsph/ljhwZthlaukjlkulzlp/portal/bigtts/zh_female_tianmeiyueyue_uranus_bigtts.mp3,,,true,30
清澈梓梓  2.0,声线清澈干净、语调温柔，气质纯净的少年音,zh_female_qingchezizi_uranus_bigtts,female,,zh,,https://lf3-static.bytednsdoc.com/obj/eden-cn/lm_hz_ihsph/ljhwZthlaukjlkulzlp/portal/bigtts/avatar/%E6%B8%85%E6%BE%88%E6%A2%93%E6%A2%93.png,https://lf3-static.bytednsdoc.com/obj/eden-cn/lm_hz_ihsph/ljhwZthlaukjlkulzlp/portal/bigtts/zh_female_qingchezizi_uranus_bigtts.mp3,,,true,31
阳光青年 2.0,声线阳光、语气开朗，充满活力的青年男声,zh_male_yangguangqingnian_uranus_bigtts,male,,zh,通用场景,https://lf3-static.bytednsdoc.com/obj/eden-cn/lm_hz_ihsph/ljhwZthlaukjlkulzlp/portal/bigtts/avatar/%E9%98%B3%E5%85%89%E9%9D%92%E5%B9%B4.png,https://lf3-static.bytednsdoc.com/obj/eden-cn/lm_hz_ihsph/ljhwZthlaukjlkulzlp/portal/bigtts/zh_male_yangguangqingnian_uranus_bigtts.mp3,,,true,32
渊博小叔 2.0,声线沉稳、语调平缓，阅历感十足的叔音,zh_male_yuanboxiaoshu_uranus_bigtts,male,,zh,通用场景,https://lf3-static.bytednsdoc.com/obj/eden-cn/lm_hz_ihsph/ljhwZthlaukjlkulzlp/portal/bigtts/avatar/%E6%B8%8A%E5%8D%9A%E5%B0%8F%E5%8F%94.png,https://lf3-static.bytednsdoc.com/obj/eden-cn/lm_hz_ihsph/ljhwZthlaukjlkulzlp/portal/bigtts/zh_male_yuanboxiaoshu_uranus_bigtts.mp3,,,true,33
知性女声 2.0,语调沉稳、咬字清晰，气质知性的成熟女声,zh_female_zhixingnv_uranus_bigtts,female,,zh,通用场景,https://lf3-static.bytednsdoc.com/obj/eden-cn/lm_hz_ihsph/ljhwZthlaukjlkulzlp/portal/bigtts/avatar/%E7%9F%A5%E6%80%A7%E5%A5%B3%E5%A3%B0.png,https://lf3-static.bytednsdoc.com/obj/eden-cn/lm_hz_ihsph/ljhwZthlaukjlkulzlp/portal/bigtts/zh_female_zhixingnv_uranus_bigtts.mp3,,,true,34
文静毛毛 2.0,语调轻柔、声线软萌，安静乖巧的萝莉音,zh_female_wenjingmaomao_uranus_bigtts,female,,zh,通用场景,https://lf3-static.bytednsdoc.com/obj/eden-cn/lm_hz_ihsph/ljhwZthlaukjlkulzlp/portal/bigtts/avatar/%E6%96%87%E9%9D%99%E6%AF%9B%E6%AF%9B.png,https://lf3-static.bytednsdoc.com/obj/eden-cn/lm_hz_ihsph/ljhwZthlaukjlkulzlp/portal/bigtts/zh_female_wenjingmaomao_uranus_bigtts.mp3,,,true,35
悠悠君子 2.0,语调温润、声线清雅，书卷气十足的君子音,zh_male_youyoujunzi_uranus_bigtts,male,,zh,通用场景,https://lf3-static.bytednsdoc.com/obj/eden-cn/lm_hz_ihsph/ljhwZthlaukjlkulzlp/portal/bigtts/avatar/%E6%82%A0%E6%82%A0%E5%90%9B%E5%AD%90.png,https://lf3-static.bytednsdoc.com/obj/eden-cn/lm_hz_ihsph/ljhwZthlaukjlkulzlp/portal/bigtts/zh_male_youyoujunzi_uranus_bigtts.mp3,,,true,36
开朗学长 2.0,声线阳光、语气爽朗，阳光开朗的学长音,zh_male_kailangxuezhang_uranus_bigtts,male,,zh,通用场景,https://lf3-static.bytednsdoc.com/obj/eden-cn/lm_hz_ihsph/ljhwZthlaukjlkulzlp/portal/bigtts/avatar/%E5%BC%80%E6%9C%97%E5%AD%A6%E9%95%BF.png,https://lf3-static.bytednsdoc.com/obj/eden-cn/lm_hz_ihsph/ljhwZthlaukjlkulzlp/portal/bigtts/zh_male_kailangxuezhang_uranus_bigtts.mp3,,,true,37
快乐小东 2.0,语调明快、声线阳光，元气满满的青年男声,zh_male_kuailexiaodong_uranus_bigtts,male,,zh,通用场景,https://lf3-static.bytednsdoc.com/obj/eden-cn/lm_hz_ihsph/ljhwZthlaukjlkulzlp/portal/bigtts/avatar/%E5%BF%AB%E4%B9%90%E5%B0%8F%E4%B8%9C.png,https://lf3-static.bytednsdoc.com/obj/eden-cn/lm_hz_ihsph/ljhwZthlaukjlkulzlp/portal/bigtts/zh_male_kuailexiaodong_uranus_bigtts.mp3,,,true,38
亲切女声 2.0,语调温柔、语气亲切，像家人般暖心的治愈女声,zh_female_qinqienv_uranus_bigtts,female,,zh,通用场景,https://lf3-static.bytednsdoc.com/obj/eden-cn/lm_hz_ihsph/ljhwZthlaukjlkulzlp/portal/bigtts/avatar/%E4%BA%B2%E5%88%87%E5%A5%B3%E5%A3%B0.png,https://lf3-static.bytednsdoc.com/obj/eden-cn/lm_hz_ihsph/ljhwZthlaukjlkulzlp/portal/bigtts/zh_female_qinqienv_uranus_bigtts.mp3,,,true,39
直率英子 2.0,声线爽朗、语气直白，性格飒爽不扭捏的直球女声角色扮演,zh_female_zhishuaiyingzi_uranus,female,,zh,角色扮演,https://lf3-static.bytednsdoc.com/obj/eden-cn/lm_hz_ihsph/ljhwZthlaukjlkulzlp/portal/bigtts/avatar/%E7%9B%B4%E7%8E%87%E8%8B%B1%E5%AD%90.png,https://lf3-static.bytednsdoc.com/obj/eden-cn/lm_hz_ihsph/ljhwZthlaukjlkulzlp/portal/bigtts/zh_female_zhishuaiyingzi_uranus.mp3,,,true,40
女雷神 2.0,声线雄浑、气场拉满，充满力量感的御姐音角色扮演,zh_female_nvleishen_uranus_bigtts,female,,zh,角色扮演,https://lf3-static.bytednsdoc.com/obj/eden-cn/lm_hz_ihsph/ljhwZthlaukjlkulzlp/portal/bigtts/avatar/%E5%A5%B3%E9%9B%B7%E7%A5%9E.png,https://lf3-static.bytednsdoc.com/obj/eden-cn/lm_hz_ihsph/ljhwZthlaukjlkulzlp/portal/bigtts/zh_female_nvleishen_uranus_bigtts.mp3,,,true,41
谄媚女声 2.0,语调软糯、语气讨好，自带逢迎感的女声,zh_female_chanmeinv_uranus_bigtts,female,,zh,通用场景,https://lf3-static.bytednsdoc.com/obj/eden-cn/lm_hz_ihsph/ljhwZthlaukjlkulzlp/portal/bigtts/avatar/%E8%B0%84%E5%AA%9A%E5%A5%B3%E5%A3%B0.png,https://lf3-static.bytednsdoc.com/obj/eden-cn/lm_hz_ihsph/ljhwZthlaukjlkulzlp/portal/bigtts/zh_female_chanmeinv_uranus_bigtts.mp3,,,true,42
感冒电音姐姐 2.0,声线沙哑慵懒、自带电音，风格独特的御姐音角色扮演,zh_female_ganmaodianyin_uranus_bigtts,female,,zh,角色扮演,https://lf3-static.bytednsdoc.com/obj/eden-cn/lm_hz_ihsph/ljhwZthlaukjlkulzlp/portal/bigtts/avatar/%E6%84%9F%E5%86%92%E7%94%B5%E9%9F%B3%E5%A7%90%E5%A7%90.png,https://lf3-static.bytednsdoc.com/obj/eden-cn/lm_hz_ihsph/ljhwZthlaukjlkulzlp/portal/bigtts/zh_female_ganmaodianyin_uranus_bigtts.mp3,,,true,43
猪八戒 2.0,声线憨厚、语气诙谐，自带喜感的男声，完美还原动画角色的憨态角色扮演,zh_male_zhubajie_uranus_bigtts,male,,zh,角色扮演,https://lf3-static.bytednsdoc.com/obj/eden-cn/lm_hz_ihsph/ljhwZthlaukjlkulzlp/portal/bigtts/avatar/%E7%8C%AA%E5%85%AB%E6%88%92.png,https://lf3-static.bytednsdoc.com/obj/eden-cn/lm_hz_ihsph/ljhwZthlaukjlkulzlp/portal/bigtts/zh_male_zhubajie_uranus_bigtts.mp3,,,true,44
开朗弟弟 2.0,声线阳光、语气活泼，元气满满的少年音，像邻家弟弟般亲切治愈,zh_male_kailangdidi_uranus_bigtts,male,,zh,通用场景,https://lf3-static.bytednsdoc.com/obj/eden-cn/lm_hz_ihsph/ljhwZthlaukjlkulzlp/portal/bigtts/avatar/%E5%BC%80%E6%9C%97%E5%BC%9F%E5%BC%9F.png,https://lf3-static.bytednsdoc.com/obj/eden-cn/lm_hz_ihsph/ljhwZthlaukjlkulzlp/portal/bigtts/zh_male_kailangdidi_uranus_bigtts.mp3,,,true,45
庄周 2.0,语调慵懒、声线空灵，自带仙气的清冷男声角色扮演,zh_male_zhuangzhou_uranus_bigtts,male,,zh,角色扮演,https://lf3-static.bytednsdoc.com/obj/eden-cn/lm_hz_ihsph/ljhwZthlaukjlkulzlp/portal/bigtts/avatar/%E5%BA%84%E5%91%A8.png,https://lf3-static.bytednsdoc.com/obj/eden-cn/lm_hz_ihsph/ljhwZthlaukjlkulzlp/portal/bigtts/zh_male_zhuangzhou_uranus_bigtts.mp3,,,true,46
唐僧 2.0,语调平缓、声线慈悲，自带禅意的高僧音角色扮演,zh_male_tangseng_uranus_bigtts,male,,zh,角色扮演,https://lf3-static.bytednsdoc.com/obj/eden-cn/lm_hz_ihsph/ljhwZthlaukjlkulzlp/portal/bigtts/avatar/%E5%94%90%E5%83%A7.png,https://lf3-static.bytednsdoc.com/obj/eden-cn/lm_hz_ihsph/ljhwZthlaukjlkulzlp/portal/bigtts/zh_male_tangseng_uranus_bigtts.mp3,,,true,47
春日部姐姐 2.0,声线元气、语气活泼，古灵精怪的大姐姐音角色扮演,zh_female_chunribu_uranus_bigtts,female,,zh,角色扮演,https://lf3-static.bytednsdoc.com/obj/eden-cn/lm_hz_ihsph/ljhwZthlaukjlkulzlp/portal/bigtts/avatar/%E6%98%A5%E6%97%A5%E9%83%A8%E5%A7%90%E5%A7%90.png,https://lf3-static.bytednsdoc.com/obj/eden-cn/lm_hz_ihsph/ljhwZthlaukjlkulzlp/portal/bigtts/zh_female_chunribu_uranus_bigtts.mp3,,,true,48
玲玲姐姐 2.0,语调温柔、语气亲切，像邻家姐姐般暖心的治愈女声角色扮演,zh_female_lingling_uranus_bigtts,female,,zh,角色扮演,https://lf3-static.bytednsdoc.com/obj/eden-cn/lm_hz_ihsph/ljhwZthlaukjlkulzlp/portal/bigtts/avatar/%E7%8E%B2%E7%8E%B2%E5%A7%90%E5%A7%90.png,https://lf3-static.bytednsdoc.com/obj/eden-cn/lm_hz_ihsph/ljhwZthlaukjlkulzlp/portal/bigtts/zh_female_lingling_uranus_bigtts.mp3,,,true,49
林潇 2.0,声线清冷干净、语调沉稳，气质清冷的青年女声角色扮演,zh_female_linxiao_uranus_bigtts,female,,zh,角色扮演,https://lf3-static.bytednsdoc.com/obj/eden-cn/lm_hz_ihsph/ljhwZthlaukjlkulzlp/portal/bigtts/avatar/%E6%9E%97%E6%BD%87.png,https://lf3-static.bytednsdoc.com/obj/eden-cn/lm_hz_ihsph/ljhwZthlaukjlkulzlp/portal/bigtts/zh_female_linxiao_uranus_bigtts.mp3,,,true,50
娇喘女声 2.0,语调软糯、语气娇柔，自带氛围感的甜妹音,zh_female_jiaochuannv_uranus_bigtts,female,,zh,通用场景,https://lf3-static.bytednsdoc.com/obj/eden-cn/lm_hz_ihsph/ljhwZthlaukjlkulzlp/portal/bigtts/avatar/%E5%A8%87%E5%96%98%E5%A5%B3%E5%A3%B0.png,https://lf3-static.bytednsdoc.com/obj/eden-cn/lm_hz_ihsph/ljhwZthlaukjlkulzlp/portal/bigtts/zh_female_jiaochuannv_uranus_bigtts.mp3,,,true,51
鲁班七号 2.0,声线灵动跳脱、语气搞怪，完美还原,zh_male_lubanqihao_uranus_bigtts,male,,zh,角色扮演,https://lf3-static.bytednsdoc.com/obj/eden-cn/lm_hz_ihsph/ljhwZthlaukjlkulzlp/portal/bigtts/avatar/%E9%B2%81%E7%8F%AD%E4%B8%83%E5%8F%B7.png,https://lf3-static.bytednsdoc.com/obj/eden-cn/lm_hz_ihsph/ljhwZthlaukjlkulzlp/portal/bigtts/zh_male_lubanqihao_uranus_bigtts.mp3,,,true,52
深夜播客 2.0,语调舒缓、情感细腻，适配深夜陪伴的多情感男声，氛围感拉满有声阅读,zh_male_shenyeboke_uranus_bigtts,male,,zh,通用场景,https://lf3-static.bytednsdoc.com/obj/eden-cn/lm_hz_ihsph/ljhwZthlaukjlkulzlp/portal/bigtts/avatar/%E6%B7%B1%E5%A4%9C%E6%92%AD%E5%AE%A2.png,https://lf3-static.bytednsdoc.com/obj/eden-cn/lm_hz_ihsph/ljhwZthlaukjlkulzlp/portal/bigtts/zh_male_shenyeboke_uranus_bigtts.mp3,,,true,53
高冷御姐 2.0,声线清冷疏离、气场强大，冷静干练的御姐音,zh_female_gaolengyujie_uranus_bigtts,female,,zh,通用场景,https://lf3-static.bytednsdoc.com/obj/eden-cn/lm_hz_ihsph/ljhwZthlaukjlkulzlp/portal/bigtts/avatar/%E9%AB%98%E5%86%B7%E5%BE%A1%E5%A7%90.png,https://lf3-static.bytednsdoc.com/obj/eden-cn/lm_hz_ihsph/ljhwZthlaukjlkulzlp/portal/bigtts/zh_female_gaolengyujie_uranus_bigtts.mp3,,,true,54
开朗姐姐  2.0,语调明快、声线爽朗，阳光开朗的大姐姐音,zh_female_kailangjiejie_uranus_bigtts,female,,zh,,https://lf3-static.bytednsdoc.com/obj/eden-cn/lm_hz_ihsph/ljhwZthlaukjlkulzlp/portal/bigtts/avatar/%E5%BC%80%E6%9C%97%E5%A7%90%E5%A7%90.png,https://lf3-static.bytednsdoc.com/obj/eden-cn/lm_hz_ihsph/ljhwZthlaukjlkulzlp/portal/bigtts/zh_female_kailangjiejie_uranus_bigtts.mp3,,,true,55
亮嗓萌仔 2.0,声线清亮稚嫩、元气满满，活泼开朗的童声,zh_male_liangsangmengzai_uranus_bigtts,male,,zh,通用场景,https://lf3-static.bytednsdoc.com/obj/eden-cn/lm_hz_ihsph/ljhwZthlaukjlkulzlp/portal/bigtts/avatar/%E4%BA%AE%E5%97%93%E8%90%8C%E4%BB%94.png,https://lf3-static.bytednsdoc.com/obj/eden-cn/lm_hz_ihsph/ljhwZthlaukjlkulzlp/portal/bigtts/zh_male_liangsangmengzai_uranus_bigtts.mp3,,,true,56
悬疑解说 2.0,语调低沉、语气神秘，自带悬疑氛围感的男声,zh_male_xuanyijieshuo_uranus_bigtts,male,,zh,有声阅读,https://lf3-static.bytednsdoc.com/obj/eden-cn/lm_hz_ihsph/ljhwZthlaukjlkulzlp/portal/bigtts/avatar/%E6%82%AC%E7%96%91%E8%A7%A3%E8%AF%B4.png,https://lf3-static.bytednsdoc.com/obj/eden-cn/lm_hz_ihsph/ljhwZthlaukjlkulzlp/portal/bigtts/zh_male_xuanyijieshuo_uranus_bigtts.mp3,,,true,57
霸气青叔 2.0,声线浑厚成熟、气场强大，阅历感十足的叔音有声阅读,zh_male_baqiqingshu_uranus_bigtts,male,,zh,有声阅读,https://lf3-static.bytednsdoc.com/obj/eden-cn/lm_hz_ihsph/ljhwZthlaukjlkulzlp/portal/bigtts/avatar/%E9%9C%B8%E6%B0%94%E9%9D%92%E5%8F%94.png,https://lf3-static.bytednsdoc.com/obj/eden-cn/lm_hz_ihsph/ljhwZthlaukjlkulzlp/portal/bigtts/zh_male_baqiqingshu_uranus_bigtts.mp3,,,true,58
活力小哥 2.0,语速明快、声线阳光，元气满满的青年男声,zh_male_huolixiaoge_uranus_bigtts,male,,zh,通用场景,https://lf3-static.bytednsdoc.com/obj/eden-cn/lm_hz_ihsph/ljhwZthlaukjlkulzlp/portal/bigtts/avatar/%E6%B4%BB%E5%8A%9B%E5%B0%8F%E5%93%A5.png,https://lf3-static.bytednsdoc.com/obj/eden-cn/lm_hz_ihsph/ljhwZthlaukjlkulzlp/portal/bigtts/zh_male_huolixiaoge_uranus_bigtts.mp3,,,true,59
古风少御 2.0,语调婉转、声线清冷，自带古典韵味的声音,zh_female_gufengshaoyu_uranus_bigtts,female,,zh,角色扮演,https://lf3-static.bytednsdoc.com/obj/eden-cn/lm_hz_ihsph/ljhwZthlaukjlkulzlp/portal/bigtts/avatar/%E5%8F%A4%E9%A3%8E%E5%B0%91%E5%BE%A12.png,https://lf3-static.bytednsdoc.com/obj/eden-cn/lm_hz_ihsph/ljhwZthlaukjlkulzlp/portal/bigtts/zh_female_gufengshaoyu_uranus_bigtts.mp3,,,true,60
温柔淑女 2.0,语调轻柔、咬字温婉，气质娴静的淑女音，自带大家闺秀的温婉感,zh_female_wenroushunv_uranus_bigtts,female,,zh,通用场景,https://lf3-static.bytednsdoc.com/obj/eden-cn/lm_hz_ihsph/ljhwZthlaukjlkulzlp/portal/bigtts/avatar/%E6%B8%A9%E6%9F%94%E6%B7%91%E5%A5%B3.png,https://lf3-static.bytednsdoc.com/obj/eden-cn/lm_hz_ihsph/ljhwZthlaukjlkulzlp/portal/bigtts/zh_female_wenroushunv_uranus_bigtts.mp3,,,true,61
反卷青年 2.0,语气松弛随性、语调慵懒，佛系通透的青年音,zh_male_fanjuanqingnian_uranus_bigtts,male,,zh,通用场景,https://lf3-static.bytednsdoc.com/obj/eden-cn/lm_hz_ihsph/ljhwZthlaukjlkulzlp/portal/bigtts/avatar/%E5%8F%8D%E5%8D%B7%E9%9D%92%E5%B9%B4.png,https://lf3-static.bytednsdoc.com/obj/eden-cn/lm_hz_ihsph/ljhwZthlaukjlkulzlp/portal/bigtts/zh_male_fanjuanqingnian_uranus_bigtts.mp3,,,true,62
懒音绵宝 2.0,语调慵懒软糯、声线软绵，自带慵懒感的儿童音,zh_male_lanyinmianbao_uranus_bigtts,male,,zh,角色扮演,https://lf3-static.bytednsdoc.com/obj/eden-cn/lm_hz_ihsph/ljhwZthlaukjlkulzlp/portal/bigtts/avatar/%E6%87%92%E9%9F%B3%E7%BB%B5%E5%AE%9D.png,https://lf3-static.bytednsdoc.com/obj/eden-cn/lm_hz_ihsph/ljhwZthlaukjlkulzlp/portal/bigtts/zh_male_lanyinmianbao_uranus_bigtts.mp3,,,true,63
傲娇霸总 2.0,声线低沉磁性、语气强势，自带压迫感的霸总男声,zh_male_aojiaobazong_uranus_bigtts,male,,zh,通用场景,https://lf3-static.bytednsdoc.com/obj/eden-cn/lm_hz_ihsph/ljhwZthlaukjlkulzlp/portal/bigtts/avatar/%E5%82%B2%E5%A8%87%E9%9C%B8%E6%80%BB.png,https://lf3-static.bytednsdoc.com/obj/eden-cn/lm_hz_ihsph/ljhwZthlaukjlkulzlp/portal/bigtts/zh_male_aojiaobazong_uranus_bigtts.mp3,,,true,64
婆婆 2.0,语调舒缓、声线慈祥，自带岁月感的长辈女声,zh_female_popo_uranus_bigtts,female,,zh,通用场景,https://lf3-static.bytednsdoc.com/obj/eden-cn/lm_hz_ihsph/ljhwZthlaukjlkulzlp/portal/bigtts/avatar/%E5%A9%86%E5%A9%86.png,https://lf3-static.bytednsdoc.com/obj/eden-cn/lm_hz_ihsph/ljhwZthlaukjlkulzlp/portal/bigtts/zh_female_popo_uranus_bigtts.mp3,,,true,65
奶气萌娃 2.0,声线软萌稚嫩、奶气十足，软糯可爱的幼童音,zh_male_naiqimengwa_uranus_bigtts,male,,zh,通用场景,https://lf3-static.bytednsdoc.com/obj/eden-cn/lm_hz_ihsph/ljhwZthlaukjlkulzlp/portal/bigtts/avatar/%E5%A5%B6%E6%B0%94%E8%90%8C%E5%A8%83.png,https://lf3-static.bytednsdoc.com/obj/eden-cn/lm_hz_ihsph/ljhwZthlaukjlkulzlp/portal/bigtts/zh_male_naiqimengwa_uranus_bigtts.mp3,,,true,66
樱桃丸子 2.0,声线稚嫩灵动、语气娇俏，古灵精怪的萝莉音，完美还原动画角色的元气感角色扮演,zh_female_yingtaowanzi_uranus_bigtts,female,,zh,角色扮演,https://lf3-static.bytednsdoc.com/obj/eden-cn/lm_hz_ihsph/ljhwZthlaukjlkulzlp/portal/bigtts/avatar/%E6%A8%B1%E6%A1%83%E4%B8%B8%E5%AD%90.png,https://lf3-static.bytednsdoc.com/obj/eden-cn/lm_hz_ihsph/ljhwZthlaukjlkulzlp/portal/bigtts/zh_female_yingtaowanzi_uranus_bigtts.mp3,,,true,67
熊二 2.0,声线憨厚软糯、语气呆萌，自带东北口音的可爱男声角色扮演,zh_male_xionger_uranus_bigtts,male,,zh,角色扮演,https://lf3-static.bytednsdoc.com/obj/eden-cn/lm_hz_ihsph/ljhwZthlaukjlkulzlp/portal/bigtts/avatar/%E7%86%8A%E4%BA%8C.png,https://lf3-static.bytednsdoc.com/obj/eden-cn/lm_hz_ihsph/ljhwZthlaukjlkulzlp/portal/bigtts/zh_male_xionger_uranus_bigtts.mp3,,,true,68
擎苍 2.0,声线雄浑厚重、气势磅礴，充满力量感的霸气男声有声阅读,zh_male_qingcang_uranus_bigtts,male,,zh,角色扮演,https://lf3-static.bytednsdoc.com/obj/eden-cn/lm_hz_ihsph/ljhwZthlaukjlkulzlp/portal/bigtts/avatar/%E6%93%8E%E8%8B%8D.png,https://lf3-static.bytednsdoc.com/obj/eden-cn/lm_hz_ihsph/ljhwZthlaukjlkulzlp/portal/bigtts/zh_male_qingcang_uranus_bigtts.mp3,,,true,69
儒雅青年 2.0,语调温润、咬字文雅，书卷气十足的知性男声有声阅读,zh_male_ruyaqingnian_uranus_bigtts,male,,zh,通用场景,https://lf3-static.bytednsdoc.com/obj/eden-cn/lm_hz_ihsph/ljhwZthlaukjlkulzlp/portal/bigtts/avatar/%E5%84%92%E9%9B%85%E9%9D%92%E5%B9%B4.png,https://lf3-static.bytednsdoc.com/obj/eden-cn/lm_hz_ihsph/ljhwZthlaukjlkulzlp/portal/bigtts/zh_male_ruyaqingnian_uranus_bigtts.mp3,,,true,70
四郎 2.0,声线低沉威严、气场拉满，自带帝王霸气的成熟男声角色扮演,zh_male_silang_uranus_bigtts,male,,zh,角色扮演,https://lf3-static.bytednsdoc.com/obj/eden-cn/lm_hz_ihsph/ljhwZthlaukjlkulzlp/portal/bigtts/avatar/%E5%9B%9B%E9%83%8E.png,https://lf3-static.bytednsdoc.com/obj/eden-cn/lm_hz_ihsph/ljhwZthlaukjlkulzlp/portal/bigtts/zh_male_silang_uranus_bigtts.mp3,,,true,71
邻家男孩 2.0,声线干净清爽、语气亲切，阳光开朗的少年音,zh_male_linjiananhai_uranus_bigtts,male,,zh,通用场景,https://lf3-static.bytednsdoc.com/obj/eden-cn/lm_hz_ihsph/ljhwZthlaukjlkulzlp/portal/bigtts/avatar/%E9%82%BB%E5%AE%B6%E7%94%B7%E5%AD%A9.png,https://lf3-static.bytednsdoc.com/obj/eden-cn/lm_hz_ihsph/ljhwZthlaukjlkulzlp/portal/bigtts/zh_male_linjiananhai_uranus_bigtts.mp3,,,true,72
译制片男 2.0,声线浑厚、语调沉稳，自带经典译制腔的磁性男声,zh_male_yizhipiannan_uranus_bigtts,male,,zh,通用场景,https://lf3-static.bytednsdoc.com/obj/eden-cn/lm_hz_ihsph/ljhwZthlaukjlkulzlp/portal/bigtts/avatar/%E8%AF%91%E5%88%B6%E7%89%87%E7%94%B7.png,https://lf3-static.bytednsdoc.com/obj/eden-cn/lm_hz_ihsph/ljhwZthlaukjlkulzlp/portal/bigtts/zh_male_yizhipiannan_uranus_bigtts.mp3,,,true,73
TVB女声 2.0,港风韵味十足，咬字利落、语调干练，自带经典港剧旁白质感的御姐音,zh_female_tvbnv_uranus_bigtts,female,,zh,通用场景,https://lf3-static.bytednsdoc.com/obj/eden-cn/lm_hz_ihsph/ljhwZthlaukjlkulzlp/portal/bigtts/avatar/TVB%E5%A5%B3%E5%A3%B0.png,https://lf3-static.bytednsdoc.com/obj/eden-cn/lm_hz_ihsph/ljhwZthlaukjlkulzlp/portal/bigtts/zh_female_tvbnv_uranus_bigtts.mp3,,,true,74
撒娇学妹 2.0,嗲甜软萌的可爱妹妹，灵动娇气，活泼讨喜角色扮演,zh_female_sajiaoxuemei_uranus_bigtts,female,,zh,角色扮演,https://lf3-static.bytednsdoc.com/obj/eden-cn/lm_hz_ihsph/ljhwZthlaukjlkulzlp/portal/bigtts/avatar/%E6%92%92%E5%A8%87%E5%AD%A6%E5%A6%B9.png,https://lf3-static.bytednsdoc.com/obj/eden-cn/lm_hz_ihsph/ljhwZthlaukjlkulzlp/portal/bigtts/zh_female_sajiaoxuemei_uranus_bigtts.mp3,,,true,75
邻家女孩 2.0,软糯温柔的邻家女孩，低调内敛，耐心亲和,zh_female_linjianvhai_uranus_bigtts,female,,zh,通用场景,https://lf3-static.bytednsdoc.com/obj/eden-cn/lm_hz_ihsph/ljhwZthlaukjlkulzlp/portal/bigtts/avatar/%E9%82%BB%E5%AE%B6%E5%A5%B3%E5%AD%A9.png,https://lf3-static.bytednsdoc.com/obj/eden-cn/lm_hz_ihsph/ljhwZthlaukjlkulzlp/portal/bigtts/zh_female_linjianvhai_uranus_bigtts.mp3,,,true,76
暖阳女声 2.0,开朗温柔的客服，阳光热情，服务贴心细致,zh_female_kefunvsheng_uranus_bigtts,female,,zh,客服场景,https://lf3-static.bytednsdoc.com/obj/eden-cn/lm_hz_ihsph/ljhwZthlaukjlkulzlp/portal/bigtts/avatar/%E6%9A%96%E9%98%B3%E5%A5%B3%E5%A3%B0.png,https://lf3-static.bytednsdoc.com/obj/eden-cn/lm_hz_ihsph/ljhwZthlaukjlkulzlp/portal/bigtts/zh_female_kefunvsheng_uranus_bigtts.mp3,,,true,77
知性灿灿 2.0,语气温柔舒缓，软糯但有善解人意的治愈系少女音角色扮演,zh_female_cancan_uranus_bigtts,female,,zh,角色扮演,https://lf3-static.bytednsdoc.com/obj/eden-cn/lm_hz_ihsph/ljhwZthlaukjlkulzlp/portal/bigtts/avatar/%E7%81%BF%E7%81%BF.png,https://lf3-static.bytednsdoc.com/obj/eden-cn/lm_hz_ihsph/ljhwZthlaukjlkulzlp/portal/bigtts/zh_female_cancan_uranus_bigtts.mp3,,,true,78
儒雅逸辰 2.0,低沉优雅的稳重青年，温柔成熟，儒雅得体,zh_male_ruyayichen_uranus_bigtts,male,,zh,视频配音,https://lf3-static.bytednsdoc.com/obj/eden-cn/lm_hz_ihsph/ljhwZthlaukjlkulzlp/portal/bigtts/avatar/%E5%84%92%E9%9B%85%E9%80%B8%E8%BE%B0.png,https://lf3-static.bytednsdoc.com/obj/eden-cn/lm_hz_ihsph/ljhwZthlaukjlkulzlp/portal/bigtts/zh_male_ruyayichen_uranus_bigtts.mp3,,,true,79
流畅女声 2.0,温暖爽朗的小妹，阳光热情，性格直爽好相处,zh_female_liuchangnv_uranus_bigtts,female,,zh,视频配音,https://lf3-static.bytednsdoc.com/obj/eden-cn/lm_hz_ihsph/ljhwZthlaukjlkulzlp/portal/bigtts/avatar/%E6%B5%81%E7%95%85%E5%A5%B3%E5%A3%B0.png,https://lf3-static.bytednsdoc.com/obj/eden-cn/lm_hz_ihsph/ljhwZthlaukjlkulzlp/portal/bigtts/zh_female_liuchangnv_uranus_bigtts.mp3,,,true,80
鸡汤女 2.0,声音治愈的知心姐姐，温柔体贴，擅长倾听与理解,zh_female_jitangnv_uranus_bigtts,female,,zh,视频配音,https://lf3-static.bytednsdoc.com/obj/eden-cn/lm_hz_ihsph/ljhwZthlaukjlkulzlp/portal/bigtts/avatar/%E9%B8%A1%E6%B1%A4%E5%A5%B3.png,https://lf3-static.bytednsdoc.com/obj/eden-cn/lm_hz_ihsph/ljhwZthlaukjlkulzlp/portal/bigtts/zh_female_jitangnv_uranus_bigtts.mp3,,,true,81
黑猫侦探社咪仔 2.0,声线稳重优雅的知心姐姐，温暖亲和，善于陪伴,zh_female_mizai_uranus_bigtts,female,,zh,视频配音,https://lf3-static.bytednsdoc.com/obj/eden-cn/lm_hz_ihsph/ljhwZthlaukjlkulzlp/portal/bigtts/avatar/%E9%BB%91%E7%8C%AB%E4%BE%A6%E6%8E%A2%E7%A4%BE%E5%92%AA%E4%BB%94.png,https://lf3-static.bytednsdoc.com/obj/eden-cn/lm_hz_ihsph/ljhwZthlaukjlkulzlp/portal/bigtts/zh_female_mizai_uranus_bigtts.mp3,,,true,82
大壹 2.0,历经世事的沉稳大叔，果敢可靠，让人安心信赖,zh_male_dayi_uranus_bigtts,male,,zh,视频配音,https://lf3-static.bytednsdoc.com/obj/eden-cn/lm_hz_ihsph/ljhwZthlaukjlkulzlp/portal/bigtts/avatar/%E5%A4%A7%E5%A3%B9.png,https://lf3-static.bytednsdoc.com/obj/eden-cn/lm_hz_ihsph/ljhwZthlaukjlkulzlp/portal/bigtts/zh_male_dayi_uranus_bigtts.mp3,,,true,83
Tina老师 2.0,磁性知性的青年讲师，温柔耐心，专业靠谱教学场景,zh_female_yingyujiaoxue_uranus_bigtts,female,,zh,教育场景,https://lf3-static.bytednsdoc.com/obj/eden-cn/lm_hz_ihsph/ljhwZthlaukjlkulzlp/portal/bigtts/avatar/Tina%E8%80%81%E5%B8%88.png,https://lf3-static.bytednsdoc.com/obj/eden-cn/lm_hz_ihsph/ljhwZthlaukjlkulzlp/portal/bigtts/zh_female_yingyujiaoxue_uranus_bigtts.mp3,,,true,84
猴哥 2.0,傲娇不羁的猴哥，声线经典灵动，一秒梦回西游,zh_male_sunwukong_uranus_bigtts,male,,zh,视频配音,https://lf3-static.bytednsdoc.com/obj/eden-cn/lm_hz_ihsph/ljhwZthlaukjlkulzlp/portal/bigtts/avatar/%E7%8C%B4%E5%93%A5.png,https://lf3-static.bytednsdoc.com/obj/eden-cn/lm_hz_ihsph/ljhwZthlaukjlkulzlp/portal/bigtts/zh_male_sunwukong_uranus_bigtts.mp3,,,true,85
爽快思思 2.0,温暖直爽的邻家小妹，阳光热情，相处轻松自在,zh_female_shuangkuaisisi_uranus_bigtts,female,,zh,通用场景,https://lf3-static.bytednsdoc.com/obj/eden-cn/lm_hz_ihsph/ljhwZthlaukjlkulzlp/portal/bigtts/avatar/%E7%88%BD%E5%BF%AB%E6%80%9D%E6%80%9D.png,https://lf3-static.bytednsdoc.com/obj/eden-cn/lm_hz_ihsph/ljhwZthlaukjlkulzlp/portal/bigtts/zh_female_shuangkuaisisi_uranus_bigtts.mp3,,,true,86
甜美桃子 2.0,俏皮元气女生，开朗外向，自带活跃气氛的感染力,zh_female_tianmeitaozi_uranus_bigtts,female,,zh,通用场景,https://lf3-static.bytednsdoc.com/obj/eden-cn/lm_hz_ihsph/ljhwZthlaukjlkulzlp/portal/bigtts/avatar/%E7%94%9C%E7%BE%8E%E6%A1%83%E5%AD%90.png,https://lf3-static.bytednsdoc.com/obj/eden-cn/lm_hz_ihsph/ljhwZthlaukjlkulzlp/portal/bigtts/zh_female_tianmeitaozi_uranus_bigtts.mp3,,,true,87
清新女声 2.0,气质出众的旗袍美人兼职场精英，明媚大方，魅力十足,zh_female_qingxinnvsheng_uranus_bigtts,female,,zh,通用场景,https://lf3-static.bytednsdoc.com/obj/eden-cn/lm_hz_ihsph/ljhwZthlaukjlkulzlp/portal/bigtts/avatar/%E6%B8%85%E6%96%B0%E5%A5%B3%E5%A3%B0.png,https://lf3-static.bytednsdoc.com/obj/eden-cn/lm_hz_ihsph/ljhwZthlaukjlkulzlp/portal/bigtts/zh_female_qingxinnvsheng_uranus_bigtts.mp3,,,true,88
营销小楠 2.0,"偏低沉的暖女中音，气息稳、质感厚，讲起营销策略自带一种 她说的都对"" 的说服力。""",ICL_uranus_zh_female_yingxiaokefu_v2_tob,female,,zh,客服场景,https://lf3-static.bytednsdoc.com/obj/eden-cn/lm_hz_ihsph/ljhwZthlaukjlkulzlp/portal/bigtts/avatar/%E8%90%A5%E9%94%80%E5%B0%8F%E6%A5%A0%202.0.png,https://lf3-static.bytednsdoc.com/obj/eden-cn/lm_hz_ihsph/ljhwZthlaukjlkulzlp/portal/bigtts/ICL_uranus_zh_female_yingxiaokefu_v2_tob.mp3,,,true,89
外呼凌凌 2.0,语调舒缓、沉稳冷静的专业催收女声,ICL_uranus_zh_female_kefunvshengwenhecuishou_tob,female,,zh,客服场景,https://lf3-static.bytednsdoc.com/obj/eden-cn/lm_hz_ihsph/ljhwZthlaukjlkulzlp/portal/bigtts/avatar/%E5%A4%96%E5%91%BC%E5%87%8C%E5%87%8C%202.0.png,https://lf3-static.bytednsdoc.com/obj/eden-cn/lm_hz_ihsph/ljhwZthlaukjlkulzlp/portal/bigtts/audio/ICL_uranus_zh_female_kefunvshengwenhecuishou_tob.mp3,,,true,90
Guillem,随和开朗的男生，松弛自然，亲和力十足。有声阅读,es_male_guillem_uranus_bigtts,male,,es,,https://lf3-static.bytednsdoc.com/obj/eden-cn/lm_hz_ihsph/ljhwZthlaukjlkulzlp/portal/bigtts/avatar/Guillem_es_male_guillem_uranus_bigtts.png,https://lf3-static.bytednsdoc.com/obj/eden-cn/lm_hz_ihsph/ljhwZthlaukjlkulzlp/portal/bigtts/audio/es_male_guillem_uranus_bigtts.wav,,,true,91
Marisol,活泼热情的邻家姐姐，拉美西语发音，元气满满。,es_female_ht_mx_f6_uranus_bigtts,female,,es,,https://lf3-static.bytednsdoc.com/obj/eden-cn/lm_hz_ihsph/ljhwZthlaukjlkulzlp/portal/bigtts/avatar/Marisol_es_female_ht_mx_f6_uranus_bigtts.png,https://lf3-static.bytednsdoc.com/obj/eden-cn/lm_hz_ihsph/ljhwZthlaukjlkulzlp/portal/bigtts/audio/es_female_ht_mx_f6_uranus_bigtts.wav,,,true,92
正直青年 2.0,性格稳重的理想主义青年，天真刚正，很有原则角色扮演,ICL_uranus_zh_male_zhengzhiqingnian_tob,male,,zh,角色扮演,https://lf3-static.bytednsdoc.com/obj/eden-cn/lm_hz_ihsph/ljhwZthlaukjlkulzlp/portal/bigtts/avatar/%E6%AD%A3%E7%9B%B4%E9%9D%92%E5%B9%B4.png,https://lf3-static.bytednsdoc.com/obj/eden-cn/lm_hz_ihsph/ljhwZthlaukjlkulzlp/portal/bigtts/audio/ICL_uranus_zh_male_zhengzhiqingnian_tob.wav,,,true,93
优柔帮主 2.0,气泡音少帮主，性格优柔寡断，难下决定角色扮演,ICL_uranus_zh_male_youroubangzhu_tob,male,,zh,角色扮演,https://lf3-static.bytednsdoc.com/obj/eden-cn/lm_hz_ihsph/ljhwZthlaukjlkulzlp/portal/bigtts/avatar/%E4%BC%98%E6%9F%94%E5%B8%AE%E4%B8%BB.png,https://lf3-static.bytednsdoc.com/obj/eden-cn/lm_hz_ihsph/ljhwZthlaukjlkulzlp/portal/bigtts/audio/ICL_uranus_zh_male_youroubangzhu_tob.wav,,,true,94
潇洒随性 2.0,爽朗通透的自由派，洒脱豁达，陪你冲破束缚。角色扮演,ICL_uranus_zh_male_xiaosasuixing_tob,male,,zh,角色扮演,https://lf3-static.bytednsdoc.com/obj/eden-cn/lm_hz_ihsph/ljhwZthlaukjlkulzlp/portal/bigtts/avatar/%E6%BD%87%E6%B4%92%E9%9A%8F%E6%80%A7.png,https://lf3-static.bytednsdoc.com/obj/eden-cn/lm_hz_ihsph/ljhwZthlaukjlkulzlp/portal/bigtts/audio/ICL_uranus_zh_male_xiaosasuixing_tob.wav,,,true,95
率真小伙 2.0,暴躁心软的男生，率真坦诚，为人仗义，充满活力。,ICL_uranus_zh_male_shuaizhenxiaohuo_tob,male,,zh,通用场景,https://lf3-static.bytednsdoc.com/obj/eden-cn/lm_hz_ihsph/ljhwZthlaukjlkulzlp/portal/bigtts/avatar/%E7%8E%87%E7%9C%9F%E5%B0%8F%E4%BC%99.png,https://lf3-static.bytednsdoc.com/obj/eden-cn/lm_hz_ihsph/ljhwZthlaukjlkulzlp/portal/bigtts/audio/ICL_uranus_zh_male_shuaizhenxiaohuo_tob.wav,,,true,96
撒娇粘人 2.0,温柔羞怯的小奶狗，天真细腻，会默默照顾人角色扮演,ICL_uranus_zh_male_sajiaonianren_tob,male,,zh,角色扮演,https://lf3-static.bytednsdoc.com/obj/eden-cn/lm_hz_ihsph/ljhwZthlaukjlkulzlp/portal/bigtts/avatar/%E6%92%92%E5%A8%87%E7%B2%98%E4%BA%BA.png,https://lf3-static.bytednsdoc.com/obj/eden-cn/lm_hz_ihsph/ljhwZthlaukjlkulzlp/portal/bigtts/audio/ICL_uranus_zh_male_sajiaonianren_tob.wav,,,true,97
儒雅才俊 2.0,稳重儒雅大叔，温润谦虚，待人平和有礼角色扮演,ICL_uranus_zh_male_ruyacaijun_tob,male,,zh,角色扮演,https://lf3-static.bytednsdoc.com/obj/eden-cn/lm_hz_ihsph/ljhwZthlaukjlkulzlp/portal/bigtts/avatar/%E5%84%92%E9%9B%85%E6%89%8D%E4%BF%8A.png,https://lf3-static.bytednsdoc.com/obj/eden-cn/lm_hz_ihsph/ljhwZthlaukjlkulzlp/portal/bigtts/audio/ICL_uranus_zh_male_ruyacaijun_tob.wav,,,true,98
青涩小生 2.0,稚气未脱少年郎，赤诚热忱，温暖明亮角色扮演,ICL_uranus_zh_male_qingsexiaosheng_tob,male,,zh,角色扮演,https://lf3-static.bytednsdoc.com/obj/eden-cn/lm_hz_ihsph/ljhwZthlaukjlkulzlp/portal/bigtts/avatar/%E9%9D%92%E6%B6%A9%E5%B0%8F%E7%94%9F.png,https://lf3-static.bytednsdoc.com/obj/eden-cn/lm_hz_ihsph/ljhwZthlaukjlkulzlp/portal/bigtts/audio/ICL_uranus_zh_male_qingsexiaosheng_tob.wav,,,true,99
暖心体贴 2.0,温柔的帅气男生，细腻体贴，待人真挚。,ICL_uranus_zh_male_nuanxintitie_tob,male,,zh,通用场景,https://lf3-static.bytednsdoc.com/obj/eden-cn/lm_hz_ihsph/ljhwZthlaukjlkulzlp/portal/bigtts/avatar/%E6%9A%96%E5%BF%83%E4%BD%93%E8%B4%B4.png,https://lf3-static.bytednsdoc.com/obj/eden-cn/lm_hz_ihsph/ljhwZthlaukjlkulzlp/portal/bigtts/audio/ICL_uranus_zh_male_nuanxintitie_tob.wav,,,true,100
绿茶小哥 2.0,温柔呆萌的绿茶男，表面无害内心深沉，善于伪装角色扮演,ICL_uranus_zh_male_lvchaxiaoge_tob,male,,zh,角色扮演,https://lf3-static.bytednsdoc.com/obj/eden-cn/lm_hz_ihsph/ljhwZthlaukjlkulzlp/portal/bigtts/avatar/%E7%BB%BF%E8%8C%B6%E5%B0%8F%E5%93%A5.png,https://lf3-static.bytednsdoc.com/obj/eden-cn/lm_hz_ihsph/ljhwZthlaukjlkulzlp/portal/bigtts/audio/ICL_uranus_zh_male_lvchaxiaoge_tob.wav,,,true,101
冷淡疏离 2.0,高冷的冰山青年，孤傲淡漠，自带疏离感，生人勿近角色扮演,ICL_uranus_zh_male_lengdanshuli_tob,male,,zh,角色扮演,https://lf3-static.bytednsdoc.com/obj/eden-cn/lm_hz_ihsph/ljhwZthlaukjlkulzlp/portal/bigtts/avatar/%E5%86%B7%E6%B7%A1%E7%96%8F%E7%A6%BB.png,https://lf3-static.bytednsdoc.com/obj/eden-cn/lm_hz_ihsph/ljhwZthlaukjlkulzlp/portal/bigtts/audio/ICL_uranus_zh_male_lengdanshuli_tob.wav,,,true,102
开朗轻快 2.0,充满活力的新时代打工人，开朗乐观，豁达通透。,ICL_uranus_zh_male_kailangqingkuai_tob,male,,zh,通用场景,https://lf3-static.bytednsdoc.com/obj/eden-cn/lm_hz_ihsph/ljhwZthlaukjlkulzlp/portal/bigtts/avatar/%E5%BC%80%E6%9C%97%E8%BD%BB%E5%BF%AB.png,https://lf3-static.bytednsdoc.com/obj/eden-cn/lm_hz_ihsph/ljhwZthlaukjlkulzlp/portal/bigtts/audio/ICL_uranus_zh_male_kailangqingkuai_tob.wav,,,true,103
活泼爽朗 2.0,阳光帅气的男生，性格热情豁达，做事直率真诚有担当。,ICL_uranus_zh_male_huoposhuanglang_tob,male,,zh,通用场景,https://lf3-static.bytednsdoc.com/obj/eden-cn/lm_hz_ihsph/ljhwZthlaukjlkulzlp/portal/bigtts/avatar/%E6%B4%BB%E6%B3%BC%E7%88%BD%E6%9C%97.png,https://lf3-static.bytednsdoc.com/obj/eden-cn/lm_hz_ihsph/ljhwZthlaukjlkulzlp/portal/bigtts/audio/ICL_uranus_zh_male_huoposhuanglang_tob.wav,,,true,104
憨厚敦实 2.0,呆萌喜感的憨厚大哥，质朴又善良，有亲和力角色扮演,ICL_uranus_zh_male_hanhoudunshi_tob,male,,zh,角色扮演,https://lf3-static.bytednsdoc.com/obj/eden-cn/lm_hz_ihsph/ljhwZthlaukjlkulzlp/portal/bigtts/avatar/%E6%86%A8%E5%8E%9A%E6%95%A6%E5%AE%9E.png,https://lf3-static.bytednsdoc.com/obj/eden-cn/lm_hz_ihsph/ljhwZthlaukjlkulzlp/portal/bigtts/audio/ICL_uranus_zh_male_hanhoudunshi_tob.wav,,,true,105
固执病娇 2.0,腹黑的病娇男主，偏执乖戾，占有欲强角色扮演,ICL_uranus_zh_male_guzhibingjiao_tob,male,,zh,角色扮演,https://lf3-static.bytednsdoc.com/obj/eden-cn/lm_hz_ihsph/ljhwZthlaukjlkulzlp/portal/bigtts/avatar/%E5%9B%BA%E6%89%A7%E7%97%85%E5%A8%87.png,https://lf3-static.bytednsdoc.com/obj/eden-cn/lm_hz_ihsph/ljhwZthlaukjlkulzlp/portal/bigtts/audio/ICL_uranus_zh_male_guzhibingjiao_tob.wav,,,true,106
诡异神秘 2.0,诡异神秘的大叔，气质沧桑，自带压迫感角色扮演,ICL_uranus_zh_male_guiyishenmi_tob,male,,zh,角色扮演,https://lf3-static.bytednsdoc.com/obj/eden-cn/lm_hz_ihsph/ljhwZthlaukjlkulzlp/portal/bigtts/avatar/%E8%AF%A1%E5%BC%82%E7%A5%9E%E7%A7%98.png,https://lf3-static.bytednsdoc.com/obj/eden-cn/lm_hz_ihsph/ljhwZthlaukjlkulzlp/portal/bigtts/audio/ICL_uranus_zh_male_guiyishenmi_tob.wav,,,true,107
腹黑公子 2.0,高冷腹黑的俊朗公子，为人老成，城府极深角色扮演,ICL_uranus_zh_male_fuheigongzi_tob,male,,zh,"角色扮演,S2S-SC",https://lf3-static.bytednsdoc.com/obj/eden-cn/lm_hz_ihsph/ljhwZthlaukjlkulzlp/portal/bigtts/avatar/%E8%85%B9%E9%BB%91%E5%85%AC%E5%AD%90.png,https://lf3-static.bytednsdoc.com/obj/eden-cn/lm_hz_ihsph/ljhwZthlaukjlkulzlp/portal/bigtts/audio/ICL_uranus_zh_male_fuheigongzi_tob.wav,,,true,108
病娇白莲 2.0,有点偏执的白月光男生，高颜值腹黑帅哥角色扮演,ICL_uranus_zh_male_bingjiaobailian_tob,male,,zh,"角色扮演,S2S-SC",https://lf3-static.bytednsdoc.com/obj/eden-cn/lm_hz_ihsph/ljhwZthlaukjlkulzlp/portal/bigtts/avatar/%E7%97%85%E5%A8%87%E7%99%BD%E8%8E%B2.png,https://lf3-static.bytednsdoc.com/obj/eden-cn/lm_hz_ihsph/ljhwZthlaukjlkulzlp/portal/bigtts/audio/ICL_uranus_zh_male_bingjiaobailian_tob.wav,,,true,109
枕边低语 2.0,温暖深沉的帅气青年，温柔细心又沉稳可靠角色扮演,ICL_uranus_zh_male_zhenbiandiyu_tob,male,,zh,角色扮演,https://lf3-static.bytednsdoc.com/obj/eden-cn/lm_hz_ihsph/ljhwZthlaukjlkulzlp/portal/bigtts/avatar/%E6%9E%95%E8%BE%B9%E4%BD%8E%E8%AF%AD.png,https://lf3-static.bytednsdoc.com/obj/eden-cn/lm_hz_ihsph/ljhwZthlaukjlkulzlp/portal/bigtts/audio/ICL_uranus_zh_male_zhenbiandiyu_tob.wav,,,true,110
傲气凌人 2.0,腹黑酷拽的男三号，倨傲无礼，行事残暴角色扮演,ICL_uranus_zh_male_aoqilingren_tob,male,,zh,"角色扮演,S2S-SC",https://lf3-static.bytednsdoc.com/obj/eden-cn/lm_hz_ihsph/ljhwZthlaukjlkulzlp/portal/bigtts/avatar/%E5%82%B2%E6%B0%94%E5%87%8C%E4%BA%BA.png,https://lf3-static.bytednsdoc.com/obj/eden-cn/lm_hz_ihsph/ljhwZthlaukjlkulzlp/portal/bigtts/audio/ICL_uranus_zh_male_aoqilingren_tob.wav,,,true,111
知性温婉 2.0,秀外慧中的美女姐姐，性格恬静淡然，心思细腻真挚。,ICL_uranus_zh_female_zhixingwenwan_tob,female,,zh,通用场景,https://lf3-static.bytednsdoc.com/obj/eden-cn/lm_hz_ihsph/ljhwZthlaukjlkulzlp/portal/bigtts/avatar/%E7%9F%A5%E6%80%A7%E6%B8%A9%E5%A9%89.png,https://lf3-static.bytednsdoc.com/obj/eden-cn/lm_hz_ihsph/ljhwZthlaukjlkulzlp/portal/bigtts/audio/ICL_uranus_zh_female_zhixingwenwan_tob.wav,,,true,112
温柔文雅 2.0,儒雅古风大小姐，温婉柔和，举手投足尽显典雅。角色扮演,ICL_uranus_zh_female_wenrouwenya_tob,female,,zh,"通用场景,S2S-SC",https://lf3-static.bytednsdoc.com/obj/eden-cn/lm_hz_ihsph/ljhwZthlaukjlkulzlp/portal/bigtts/avatar/%E6%B8%A9%E6%9F%94%E6%96%87%E9%9B%85.png,https://lf3-static.bytednsdoc.com/obj/eden-cn/lm_hz_ihsph/ljhwZthlaukjlkulzlp/portal/bigtts/audio/ICL_uranus_zh_female_wenrouwenya_tob.wav,,,true,113
温柔女神 2.0,声线知性温柔的女神，气质温婉动人，温暖知性。,ICL_uranus_zh_female_wenrounvshen_tob,female,,zh,通用场景,https://lf3-static.bytednsdoc.com/obj/eden-cn/lm_hz_ihsph/ljhwZthlaukjlkulzlp/portal/bigtts/avatar/%E6%B8%A9%E6%9F%94%E5%A5%B3%E7%A5%9E.png,https://lf3-static.bytednsdoc.com/obj/eden-cn/lm_hz_ihsph/ljhwZthlaukjlkulzlp/portal/bigtts/audio/ICL_uranus_zh_female_wenrounvshen_tob.wav,,,true,114
甜美活泼 2.0,声线清甜灵动的少女，活泼乐观，充满治愈。角色扮演,ICL_uranus_zh_female_tianmeihuopo_tob,female,,zh,角色扮演,https://lf3-static.bytednsdoc.com/obj/eden-cn/lm_hz_ihsph/ljhwZthlaukjlkulzlp/portal/bigtts/avatar/%E7%94%9C%E7%BE%8E%E6%B4%BB%E6%B3%BC%202.0.png,https://lf3-static.bytednsdoc.com/obj/eden-cn/lm_hz_ihsph/ljhwZthlaukjlkulzlp/portal/bigtts/audio/ICL_uranus_zh_female_tianmeihuopo_tob.wav,,,true,115
柔骨魂师 2.0,柔骨铮铮的魂师，专情柔韧，只对你不设防。角色扮演,ICL_uranus_zh_female_rouguhunshi_tob,female,,zh,角色扮演,https://lf3-static.bytednsdoc.com/obj/eden-cn/lm_hz_ihsph/ljhwZthlaukjlkulzlp/portal/bigtts/avatar/%E6%9F%94%E9%AA%A8%E9%AD%82%E5%B8%88%202.0.png,https://lf3-static.bytednsdoc.com/obj/eden-cn/lm_hz_ihsph/ljhwZthlaukjlkulzlp/portal/bigtts/audio/ICL_uranus_zh_female_rouguhunshi_tob.wav,,,true,116
暖心学姐 2.0,温暖明亮的知性学姐，阳光热情，坦诚直率角色扮演,ICL_uranus_zh_female_nuanxinxuejie_tob,female,,zh,"角色扮演,S2S-SC",https://lf3-static.bytednsdoc.com/obj/eden-cn/lm_hz_ihsph/ljhwZthlaukjlkulzlp/portal/bigtts/avatar/%E6%9A%96%E5%BF%83%E5%AD%A6%E5%A7%90.png,https://lf3-static.bytednsdoc.com/obj/eden-cn/lm_hz_ihsph/ljhwZthlaukjlkulzlp/portal/bigtts/audio/ICL_uranus_zh_female_nuanxinxuejie_tob.wav,,,true,117
可爱女生 2.0,甜美的漫画少女，天真活泼，满是热情角色扮演,ICL_uranus_zh_female_keainvsheng_tob,female,,zh,"角色扮演,S2S-SC",https://lf3-static.bytednsdoc.com/obj/eden-cn/lm_hz_ihsph/ljhwZthlaukjlkulzlp/portal/bigtts/avatar/%E5%8F%AF%E7%88%B1%E5%A5%B3%E7%94%9F.png,https://lf3-static.bytednsdoc.com/obj/eden-cn/lm_hz_ihsph/ljhwZthlaukjlkulzlp/portal/bigtts/audio/ICL_uranus_zh_female_keainvsheng_tob.wav,,,true,118
娇憨女王 2.0,腹黑性感女王，又是傲娇任性的笨蛋美人，很有反差感角色扮演,ICL_uranus_zh_female_jiaohannvwang_tob,female,,zh,角色扮演,https://lf3-static.bytednsdoc.com/obj/eden-cn/lm_hz_ihsph/ljhwZthlaukjlkulzlp/portal/bigtts/avatar/%E5%A8%87%E6%86%A8%E5%A5%B3%E7%8E%8B.png,https://lf3-static.bytednsdoc.com/obj/eden-cn/lm_hz_ihsph/ljhwZthlaukjlkulzlp/portal/bigtts/audio/ICL_uranus_zh_female_jiaohannvwang_tob.wav,,,true,119
活泼刁蛮 2.0,傲娇酷拽的小公主，明眸皓齿，天真灵动角色扮演,ICL_uranus_zh_female_huopodiaoman_tob,female,,zh,角色扮演,https://lf3-static.bytednsdoc.com/obj/eden-cn/lm_hz_ihsph/ljhwZthlaukjlkulzlp/portal/bigtts/avatar/%E6%B4%BB%E6%B3%BC%E5%88%81%E8%9B%AE.png,https://lf3-static.bytednsdoc.com/obj/eden-cn/lm_hz_ihsph/ljhwZthlaukjlkulzlp/portal/bigtts/audio/ICL_uranus_zh_female_huopodiaoman_tob.wav,,,true,120
成熟温柔 2.0,声线温润成熟的陪伴者，温柔有魅力。角色扮演,ICL_uranus_zh_female_chengshuwenrou_tob,female,,zh,角色扮演,https://lf3-static.bytednsdoc.com/obj/eden-cn/lm_hz_ihsph/ljhwZthlaukjlkulzlp/portal/bigtts/avatar/%E6%88%90%E7%86%9F%E6%B8%A9%E6%9F%94%202.0.png,https://lf3-static.bytednsdoc.com/obj/eden-cn/lm_hz_ihsph/ljhwZthlaukjlkulzlp/portal/bigtts/audio/ICL_uranus_zh_female_chengshuwenrou_tob.wav,,,true,121
病娇萌妹 2.0,破碎感美人，偏执但纯真呆萌，惹人怜惜角色扮演,ICL_uranus_zh_female_bingjiaomengmei_tob,female,,zh,角色扮演,https://lf3-static.bytednsdoc.com/obj/eden-cn/lm_hz_ihsph/ljhwZthlaukjlkulzlp/portal/bigtts/avatar/%E7%97%85%E5%A8%87%E8%90%8C%E5%A6%B9.png,https://lf3-static.bytednsdoc.com/obj/eden-cn/lm_hz_ihsph/ljhwZthlaukjlkulzlp/portal/bigtts/audio/ICL_uranus_zh_female_bingjiaomengmei_tob.wav,,,true,122
傲慢娇声 2.0,腹黑傲娇的大小姐，娇气自满，自带优越感角色扮演,ICL_uranus_zh_female_aomanjiaosheng_tob,female,,zh,角色扮演,https://lf3-static.bytednsdoc.com/obj/eden-cn/lm_hz_ihsph/ljhwZthlaukjlkulzlp/portal/bigtts/avatar/%E5%82%B2%E6%85%A2%E5%A8%87%E5%A3%B0.png,https://lf3-static.bytednsdoc.com/obj/eden-cn/lm_hz_ihsph/ljhwZthlaukjlkulzlp/portal/bigtts/audio/ICL_uranus_zh_female_aomanjiaosheng_tob.wav,,,true,123
调皮公主 2.0,娇俏公主，古灵精怪，偶尔娇气带点小自大角色扮演,ICL_uranus_zh_female_tiaopigongzhu_tob,female,,zh,角色扮演,https://lf3-static.bytednsdoc.com/obj/eden-cn/lm_hz_ihsph/ljhwZthlaukjlkulzlp/portal/bigtts/avatar/%E8%B0%83%E7%9A%AE%E5%85%AC%E4%B8%BB.png,https://lf3-static.bytednsdoc.com/obj/eden-cn/lm_hz_ihsph/ljhwZthlaukjlkulzlp/portal/bigtts/audio/ICL_uranus_zh_female_tiaopigongzhu_tob.wav,,,true,124
Big Boogie 2.0,声音沙哑浑厚的爷爷，从容有气度，擅长英语外语音色,ICL_uranus_en_male_big_boogie_tob,male,,en,外语音色,https://lf3-static.bytednsdoc.com/obj/eden-cn/lm_hz_ihsph/ljhwZthlaukjlkulzlp/portal/bigtts/avatar/Big%20Boogie.png,https://lf3-static.bytednsdoc.com/obj/eden-cn/lm_hz_ihsph/ljhwZthlaukjlkulzlp/portal/bigtts/audio/ICL_uranus_en_male_big_boogie_tob.wav,,,true,125
Michael 2.0,平易近人的学长，温暖亲切，待人真诚，擅长英语外语音色,ICL_uranus_en_male_michael_tob,male,,en,外语音色,https://lf3-static.bytednsdoc.com/obj/eden-cn/lm_hz_ihsph/ljhwZthlaukjlkulzlp/portal/bigtts/avatar/Michael.png,https://lf3-static.bytednsdoc.com/obj/eden-cn/lm_hz_ihsph/ljhwZthlaukjlkulzlp/portal/bigtts/audio/ICL_uranus_en_male_michael_tob.wav,,,true,126
Kevin McCallister 2.0,可爱乖巧的萌娃，说话干净软糯，擅长英语外语音色,ICL_uranus_en_male_kevin_mccallister_tob,male,,en,外语音色,https://lf3-static.bytednsdoc.com/obj/eden-cn/lm_hz_ihsph/ljhwZthlaukjlkulzlp/portal/bigtts/avatar/Kevin%20McCallister.png,https://lf3-static.bytednsdoc.com/obj/eden-cn/lm_hz_ihsph/ljhwZthlaukjlkulzlp/portal/bigtts/audio/ICL_uranus_en_male_kevin_mccallister_tob.wav,,,true,127
The Grinch 2.0,声音磁性的成熟大叔，沉稳直率，擅长英语外语音色,ICL_uranus_en_male_the_grinch_tob,male,,en,外语音色,https://lf3-static.bytednsdoc.com/obj/eden-cn/lm_hz_ihsph/ljhwZthlaukjlkulzlp/portal/bigtts/avatar/The%20Grinch.png,https://lf3-static.bytednsdoc.com/obj/eden-cn/lm_hz_ihsph/ljhwZthlaukjlkulzlp/portal/bigtts/audio/ICL_uranus_en_male_the_grinch_tob.wav,,,true,128
Frosty Man 2.0,低沉浑厚的儒雅大叔，温柔亲切，擅长英语外语音色,ICL_uranus_en_male_frosty_man_tob,male,,en,外语音色,https://lf3-static.bytednsdoc.com/obj/eden-cn/lm_hz_ihsph/ljhwZthlaukjlkulzlp/portal/bigtts/avatar/Frosty%20Man.png,https://lf3-static.bytednsdoc.com/obj/eden-cn/lm_hz_ihsph/ljhwZthlaukjlkulzlp/portal/bigtts/audio/ICL_uranus_en_male_frosty_man_tob.wav,,,true,129
Iris,紧张惶恐的清纯女生，情绪脆弱，心思敏感。�,th_female_bv568_fear_uranus_bigtts,female,,th,,https://lf3-static.bytednsdoc.com/obj/eden-cn/lm_hz_ihsph/ljhwZthlaukjlkulzlp/portal/bigtts/avatar/Iris_th_female_bv568_fear_uranus_bigtts.png,https://lf3-static.bytednsdoc.com/obj/eden-cn/lm_hz_ihsph/ljhwZthlaukjlkulzlp/portal/bigtts/audio/th_female_bv568_fear_uranus_bigtts.wav,,,true,130
Ksenia,带俄语口音的青年女声，充满活力与亲和力，交流感十足。,ru_female_sophie_uranus_bigtts,female,,ru,,https://lf3-static.bytednsdoc.com/obj/eden-cn/lm_hz_ihsph/ljhwZthlaukjlkulzlp/portal/bigtts/avatar/Ksenia_ru_female_sophie_uranus_bigtts.png,https://lf3-static.bytednsdoc.com/obj/eden-cn/lm_hz_ihsph/ljhwZthlaukjlkulzlp/portal/bigtts/audio/ru_female_sophie_uranus_bigtts.wav,,,true,131
Amelia,温柔亲切的女生，善解人意，落落大方,ru_female_af07_uranus_bigtts,female,,ru,,https://lf3-static.bytednsdoc.com/obj/eden-cn/lm_hz_ihsph/ljhwZthlaukjlkulzlp/portal/bigtts/avatar/Amelia_ru_female_af07_uranus_bigtts.png,https://lf3-static.bytednsdoc.com/obj/eden-cn/lm_hz_ihsph/ljhwZthlaukjlkulzlp/portal/bigtts/audio/ru_female_af07_uranus_bigtts.wav,,,true,132
Arthur,理智客观的中年男声，行事稳重可靠。教学场景,pt_male_bv531_uranus_bigtts,male,,pt,,https://lf3-static.bytednsdoc.com/obj/eden-cn/lm_hz_ihsph/ljhwZthlaukjlkulzlp/portal/bigtts/avatar/Arthur_pt_male_bv531_uranus_bigtts.png,https://lf3-static.bytednsdoc.com/obj/eden-cn/lm_hz_ihsph/ljhwZthlaukjlkulzlp/portal/bigtts/audio/pt_male_bv531_uranus_bigtts.wav,,,true,133
Felipe,热情机敏的开朗男生，善于营造悬念氛围。��有声阅读,mx_male_felipe_uranus_bigtts,male,,mx,,https://lf3-static.bytednsdoc.com/obj/eden-cn/lm_hz_ihsph/ljhwZthlaukjlkulzlp/portal/bigtts/avatar/Felipe_mx_male_felipe_uranus_bigtts.png,https://lf3-static.bytednsdoc.com/obj/eden-cn/lm_hz_ihsph/ljhwZthlaukjlkulzlp/portal/bigtts/audio/mx_male_felipe_uranus_bigtts.wav,,,true,134
Rosa,情绪浓烈、戏剧张力十足的女生，表现力饱满。��,mx_female_bv166emotion_uranus_bigtts,female,,mx,,https://lf3-static.bytednsdoc.com/obj/eden-cn/lm_hz_ihsph/ljhwZthlaukjlkulzlp/portal/bigtts/avatar/Rosa_mx_female_bv166emotion_uranus_bigtts.png,https://lf3-static.bytednsdoc.com/obj/eden-cn/lm_hz_ihsph/ljhwZthlaukjlkulzlp/portal/bigtts/audio/mx_female_bv166emotion_uranus_bigtts.wav,,,true,135
Irene,冷静客观的干练女生，做事干练且条理分明。��教学场景,mx_female_bv065_uranus_bigtts,female,,mx,,https://lf3-static.bytednsdoc.com/obj/eden-cn/lm_hz_ihsph/ljhwZthlaukjlkulzlp/portal/bigtts/avatar/Irene_mx_female_bv065_uranus_bigtts.png,https://lf3-static.bytednsdoc.com/obj/eden-cn/lm_hz_ihsph/ljhwZthlaukjlkulzlp/portal/bigtts/audio/mx_female_bv065_uranus_bigtts.wav,,,true,136
Minho,标准韩语男解说，专业性强，声线磁性、语调沉稳。,ko_male_m03_uranus_bigtts,male,,ko,,https://lf3-static.bytednsdoc.com/obj/eden-cn/lm_hz_ihsph/ljhwZthlaukjlkulzlp/portal/bigtts/avatar/Minho_ko_male_m03_uranus_bigtts.png,https://lf3-static.bytednsdoc.com/obj/eden-cn/lm_hz_ihsph/ljhwZthlaukjlkulzlp/portal/bigtts/audio/ko_male_m03_uranus_bigtts.wav,,,true,137
Jay,爽朗的男生，韩式生活化演绎风格，情绪饱满、表达自然。,ko_male_bv545_uranus_bigtts,male,,ko,,https://lf3-static.bytednsdoc.com/obj/eden-cn/lm_hz_ihsph/ljhwZthlaukjlkulzlp/portal/bigtts/avatar/Jay_ko_male_bv545_uranus_bigtts.png,https://lf3-static.bytednsdoc.com/obj/eden-cn/lm_hz_ihsph/ljhwZthlaukjlkulzlp/portal/bigtts/audio/ko_male_bv545_uranus_bigtts.wav,,,true,138
Bonnie,温婉柔和的女大学生，待人友善，语气随和不生分。,ja_female_bv024_uranus_bigtts,female,,ja,,https://lf3-static.bytednsdoc.com/obj/eden-cn/lm_hz_ihsph/ljhwZthlaukjlkulzlp/portal/bigtts/avatar/Bonnie_ja_female_bv024_uranus_bigtts.png,https://lf3-static.bytednsdoc.com/obj/eden-cn/lm_hz_ihsph/ljhwZthlaukjlkulzlp/portal/bigtts/audio/ja_female_bv024_uranus_bigtts.wav,,,true,139
Chloe,元气活泼的女生，气韵灵动雅致。�,id_female_f20_uranus_bigtts,female,,id,,https://lf3-static.bytednsdoc.com/obj/eden-cn/lm_hz_ihsph/ljhwZthlaukjlkulzlp/portal/bigtts/avatar/Chloe_id_female_f20_uranus_bigtts.png,https://lf3-static.bytednsdoc.com/obj/eden-cn/lm_hz_ihsph/ljhwZthlaukjlkulzlp/portal/bigtts/audio/id_female_f20_uranus_bigtts.wav,,,true,140
Elian,温润儒雅的男生，声线柔和，戏剧演绎风格明显。�,id_male_bv164dialogue_uranus_bigtts,male,,id,,https://lf3-static.bytednsdoc.com/obj/eden-cn/lm_hz_ihsph/ljhwZthlaukjlkulzlp/portal/bigtts/avatar/Elian_id_male_bv164dialogue_uranus_bigtts.png,https://lf3-static.bytednsdoc.com/obj/eden-cn/lm_hz_ihsph/ljhwZthlaukjlkulzlp/portal/bigtts/audio/id_male_bv164dialogue_uranus_bigtts.wav,,,true,141
Usseau,内敛沉稳的男生，声线低沉，语速舒缓且态度冷静,fr_male_usseau_uranus_bigtts,male,,fr,,https://lf3-static.bytednsdoc.com/obj/eden-cn/lm_hz_ihsph/ljhwZthlaukjlkulzlp/portal/bigtts/avatar/Usseau_fr_male_usseau_uranus_bigtts.png,https://lf3-static.bytednsdoc.com/obj/eden-cn/lm_hz_ihsph/ljhwZthlaukjlkulzlp/portal/bigtts/audio/fr_male_usseau_uranus_bigtts.wav,,,true,142
Dani,热情健谈的大叔，欧洲西语发音，叙事流畅富有魅力,es_male_dani_uranus_bigtts,male,,es,,https://lf3-static.bytednsdoc.com/obj/eden-cn/lm_hz_ihsph/ljhwZthlaukjlkulzlp/portal/bigtts/avatar/Dani_es_male_dani_uranus_bigtts.png,https://lf3-static.bytednsdoc.com/obj/eden-cn/lm_hz_ihsph/ljhwZthlaukjlkulzlp/portal/bigtts/audio/es_male_dani_uranus_bigtts.wav,,,true,143
Youssef,谈吐平和、娓娓交谈的中青年男性�有声阅读,ar_male_youssef_uranus_bigtts,male,,ar,,https://lf3-static.bytednsdoc.com/obj/eden-cn/lm_hz_ihsph/ljhwZthlaukjlkulzlp/portal/bigtts/avatar/Youssef_ar_male_youssef_uranus_bigtts.png,https://lf3-static.bytednsdoc.com/obj/eden-cn/lm_hz_ihsph/ljhwZthlaukjlkulzlp/portal/bigtts/audio/ar_male_youssef_uranus_bigtts.wav,,,true,144
Dina,热情鲜活、熟稔本土风情的埃及女性�,ar_female_dina_uranus_bigtts,female,,ar,,https://lf3-static.bytednsdoc.com/obj/eden-cn/lm_hz_ihsph/ljhwZthlaukjlkulzlp/portal/bigtts/avatar/Dina_ar_female_dina_uranus_bigtts.png,https://lf3-static.bytednsdoc.com/obj/eden-cn/lm_hz_ihsph/ljhwZthlaukjlkulzlp/portal/bigtts/audio/ar_female_dina_uranus_bigtts.wav,,,true,145
高冷沉稳 2.0,声线清冷、语调平缓，冷静克制的成熟男声有声阅读,zh_male_gaolengchenwen_uranus_bigtts,male,,zh,通用场景,https://lf3-static.bytednsdoc.com/obj/eden-cn/lm_hz_ihsph/ljhwZthlaukjlkulzlp/portal/bigtts/avatar/%E9%AB%98%E5%86%B7%E6%B2%89%E7%A8%B3%202.0.png,https://lf3-static.bytednsdoc.com/obj/eden-cn/lm_hz_ihsph/ljhwZthlaukjlkulzlp/portal/bigtts/zh_male_gaolengchenwen_uranus_bigtts.mp3,,,true,146
Enzo,心态从容的男生，有主见，处事淡定。,it_male_enzo_uranus_bigtts,male,,it,,https://lf3-static.bytednsdoc.com/obj/eden-cn/lm_hz_ihsph/ljhwZthlaukjlkulzlp/portal/bigtts/avatar/Enzo_it_male_enzo_uranus_bigtts.png,https://lf3-static.bytednsdoc.com/obj/eden-cn/lm_hz_ihsph/ljhwZthlaukjlkulzlp/portal/bigtts/audio/it_male_enzo_uranus_bigtts.wav,,,true,147
Wumg,待人谦和有耐心的男生，严谨细致。�,vi_male_wumg_uranus_bigtts,male,,vi,,https://lf3-static.bytednsdoc.com/obj/eden-cn/lm_hz_ihsph/ljhwZthlaukjlkulzlp/portal/bigtts/avatar/Wumg_vi_male_wumg_uranus_bigtts.png,https://lf3-static.bytednsdoc.com/obj/eden-cn/lm_hz_ihsph/ljhwZthlaukjlkulzlp/portal/bigtts/audio/vi_male_wumg_uranus_bigtts.wav,,,true,148
vi_female_wu_uranus_bigtts,,vi_female_wu_uranus_bigtts,female,,vi,,https://lf3-static.bytednsdoc.com/obj/eden-cn/lm_hz_ihsph/ljhwZthlaukjlkulzlp/portal/bigtts/avatar/Wu_vi_female_wu_uranus_bigtts.png,https://lf3-static.bytednsdoc.com/obj/eden-cn/lm_hz_ihsph/ljhwZthlaukjlkulzlp/portal/bigtts/audio/vi_female_wu_uranus_bigtts.wav,,,true,149
Ruan,处事沉稳有度的女生，思路清晰，端庄大气。�,vi_female_ruan_uranus_bigtts,female,,vi,,https://lf3-static.bytednsdoc.com/obj/eden-cn/lm_hz_ihsph/ljhwZthlaukjlkulzlp/portal/bigtts/avatar/Ruan_vi_female_ruan_uranus_bigtts.png,https://lf3-static.bytednsdoc.com/obj/eden-cn/lm_hz_ihsph/ljhwZthlaukjlkulzlp/portal/bigtts/audio/vi_female_ruan_uranus_bigtts.wav,,,true,150
Partner,情绪热烈饱满的女生，充满青春活力。�,vi_female_partner_uranus_bigtts,female,,vi,,https://lf3-static.bytednsdoc.com/obj/eden-cn/lm_hz_ihsph/ljhwZthlaukjlkulzlp/portal/bigtts/avatar/Partner_vi_female_partner_uranus_bigtts.png,https://lf3-static.bytednsdoc.com/obj/eden-cn/lm_hz_ihsph/ljhwZthlaukjlkulzlp/portal/bigtts/audio/vi_female_partner_uranus_bigtts.wav,,,true,151
Linh,直爽坦荡能量十足的女生，表达干脆利落。�,vi_female_linh_uranus_bigtts,female,,vi,,https://lf3-static.bytednsdoc.com/obj/eden-cn/lm_hz_ihsph/ljhwZthlaukjlkulzlp/portal/bigtts/avatar/Linh_vi_female_linh_uranus_bigtts.png,https://lf3-static.bytednsdoc.com/obj/eden-cn/lm_hz_ihsph/ljhwZthlaukjlkulzlp/portal/bigtts/audio/vi_female_linh_uranus_bigtts.wav,,,true,152
Ling,柔情和善的女生，做事认真可靠。�,vi_female_ling_uranus_bigtts,female,,vi,,https://lf3-static.bytednsdoc.com/obj/eden-cn/lm_hz_ihsph/ljhwZthlaukjlkulzlp/portal/bigtts/avatar/Ling_vi_female_ling_uranus_bigtts.png,https://lf3-static.bytednsdoc.com/obj/eden-cn/lm_hz_ihsph/ljhwZthlaukjlkulzlp/portal/bigtts/audio/vi_female_ling_uranus_bigtts.wav,,,true,153
Hong,带有越南口音的外地女生，直爽，情绪表露直白。�,vi_female_hong_uranus_bigtts,female,,vi,,https://lf3-static.bytednsdoc.com/obj/eden-cn/lm_hz_ihsph/ljhwZthlaukjlkulzlp/portal/bigtts/avatar/Hong_vi_female_hong_uranus_bigtts.png,https://lf3-static.bytednsdoc.com/obj/eden-cn/lm_hz_ihsph/ljhwZthlaukjlkulzlp/portal/bigtts/audio/vi_female_hong_uranus_bigtts.wav,,,true,154
Hervie,娱乐,tl_female_hervie_uranus_bigtts,female,,tl,,https://lf3-static.bytednsdoc.com/obj/eden-cn/lm_hz_ihsph/ljhwZthlaukjlkulzlp/portal/bigtts/avatar/Hervie_tl_female_hervie_uranus_bigtts.png,https://lf3-static.bytednsdoc.com/obj/eden-cn/lm_hz_ihsph/ljhwZthlaukjlkulzlp/portal/bigtts/audio/tl_female_hervie_uranus_bigtts.wav,,,true,155
tl_male_ed_uranus_bigtts,,tl_male_ed_uranus_bigtts,male,,tl,,https://lf3-static.bytednsdoc.com/obj/eden-cn/lm_hz_ihsph/ljhwZthlaukjlkulzlp/portal/bigtts/avatar/Ed_tl_male_ed_uranus_bigtts.png,https://lf3-static.bytednsdoc.com/obj/eden-cn/lm_hz_ihsph/ljhwZthlaukjlkulzlp/portal/bigtts/audio/tl_male_ed_uranus_bigtts.wav,,,true,156
Annika,待人亲和的女生，语气温和，具备地道的日常交谈质感。�,tl_female_annika_uranus_bigtts,female,,tl,,https://lf3-static.bytednsdoc.com/obj/eden-cn/lm_hz_ihsph/ljhwZthlaukjlkulzlp/portal/bigtts/avatar/Annika_tl_female_annika_uranus_bigtts.png,https://lf3-static.bytednsdoc.com/obj/eden-cn/lm_hz_ihsph/ljhwZthlaukjlkulzlp/portal/bigtts/audio/tl_female_annika_uranus_bigtts.wav,,,true,157
Phoebe,心思灵动鲜活的女生，性格主动，自带俏皮戏谑的气质。�有声阅读,th_female_bv568_suprise_uranus_bigtts,female,,th,,https://lf3-static.bytednsdoc.com/obj/eden-cn/lm_hz_ihsph/ljhwZthlaukjlkulzlp/portal/bigtts/avatar/Phoebe_th_female_bv568_suprise_uranus_bigtts.png,https://lf3-static.bytednsdoc.com/obj/eden-cn/lm_hz_ihsph/ljhwZthlaukjlkulzlp/portal/bigtts/audio/th_female_bv568_suprise_uranus_bigtts.wav,,,true,158
Lydia,性情温婉忧郁的女生，富有故事感。�,th_female_bv568_sad_uranus_bigtts,female,,th,,https://lf3-static.bytednsdoc.com/obj/eden-cn/lm_hz_ihsph/ljhwZthlaukjlkulzlp/portal/bigtts/avatar/Lydia_th_female_bv568_sad_uranus_bigtts.png,https://lf3-static.bytednsdoc.com/obj/eden-cn/lm_hz_ihsph/ljhwZthlaukjlkulzlp/portal/bigtts/audio/th_female_bv568_sad_uranus_bigtts.wav,,,true,159
Mildred,心态平和淡然的女生，情绪不偏不倚，处事冷静中立。�,th_female_bv568_neutral_uranus_bigtts,female,,th,,https://lf3-static.bytednsdoc.com/obj/eden-cn/lm_hz_ihsph/ljhwZthlaukjlkulzlp/portal/bigtts/avatar/Mildred_th_female_bv568_neutral_uranus_bigtts.png,https://lf3-static.bytednsdoc.com/obj/eden-cn/lm_hz_ihsph/ljhwZthlaukjlkulzlp/portal/bigtts/audio/th_female_bv568_neutral_uranus_bigtts.wav,,,true,160
Valentina,戏剧张力十足的女主，情绪表达饱满，颇具影视台词质感。�,th_female_bv568_hate_uranus_bigtts,female,,th,,https://lf3-static.bytednsdoc.com/obj/eden-cn/lm_hz_ihsph/ljhwZthlaukjlkulzlp/portal/bigtts/avatar/Valentina_th_female_bv568_hate_uranus_bigtts.png,https://lf3-static.bytednsdoc.com/obj/eden-cn/lm_hz_ihsph/ljhwZthlaukjlkulzlp/portal/bigtts/audio/th_female_bv568_hate_uranus_bigtts.wav,,,true,161
Zara,情绪饱满、兼具戏剧动画配音质感的女生，表现力十足。�,th_female_bv568_happy_uranus_bigtts,female,,th,,https://lf3-static.bytednsdoc.com/obj/eden-cn/lm_hz_ihsph/ljhwZthlaukjlkulzlp/portal/bigtts/avatar/Zara_th_female_bv568_happy_uranus_bigtts.png,https://lf3-static.bytednsdoc.com/obj/eden-cn/lm_hz_ihsph/ljhwZthlaukjlkulzlp/portal/bigtts/audio/th_female_bv568_happy_uranus_bigtts.wav,,,true,162
Valeria,情绪多变的霸道女主，表现力强、情感外放。�教学场景,th_female_bv568_angry_uranus_bigtts,female,,th,,https://lf3-static.bytednsdoc.com/obj/eden-cn/lm_hz_ihsph/ljhwZthlaukjlkulzlp/portal/bigtts/avatar/Valeria_th_female_bv568_angry_uranus_bigtts.png,https://lf3-static.bytednsdoc.com/obj/eden-cn/lm_hz_ihsph/ljhwZthlaukjlkulzlp/portal/bigtts/audio/th_female_bv568_angry_uranus_bigtts.wav,,,true,163
Silas,轻柔低语的男生，性情温和内敛，沉静平和。趣味口音,ru_male_vlad_uranus_bigtts,male,,ru,,https://lf3-static.bytednsdoc.com/obj/eden-cn/lm_hz_ihsph/ljhwZthlaukjlkulzlp/portal/bigtts/avatar/Silas_ru_male_vlad_uranus_bigtts.png,https://lf3-static.bytednsdoc.com/obj/eden-cn/lm_hz_ihsph/ljhwZthlaukjlkulzlp/portal/bigtts/audio/ru_male_vlad_uranus_bigtts.wav,,,true,164
Pavel,自带生活化的叙事口吻的中年男声，听感舒适自然。,ru_male_pavel_uranus_bigtts,male,,ru,,https://lf3-static.bytednsdoc.com/obj/eden-cn/lm_hz_ihsph/ljhwZthlaukjlkulzlp/portal/bigtts/avatar/Pavel_ru_male_pavel_uranus_bigtts.png,https://lf3-static.bytednsdoc.com/obj/eden-cn/lm_hz_ihsph/ljhwZthlaukjlkulzlp/portal/bigtts/audio/ru_male_pavel_uranus_bigtts.wav,,,true,165
Irinae,热情饱满的俄国女生，情绪外放且富有表现力。有声阅读,ru_female_irinae_uranus_bigtts,female,,ru,,https://lf3-static.bytednsdoc.com/obj/eden-cn/lm_hz_ihsph/ljhwZthlaukjlkulzlp/portal/bigtts/avatar/Irinae_ru_female_irinae_uranus_bigtts.png,https://lf3-static.bytednsdoc.com/obj/eden-cn/lm_hz_ihsph/ljhwZthlaukjlkulzlp/portal/bigtts/audio/ru_female_irinae_uranus_bigtts.wav,,,true,166
Rael,气质清爽的男生，活力阳光，擅长巴西葡萄牙语，教学场景,pt_male_rael_uranus_bigtts,male,,pt,,https://lf3-static.bytednsdoc.com/obj/eden-cn/lm_hz_ihsph/ljhwZthlaukjlkulzlp/portal/bigtts/avatar/Rael_pt_male_rael_uranus_bigtts.png,https://lf3-static.bytednsdoc.com/obj/eden-cn/lm_hz_ihsph/ljhwZthlaukjlkulzlp/portal/bigtts/audio/pt_male_rael_uranus_bigtts.wav,,,true,167
Toby,阳光开朗的男生，活泼朝气满满。,pt_male_martins_uranus_bigtts,male,,pt,,https://lf3-static.bytednsdoc.com/obj/eden-cn/lm_hz_ihsph/ljhwZthlaukjlkulzlp/portal/bigtts/avatar/Toby_pt_male_martins_uranus_bigtts.png,https://lf3-static.bytednsdoc.com/obj/eden-cn/lm_hz_ihsph/ljhwZthlaukjlkulzlp/portal/bigtts/audio/pt_male_martins_uranus_bigtts.wav,,,true,168
Mari,性格开朗的女生，嗓音爽朗有气场，谈吐健谈大方。教学场景,pt_female_mari_uranus_bigtts,female,,pt,,https://lf3-static.bytednsdoc.com/obj/eden-cn/lm_hz_ihsph/ljhwZthlaukjlkulzlp/portal/bigtts/avatar/Mari_pt_female_mari_uranus_bigtts.png,https://lf3-static.bytednsdoc.com/obj/eden-cn/lm_hz_ihsph/ljhwZthlaukjlkulzlp/portal/bigtts/audio/pt_female_mari_uranus_bigtts.wav,,,true,169
Sofia,温婉柔和的亲切女生，灵动自然，擅长巴西葡萄牙语。,pt_female_bv530_uranus_bigtts,female,,pt,,https://lf3-static.bytednsdoc.com/obj/eden-cn/lm_hz_ihsph/ljhwZthlaukjlkulzlp/portal/bigtts/avatar/Sofia_pt_female_bv530_uranus_bigtts.png,https://lf3-static.bytednsdoc.com/obj/eden-cn/lm_hz_ihsph/ljhwZthlaukjlkulzlp/portal/bigtts/audio/pt_female_bv530_uranus_bigtts.wav,,,true,170
Emma,利落干练的专业女解说，冷静理性，气场沉稳大气。,pt_female_bv173narrator_uranus_bigtts,female,,pt,,https://lf3-static.bytednsdoc.com/obj/eden-cn/lm_hz_ihsph/ljhwZthlaukjlkulzlp/portal/bigtts/avatar/Emma_pt_female_bv173narrator_uranus_bigtts.png,https://lf3-static.bytednsdoc.com/obj/eden-cn/lm_hz_ihsph/ljhwZthlaukjlkulzlp/portal/bigtts/audio/pt_female_bv173narrator_uranus_bigtts.wav,,,true,171
Lola,热爱戏剧舞台的表演精灵，热情饱满，表现张力十足。,pt_female_bv173emotion_uranus_bigtts,female,,pt,,https://lf3-static.bytednsdoc.com/obj/eden-cn/lm_hz_ihsph/ljhwZthlaukjlkulzlp/portal/bigtts/avatar/Lola_pt_female_bv173emotion_uranus_bigtts.png,https://lf3-static.bytednsdoc.com/obj/eden-cn/lm_hz_ihsph/ljhwZthlaukjlkulzlp/portal/bigtts/audio/pt_female_bv173emotion_uranus_bigtts.wav,,,true,172
Elena,优雅成熟的偶像剧女主，心思细腻，气质灵动动人。,pt_female_bv173dialogue_uranus_bigtts,female,,pt,,https://lf3-static.bytednsdoc.com/obj/eden-cn/lm_hz_ihsph/ljhwZthlaukjlkulzlp/portal/bigtts/avatar/Elena_pt_female_bv173dialogue_uranus_bigtts.png,https://lf3-static.bytednsdoc.com/obj/eden-cn/lm_hz_ihsph/ljhwZthlaukjlkulzlp/portal/bigtts/audio/pt_female_bv173dialogue_uranus_bigtts.wav,,,true,173
Diana,专业从容的女解说，思路清晰，精明干练。,pt_female_bv173_uranus_bigtts,female,,pt,,https://lf3-static.bytednsdoc.com/obj/eden-cn/lm_hz_ihsph/ljhwZthlaukjlkulzlp/portal/bigtts/avatar/Diana_pt_female_bv173_uranus_bigtts.png,https://lf3-static.bytednsdoc.com/obj/eden-cn/lm_hz_ihsph/ljhwZthlaukjlkulzlp/portal/bigtts/audio/pt_female_bv173_uranus_bigtts.wav,,,true,174
Miles,处事理性冷静的男解说，严谨专业。有声阅读,pt_male_bv172narrator_uranus_bigtts,male,,pt,,https://lf3-static.bytednsdoc.com/obj/eden-cn/lm_hz_ihsph/ljhwZthlaukjlkulzlp/portal/bigtts/avatar/Miles_pt_male_bv172narrator_uranus_bigtts.png,https://lf3-static.bytednsdoc.com/obj/eden-cn/lm_hz_ihsph/ljhwZthlaukjlkulzlp/portal/bigtts/audio/pt_male_bv172narrator_uranus_bigtts.wav,,,true,175
Vincent,情绪浓烈的中年男声，语调夸张且戏剧表现力突出。教学场景,pt_male_bv172emotion_uranus_bigtts,male,,pt,,https://lf3-static.bytednsdoc.com/obj/eden-cn/lm_hz_ihsph/ljhwZthlaukjlkulzlp/portal/bigtts/avatar/Vincent_pt_male_bv172emotion_uranus_bigtts.png,https://lf3-static.bytednsdoc.com/obj/eden-cn/lm_hz_ihsph/ljhwZthlaukjlkulzlp/portal/bigtts/audio/pt_male_bv172emotion_uranus_bigtts.wav,,,true,176
Walter,浑厚沙哑的中年大叔，语气严肃，影视对白质感浓厚。,pt_male_bv172dialogue_uranus_bigtts,male,,pt,,https://lf3-static.bytednsdoc.com/obj/eden-cn/lm_hz_ihsph/ljhwZthlaukjlkulzlp/portal/bigtts/avatar/Walter_pt_male_bv172dialogue_uranus_bigtts.png,https://lf3-static.bytednsdoc.com/obj/eden-cn/lm_hz_ihsph/ljhwZthlaukjlkulzlp/portal/bigtts/audio/pt_male_bv172dialogue_uranus_bigtts.wav,,,true,177
Sam,双人对话，包含常规青年男声和低沉沙哑中年男声，语速一快一慢反差明显。,pt_male_bv172_uranus_bigtts,male,,pt,,https://lf3-static.bytednsdoc.com/obj/eden-cn/lm_hz_ihsph/ljhwZthlaukjlkulzlp/portal/bigtts/avatar/Sam_pt_male_bv172_uranus_bigtts.png,https://lf3-static.bytednsdoc.com/obj/eden-cn/lm_hz_ihsph/ljhwZthlaukjlkulzlp/portal/bigtts/audio/pt_male_bv172_uranus_bigtts.wav,,,true,178
Marcelo,温润儒雅的青年男生，沉稳大气。��,mx_male_marcelo_uranus_bigtts,male,,mx,,https://lf3-static.bytednsdoc.com/obj/eden-cn/lm_hz_ihsph/ljhwZthlaukjlkulzlp/portal/bigtts/avatar/Marcelo_mx_male_marcelo_uranus_bigtts.png,https://lf3-static.bytednsdoc.com/obj/eden-cn/lm_hz_ihsph/ljhwZthlaukjlkulzlp/portal/bigtts/audio/mx_male_marcelo_uranus_bigtts.wav,,,true,179
Leslie,亲和温柔的青年女生，节奏舒缓自然。��,mx_female_leslie_uranus_bigtts,female,,mx,,https://lf3-static.bytednsdoc.com/obj/eden-cn/lm_hz_ihsph/ljhwZthlaukjlkulzlp/portal/bigtts/avatar/Leslie_mx_female_leslie_uranus_bigtts.png,https://lf3-static.bytednsdoc.com/obj/eden-cn/lm_hz_ihsph/ljhwZthlaukjlkulzlp/portal/bigtts/audio/mx_female_leslie_uranus_bigtts.wav,,,true,180
Derek,客观克制的男生，专业解说风格鲜明，从容淡定。��教学场景,mx_male_ht_mx_m012_uranus_bigtts,male,,mx,,https://lf3-static.bytednsdoc.com/obj/eden-cn/lm_hz_ihsph/ljhwZthlaukjlkulzlp/portal/bigtts/avatar/Derek_mx_male_ht_mx_m012_uranus_bigtts.png,https://lf3-static.bytednsdoc.com/obj/eden-cn/lm_hz_ihsph/ljhwZthlaukjlkulzlp/portal/bigtts/audio/mx_male_ht_mx_m012_uranus_bigtts.wav,,,true,181
Freya,风格鲜明的女生，情绪饱满，擅长生动叙事。��有声阅读,mx_female_bv166narrator_uranus_bigtts,female,,mx,,https://lf3-static.bytednsdoc.com/obj/eden-cn/lm_hz_ihsph/ljhwZthlaukjlkulzlp/portal/bigtts/avatar/Freya_mx_female_bv166narrator_uranus_bigtts.png,https://lf3-static.bytednsdoc.com/obj/eden-cn/lm_hz_ihsph/ljhwZthlaukjlkulzlp/portal/bigtts/audio/mx_female_bv166narrator_uranus_bigtts.wav,,,true,182
Lucy,俏皮开朗、灵动可人的女生，情感表达鲜活生动。��,mx_female_bv166dialogue_uranus_bigtts,female,,mx,,https://lf3-static.bytednsdoc.com/obj/eden-cn/lm_hz_ihsph/ljhwZthlaukjlkulzlp/portal/bigtts/avatar/Lucy_mx_female_bv166dialogue_uranus_bigtts.png,https://lf3-static.bytednsdoc.com/obj/eden-cn/lm_hz_ihsph/ljhwZthlaukjlkulzlp/portal/bigtts/audio/mx_female_bv166dialogue_uranus_bigtts.wav,,,true,183
Marcos,稳重成熟的职场型男，声线低沉磁性，语调平稳专业。��有声阅读,mx_male_bv165narrator_uranus_bigtts,male,,mx,,https://lf3-static.bytednsdoc.com/obj/eden-cn/lm_hz_ihsph/ljhwZthlaukjlkulzlp/portal/bigtts/avatar/Marcos_mx_male_bv165narrator_uranus_bigtts.png,https://lf3-static.bytednsdoc.com/obj/eden-cn/lm_hz_ihsph/ljhwZthlaukjlkulzlp/portal/bigtts/audio/mx_male_bv165narrator_uranus_bigtts.wav,,,true,184
Diego,富有魅力的男生，西语影视戏剧对白风格，声线磁性、表达生动。��有声阅读,mx_male_bv165dialogue_uranus_bigtts,male,,mx,,https://lf3-static.bytednsdoc.com/obj/eden-cn/lm_hz_ihsph/ljhwZthlaukjlkulzlp/portal/bigtts/avatar/Diego_mx_male_bv165dialogue_uranus_bigtts.png,https://lf3-static.bytednsdoc.com/obj/eden-cn/lm_hz_ihsph/ljhwZthlaukjlkulzlp/portal/bigtts/audio/mx_male_bv165dialogue_uranus_bigtts.wav,,,true,185
Naim,温文尔雅的中年叔叔，平和内敛，严谨持重。��,ms_male_naim_uranus_bigtts,male,,ms,,https://lf3-static.bytednsdoc.com/obj/eden-cn/lm_hz_ihsph/ljhwZthlaukjlkulzlp/portal/bigtts/avatar/Naim_ms_male_naim_uranus_bigtts.png,https://lf3-static.bytednsdoc.com/obj/eden-cn/lm_hz_ihsph/ljhwZthlaukjlkulzlp/portal/bigtts/audio/ms_male_naim_uranus_bigtts.wav,,,true,186
Ham,稳重随和的大叔，马来语日常交谈风格，语调平稳，擅长分析讲解。��,ms_male_ham_uranus_bigtts,male,,ms,,https://lf3-static.bytednsdoc.com/obj/eden-cn/lm_hz_ihsph/ljhwZthlaukjlkulzlp/portal/bigtts/avatar/Ham_ms_male_ham_uranus_bigtts.png,https://lf3-static.bytednsdoc.com/obj/eden-cn/lm_hz_ihsph/ljhwZthlaukjlkulzlp/portal/bigtts/audio/ms_male_ham_uranus_bigtts.wav,,,true,187
Shane,沉稳儒雅的中年大叔，语气极具说服力。有声阅读,ko_male_shane_uranus_bigtts,male,,ko,,https://lf3-static.bytednsdoc.com/obj/eden-cn/lm_hz_ihsph/ljhwZthlaukjlkulzlp/portal/bigtts/avatar/Shane_ko_male_shane_uranus_bigtts.png,https://lf3-static.bytednsdoc.com/obj/eden-cn/lm_hz_ihsph/ljhwZthlaukjlkulzlp/portal/bigtts/audio/ko_male_shane_uranus_bigtts.wav,,,true,188
Momo,率真灵动的女生，动漫戏剧配音风格，情绪充沛。,ko_female_bv546_uranus_bigtts,female,,ko,,https://lf3-static.bytednsdoc.com/obj/eden-cn/lm_hz_ihsph/ljhwZthlaukjlkulzlp/portal/bigtts/avatar/Momo_ko_female_bv546_uranus_bigtts.png,https://lf3-static.bytednsdoc.com/obj/eden-cn/lm_hz_ihsph/ljhwZthlaukjlkulzlp/portal/bigtts/audio/ko_female_bv546_uranus_bigtts.wav,,,true,189
Shirou,元气满满的直爽小妹，动漫游戏配音风格明显。,ja_female_shirou_uranus_bigtts,female,,ja,,https://lf3-static.bytednsdoc.com/obj/eden-cn/lm_hz_ihsph/ljhwZthlaukjlkulzlp/portal/bigtts/avatar/Shirou_ja_female_shirou_uranus_bigtts.png,https://lf3-static.bytednsdoc.com/obj/eden-cn/lm_hz_ihsph/ljhwZthlaukjlkulzlp/portal/bigtts/audio/ja_female_shirou_uranus_bigtts.wav,,,true,190
Minimi,活力满满的女生，性格爽朗，情绪外放且饱满。,ja_female_minimi_uranus_bigtts,female,,ja,,https://lf3-static.bytednsdoc.com/obj/eden-cn/lm_hz_ihsph/ljhwZthlaukjlkulzlp/portal/bigtts/avatar/Minimi_ja_female_minimi_uranus_bigtts.png,https://lf3-static.bytednsdoc.com/obj/eden-cn/lm_hz_ihsph/ljhwZthlaukjlkulzlp/portal/bigtts/audio/ja_female_minimi_uranus_bigtts.wav,,,true,191
Ken,干练专业的男生，日语播音解说风格，语调冷静克制。,ja_male_bv524_uranus_bigtts,male,,ja,,https://lf3-static.bytednsdoc.com/obj/eden-cn/lm_hz_ihsph/ljhwZthlaukjlkulzlp/portal/bigtts/avatar/Ken_ja_male_bv524_uranus_bigtts.png,https://lf3-static.bytednsdoc.com/obj/eden-cn/lm_hz_ihsph/ljhwZthlaukjlkulzlp/portal/bigtts/audio/ja_male_bv524_uranus_bigtts.wav,,,true,192
Lily,天真烂漫的女童，语调灵动，满是童真童趣。趣味口音,ja_female_bv523_uranus_bigtts,female,,ja,,https://lf3-static.bytednsdoc.com/obj/eden-cn/lm_hz_ihsph/ljhwZthlaukjlkulzlp/portal/bigtts/avatar/Lily_ja_female_bv523_uranus_bigtts.png,https://lf3-static.bytednsdoc.com/obj/eden-cn/lm_hz_ihsph/ljhwZthlaukjlkulzlp/portal/bigtts/audio/ja_female_bv523_uranus_bigtts.wav,,,true,193
Hana,专业大气的女生，标准日语播音腔，处事冷静客观。,ja_female_bv522_uranus_bigtts,female,,ja,,https://lf3-static.bytednsdoc.com/obj/eden-cn/lm_hz_ihsph/ljhwZthlaukjlkulzlp/portal/bigtts/avatar/Hana_ja_female_bv522_uranus_bigtts.png,https://lf3-static.bytednsdoc.com/obj/eden-cn/lm_hz_ihsph/ljhwZthlaukjlkulzlp/portal/bigtts/audio/ja_female_bv522_uranus_bigtts.wav,,,true,194
Aoi,甜美灵动的女生，日系少女声线，表演感染力强。趣味口音,ja_female_bv521_uranus_bigtts,female,,ja,,https://lf3-static.bytednsdoc.com/obj/eden-cn/lm_hz_ihsph/ljhwZthlaukjlkulzlp/portal/bigtts/avatar/Aoi_ja_female_bv521_uranus_bigtts.png,https://lf3-static.bytednsdoc.com/obj/eden-cn/lm_hz_ihsph/ljhwZthlaukjlkulzlp/portal/bigtts/audio/ja_female_bv521_uranus_bigtts.wav,,,true,195
Poppy,元气满满的女生，动漫,ja_female_bv520_uranus_bigtts,female,,ja,,https://lf3-static.bytednsdoc.com/obj/eden-cn/lm_hz_ihsph/ljhwZthlaukjlkulzlp/portal/bigtts/avatar/Poppy_ja_female_bv520_uranus_bigtts.png,https://lf3-static.bytednsdoc.com/obj/eden-cn/lm_hz_ihsph/ljhwZthlaukjlkulzlp/portal/bigtts/audio/ja_female_bv520_uranus_bigtts.wav,,,true,196
Phulia,灵动开朗的女生，情绪饱满，演绎风格张力十足。�,id_female_phulia_uranus_bigtts,female,,id,,https://lf3-static.bytednsdoc.com/obj/eden-cn/lm_hz_ihsph/ljhwZthlaukjlkulzlp/portal/bigtts/avatar/Phulia_id_female_phulia_uranus_bigtts.png,https://lf3-static.bytednsdoc.com/obj/eden-cn/lm_hz_ihsph/ljhwZthlaukjlkulzlp/portal/bigtts/audio/id_female_phulia_uranus_bigtts.wav,,,true,197
Kyle,理性沉稳的男生，语调冷静，专业解说风格。�,id_male_m08_uranus_bigtts,male,,id,,https://lf3-static.bytednsdoc.com/obj/eden-cn/lm_hz_ihsph/ljhwZthlaukjlkulzlp/portal/bigtts/avatar/Kyle_id_male_m08_uranus_bigtts.png,https://lf3-static.bytednsdoc.com/obj/eden-cn/lm_hz_ihsph/ljhwZthlaukjlkulzlp/portal/bigtts/audio/id_male_m08_uranus_bigtts.wav,,,true,198
Han,冷静自持的男生，声线平稳，吐字清晰且语气客观。�,id_male_han_uranus_bigtts,male,,id,,https://lf3-static.bytednsdoc.com/obj/eden-cn/lm_hz_ihsph/ljhwZthlaukjlkulzlp/portal/bigtts/avatar/Han_id_male_han_uranus_bigtts.png,https://lf3-static.bytednsdoc.com/obj/eden-cn/lm_hz_ihsph/ljhwZthlaukjlkulzlp/portal/bigtts/audio/id_male_han_uranus_bigtts.wav,,,true,199
Ronan,专业稳重的成熟大叔，处事冷静客观。�有声阅读,id_male_bv164narration_uranus_bigtts,male,,id,,https://lf3-static.bytednsdoc.com/obj/eden-cn/lm_hz_ihsph/ljhwZthlaukjlkulzlp/portal/bigtts/avatar/Ronan_id_male_bv164narration_uranus_bigtts.png,https://lf3-static.bytednsdoc.com/obj/eden-cn/lm_hz_ihsph/ljhwZthlaukjlkulzlp/portal/bigtts/audio/id_male_bv164narration_uranus_bigtts.wav,,,true,200
Crew,多元声线组合，多人对话自然生动，故事氛围浓厚。�,id_female_bv164_uranus_bigtts,female,,id,,https://lf3-static.bytednsdoc.com/obj/eden-cn/lm_hz_ihsph/ljhwZthlaukjlkulzlp/portal/bigtts/avatar/Crew_id_female_bv164_uranus_bigtts.png,https://lf3-static.bytednsdoc.com/obj/eden-cn/lm_hz_ihsph/ljhwZthlaukjlkulzlp/portal/bigtts/audio/id_female_bv164_uranus_bigtts.wav,,,true,201
Celeste,甜美灵动的女主，声线清脆，叙事解说富有情感。�,id_female_bv161narration_uranus_bigtts,female,,id,,https://lf3-static.bytednsdoc.com/obj/eden-cn/lm_hz_ihsph/ljhwZthlaukjlkulzlp/portal/bigtts/avatar/Celeste_id_female_bv161narration_uranus_bigtts.png,https://lf3-static.bytednsdoc.com/obj/eden-cn/lm_hz_ihsph/ljhwZthlaukjlkulzlp/portal/bigtts/audio/id_female_bv161narration_uranus_bigtts.wav,,,true,202
Sylvia,情绪多变的女生，可日常可争执，影视对白氛围感拉满。�,id_female_bv161dialogue_uranus_bigtts,female,,id,,https://lf3-static.bytednsdoc.com/obj/eden-cn/lm_hz_ihsph/ljhwZthlaukjlkulzlp/portal/bigtts/avatar/Sylvia_id_female_bv161dialogue_uranus_bigtts.png,https://lf3-static.bytednsdoc.com/obj/eden-cn/lm_hz_ihsph/ljhwZthlaukjlkulzlp/portal/bigtts/audio/id_female_bv161dialogue_uranus_bigtts.wav,,,true,203
Clara,温柔平和的女生，声线清亮柔和，朗读叙事感突出。�,id_female_bv161_uranus_bigtts,female,,id,,https://lf3-static.bytednsdoc.com/obj/eden-cn/lm_hz_ihsph/ljhwZthlaukjlkulzlp/portal/bigtts/avatar/Clara_id_female_bv161_uranus_bigtts.png,https://lf3-static.bytednsdoc.com/obj/eden-cn/lm_hz_ihsph/ljhwZthlaukjlkulzlp/portal/bigtts/audio/id_female_bv161_uranus_bigtts.wav,,,true,204
Hugo,理性沉稳的男生，语调平和克制，擅长故事解说讲述。�有声阅读,id_male_bv160narration_uranus_bigtts,male,,id,,https://lf3-static.bytednsdoc.com/obj/eden-cn/lm_hz_ihsph/ljhwZthlaukjlkulzlp/portal/bigtts/avatar/Hugo_id_male_bv160narration_uranus_bigtts.png,https://lf3-static.bytednsdoc.com/obj/eden-cn/lm_hz_ihsph/ljhwZthlaukjlkulzlp/portal/bigtts/audio/id_male_bv160narration_uranus_bigtts.wav,,,true,205
Jude,表现力出众的男生，情绪饱满，演绎风格戏剧化。�,id_male_bv160dialogue_uranus_bigtts,male,,id,,https://lf3-static.bytednsdoc.com/obj/eden-cn/lm_hz_ihsph/ljhwZthlaukjlkulzlp/portal/bigtts/avatar/Jude_id_male_bv160dialogue_uranus_bigtts.png,https://lf3-static.bytednsdoc.com/obj/eden-cn/lm_hz_ihsph/ljhwZthlaukjlkulzlp/portal/bigtts/audio/id_male_bv160dialogue_uranus_bigtts.wav,,,true,206
Rocco,情绪激昂的男生，愤怒不甘，演绎极具戏剧张力。�,id_male_bv160_uranus_bigtts,male,,id,,https://lf3-static.bytednsdoc.com/obj/eden-cn/lm_hz_ihsph/ljhwZthlaukjlkulzlp/portal/bigtts/avatar/Rocco_id_male_bv160_uranus_bigtts.png,https://lf3-static.bytednsdoc.com/obj/eden-cn/lm_hz_ihsph/ljhwZthlaukjlkulzlp/portal/bigtts/audio/id_male_bv160_uranus_bigtts.wav,,,true,207
Maurice,成熟稳重的大叔，法语声线浑厚，解说专业大气有声阅读,fr_male_fr_m29_uranus_bigtts,male,,fr,,https://lf3-static.bytednsdoc.com/obj/eden-cn/lm_hz_ihsph/ljhwZthlaukjlkulzlp/portal/bigtts/avatar/Maurice_fr_male_fr_m29_uranus_bigtts.png,https://lf3-static.bytednsdoc.com/obj/eden-cn/lm_hz_ihsph/ljhwZthlaukjlkulzlp/portal/bigtts/audio/fr_male_fr_m29_uranus_bigtts.wav,,,true,208
Camille,专业干练的姐姐，法语发音流畅，解说风格冷静客观教学场景,fr_female_fr_f47_uranus_bigtts,female,,fr,,https://lf3-static.bytednsdoc.com/obj/eden-cn/lm_hz_ihsph/ljhwZthlaukjlkulzlp/portal/bigtts/avatar/Camille_fr_female_fr_f47_uranus_bigtts.png,https://lf3-static.bytednsdoc.com/obj/eden-cn/lm_hz_ihsph/ljhwZthlaukjlkulzlp/portal/bigtts/audio/fr_female_fr_f47_uranus_bigtts.wav,,,true,209
Simone,沉稳专业的阿姨，法语发音标准，客观平和。,fr_female_fr_bv078_uranus_bigtts,female,,fr,,https://lf3-static.bytednsdoc.com/obj/eden-cn/lm_hz_ihsph/ljhwZthlaukjlkulzlp/portal/bigtts/avatar/Simone_fr_female_fr_bv078_uranus_bigtts.png,https://lf3-static.bytednsdoc.com/obj/eden-cn/lm_hz_ihsph/ljhwZthlaukjlkulzlp/portal/bigtts/audio/fr_female_fr_bv078_uranus_bigtts.wav,,,true,210
Gracie,理性干练的女生，沉着冷静，解说条理分明。,es_female_bv084_uranus_bigtts,female,,es,,https://lf3-static.bytednsdoc.com/obj/eden-cn/lm_hz_ihsph/ljhwZthlaukjlkulzlp/portal/bigtts/avatar/Gracie_es_female_bv084_uranus_bigtts.png,https://lf3-static.bytednsdoc.com/obj/eden-cn/lm_hz_ihsph/ljhwZthlaukjlkulzlp/portal/bigtts/audio/es_female_bv084_uranus_bigtts.wav,,,true,211
Sven,低沉有磁性且略带嘶哑中青年男性�,de_male_sven_uranus_bigtts,male,,de,,https://lf3-static.bytednsdoc.com/obj/eden-cn/lm_hz_ihsph/ljhwZthlaukjlkulzlp/portal/bigtts/avatar/Sven_de_male_sven_uranus_bigtts.png,https://lf3-static.bytednsdoc.com/obj/eden-cn/lm_hz_ihsph/ljhwZthlaukjlkulzlp/portal/bigtts/audio/de_male_sven_uranus_bigtts.wav,,,true,212
Stella,客观、冷静又专业的青年女声�教学场景,de_female_bv081_uranus_bigtts,female,,de,,https://lf3-static.bytednsdoc.com/obj/eden-cn/lm_hz_ihsph/ljhwZthlaukjlkulzlp/portal/bigtts/avatar/Stella_de_female_bv081_uranus_bigtts.png,https://lf3-static.bytednsdoc.com/obj/eden-cn/lm_hz_ihsph/ljhwZthlaukjlkulzlp/portal/bigtts/audio/de_female_bv081_uranus_bigtts.wav,,,true,213
Fatma,语调温婉深情、常低声独白的青年女性�趣味口音,ar_female_fatma_uranus_bigtts,female,,ar,,https://lf3-static.bytednsdoc.com/obj/eden-cn/lm_hz_ihsph/ljhwZthlaukjlkulzlp/portal/bigtts/avatar/Fatma_ar_female_fatma_uranus_bigtts.png,https://lf3-static.bytednsdoc.com/obj/eden-cn/lm_hz_ihsph/ljhwZthlaukjlkulzlp/portal/bigtts/audio/ar_female_fatma_uranus_bigtts.wav,,,true,214
轻盈朵朵 2.0,思路清晰的客服专员，声音清澈，语气亲切,ICL_zh_female_qingyingduoduo_cs_tob,female,,zh,客服场景,https://lf3-static.bytednsdoc.com/obj/eden-cn/lm_hz_ihsph/ljhwZthlaukjlkulzlp/portal/bigtts/avatar/%E8%BD%BB%E7%9B%88%E6%9C%B5%E6%9C%B5.png,https://lf3-static.bytednsdoc.com/obj/eden-cn/lm_hz_ihsph/ljhwZthlaukjlkulzlp/portal/bigtts/audio/ICL_zh_female_qingyingduoduo_cs_tob.mp3,,,true,215
爽朗少年 2.0,沉稳阳光的运动型男，性格自信热情，做事直率爽快角色扮演,ICL_zh_male_shuanglangshaonian_tob,male,,zh,角色扮演,https://lf3-static.bytednsdoc.com/obj/eden-cn/lm_hz_ihsph/ljhwZthlaukjlkulzlp/portal/bigtts/avatar/%E7%88%BD%E6%9C%97%E5%B0%91%E5%B9%B4.png,https://lf3-static.bytednsdoc.com/obj/eden-cn/lm_hz_ihsph/ljhwZthlaukjlkulzlp/portal/bigtts/audio/ICL_zh_male_shuanglangshaonian_tob.mp3,,,true,216
热情艾娜 2.0,热情阳光的客服专员，气质飒爽、聪明伶俐,ICL_zh_female_reqingaina_cs_tob,female,,zh,客服场景,https://lf3-static.bytednsdoc.com/obj/eden-cn/lm_hz_ihsph/ljhwZthlaukjlkulzlp/portal/bigtts/avatar/%E7%83%AD%E6%83%85%E8%89%BE%E5%A8%9C.png,https://lf3-static.bytednsdoc.com/obj/eden-cn/lm_hz_ihsph/ljhwZthlaukjlkulzlp/portal/bigtts/audio/ICL_zh_female_reqingaina_cs_tob.mp3,,,true,217
温婉珊珊 2.0,语气温婉的客服专员，轻声细语，擅长处理各种棘手问题,ICL_zh_female_wenwanshanshan_cs_tob,female,,zh,客服场景,https://lf3-static.bytednsdoc.com/obj/eden-cn/lm_hz_ihsph/ljhwZthlaukjlkulzlp/portal/bigtts/avatar/%E6%B8%A9%E5%A9%89%E7%8F%8A%E7%8F%8A.png,https://lf3-static.bytednsdoc.com/obj/eden-cn/lm_hz_ihsph/ljhwZthlaukjlkulzlp/portal/bigtts/audio/ICL_zh_female_wenwanshanshan_cs_tob.mp3,,,true,218
清新沐沐 2.0,磁性温暖的帅气男生，理性沉稳，靠谱有担当,ICL_zh_male_qingxinmumu_cs_tob,male,,zh,客服场景,https://lf3-static.bytednsdoc.com/obj/eden-cn/lm_hz_ihsph/ljhwZthlaukjlkulzlp/portal/bigtts/avatar/%E6%B8%85%E6%96%B0%E6%B2%90%E6%B2%90.png,https://lf3-static.bytednsdoc.com/obj/eden-cn/lm_hz_ihsph/ljhwZthlaukjlkulzlp/portal/bigtts/audio/ICL_zh_male_qingxinmumu_cs_tob.mp3,,,true,219
天才同桌 2.0,清冷干净的学霸，内敛理性且稳重，嘴硬心软角色扮演,ICL_zh_male_tiancaitongzhuo_tob,male,,zh,角色扮演,https://lf3-static.bytednsdoc.com/obj/eden-cn/lm_hz_ihsph/ljhwZthlaukjlkulzlp/portal/bigtts/avatar/%E5%A4%A9%E6%89%8D%E5%90%8C%E6%A1%8C.png,https://lf3-static.bytednsdoc.com/obj/eden-cn/lm_hz_ihsph/ljhwZthlaukjlkulzlp/portal/bigtts/audio/ICL_zh_male_tiancaitongzhuo_tob.mp3,,,true,220
自信青年 2.0,稳重成熟的自信青年，性格温柔体贴，为人孤傲冷漠角色扮演,ICL_uranus_zh_male_zixinqingnian_tob,male,,zh,角色扮演,https://lf3-static.bytednsdoc.com/obj/eden-cn/lm_hz_ihsph/ljhwZthlaukjlkulzlp/portal/bigtts/avatar/%E8%87%AA%E4%BF%A1%E9%9D%92%E5%B9%B4.png,https://lf3-static.bytednsdoc.com/obj/eden-cn/lm_hz_ihsph/ljhwZthlaukjlkulzlp/portal/bigtts/audio/ICL_uranus_zh_male_zixinqingnian_tob.wav,,,true,221
自负青年 2.0,张扬明亮的富家公子哥，性格傲慢嚣张，自带强势气场角色扮演,ICL_uranus_zh_male_zifuqingnian_tob,male,,zh,角色扮演,https://lf3-static.bytednsdoc.com/obj/eden-cn/lm_hz_ihsph/ljhwZthlaukjlkulzlp/portal/bigtts/avatar/%E8%87%AA%E8%B4%9F%E9%9D%92%E5%B9%B4.png,https://lf3-static.bytednsdoc.com/obj/eden-cn/lm_hz_ihsph/ljhwZthlaukjlkulzlp/portal/bigtts/audio/ICL_uranus_zh_male_zifuqingnian_tob.wav,,,true,222
中二青年 2.0,张扬清亮的自信青年，性格自信傲慢，行事格外张扬角色扮演,ICL_uranus_zh_male_zhongerqingnian_tob,male,,zh,角色扮演,https://lf3-static.bytednsdoc.com/obj/eden-cn/lm_hz_ihsph/ljhwZthlaukjlkulzlp/portal/bigtts/avatar/%E4%B8%AD%E4%BA%8C%E9%9D%92%E5%B9%B4.png,https://lf3-static.bytednsdoc.com/obj/eden-cn/lm_hz_ihsph/ljhwZthlaukjlkulzlp/portal/bigtts/audio/ICL_uranus_zh_male_zhongerqingnian_tob.wav,,,true,223
直率青年 2.0,清澈干练的直爽青年，性格理性坚定，做事包容有分寸角色扮演,ICL_uranus_zh_male_zhishuaiqingnian_tob,male,,zh,角色扮演,https://lf3-static.bytednsdoc.com/obj/eden-cn/lm_hz_ihsph/ljhwZthlaukjlkulzlp/portal/bigtts/avatar/%E7%9B%B4%E7%8E%87%E9%9D%92%E5%B9%B4.png,https://lf3-static.bytednsdoc.com/obj/eden-cn/lm_hz_ihsph/ljhwZthlaukjlkulzlp/portal/bigtts/audio/ICL_uranus_zh_male_zhishuaiqingnian_tob.wav,,,true,224
仗剑侠客 2.0,清亮坚决的侠客，乐于助人，行事果敢，面对困境不动摇角色扮演,ICL_uranus_zh_male_zhangjianxiake_tob,male,,zh,角色扮演,https://lf3-static.bytednsdoc.com/obj/eden-cn/lm_hz_ihsph/ljhwZthlaukjlkulzlp/portal/bigtts/avatar/%E4%BB%97%E5%89%91%E4%BE%A0%E5%AE%A2.png,https://lf3-static.bytednsdoc.com/obj/eden-cn/lm_hz_ihsph/ljhwZthlaukjlkulzlp/portal/bigtts/audio/ICL_uranus_zh_male_zhangjianxiake_tob.wav,,,true,225
仗剑君子 2.0,声音低沉的热心公子，果敢直爽，沉稳坚定角色扮演,ICL_uranus_zh_male_zhangjianjunzi_tob,male,,zh,角色扮演,https://lf3-static.bytednsdoc.com/obj/eden-cn/lm_hz_ihsph/ljhwZthlaukjlkulzlp/portal/bigtts/avatar/%E4%BB%97%E5%89%91%E5%90%9B%E5%AD%90.png,https://lf3-static.bytednsdoc.com/obj/eden-cn/lm_hz_ihsph/ljhwZthlaukjlkulzlp/portal/bigtts/audio/ICL_uranus_zh_male_zhangjianjunzi_tob.wav,,,true,226
元气少年 2.0,极具少年感阳光男大，声音清澈，性格直爽乐观角色扮演,ICL_uranus_zh_male_yuanqishaonian_tob,male,,zh,角色扮演,https://lf3-static.bytednsdoc.com/obj/eden-cn/lm_hz_ihsph/ljhwZthlaukjlkulzlp/portal/bigtts/avatar/%E5%85%83%E6%B0%94%E5%B0%91%E5%B9%B4.png,https://lf3-static.bytednsdoc.com/obj/eden-cn/lm_hz_ihsph/ljhwZthlaukjlkulzlp/portal/bigtts/audio/ICL_uranus_zh_male_yuanqishaonian_tob.wav,,,true,227
油腻大叔 2.0,沧桑的大叔，性格张扬，十分自信爱吹牛。角色扮演,ICL_uranus_zh_male_younidashu_tob,male,,zh,角色扮演,https://lf3-static.bytednsdoc.com/obj/eden-cn/lm_hz_ihsph/ljhwZthlaukjlkulzlp/portal/bigtts/avatar/%E6%B2%B9%E8%85%BB%E5%A4%A7%E5%8F%94.png,https://lf3-static.bytednsdoc.com/obj/eden-cn/lm_hz_ihsph/ljhwZthlaukjlkulzlp/portal/bigtts/audio/ICL_uranus_zh_male_younidashu_tob.wav,,,true,228
意气少年 2.0,直率带少年感的有志青年，性格坚定积极，待人温柔角色扮演,ICL_uranus_zh_male_yiqishaonian_tob,male,,zh,角色扮演,https://lf3-static.bytednsdoc.com/obj/eden-cn/lm_hz_ihsph/ljhwZthlaukjlkulzlp/portal/bigtts/avatar/%E6%84%8F%E6%B0%94%E5%B0%91%E5%B9%B4.png,https://lf3-static.bytednsdoc.com/obj/eden-cn/lm_hz_ihsph/ljhwZthlaukjlkulzlp/portal/bigtts/audio/ICL_uranus_zh_male_yiqishaonian_tob.wav,,,true,229
温暖少年 2.0,温柔清澈的体贴少年，待人谦和有礼有声阅读,ICL_uranus_zh_male_wennuanshaonian_tob,male,,zh,有声阅读,https://lf3-static.bytednsdoc.com/obj/eden-cn/lm_hz_ihsph/ljhwZthlaukjlkulzlp/portal/bigtts/avatar/%E6%B8%A9%E6%9A%96%E5%B0%91%E5%B9%B4.png,https://lf3-static.bytednsdoc.com/obj/eden-cn/lm_hz_ihsph/ljhwZthlaukjlkulzlp/portal/bigtts/audio/ICL_uranus_zh_male_wennuanshaonian_tob.wav,,,true,230
学霸同桌 2.0,低沉浑厚的暖心学霸，性格乐观积极，做事积极向上角色扮演,ICL_uranus_zh_male_xuebatongzhuo_tob,male,,zh,角色扮演,https://lf3-static.bytednsdoc.com/obj/eden-cn/lm_hz_ihsph/ljhwZthlaukjlkulzlp/portal/bigtts/avatar/%E5%AD%A6%E9%9C%B8%E5%90%8C%E6%A1%8C.png,https://lf3-static.bytednsdoc.com/obj/eden-cn/lm_hz_ihsph/ljhwZthlaukjlkulzlp/portal/bigtts/audio/ICL_uranus_zh_male_xuebatongzhuo_tob.wav,,,true,231
小侯爷 2.0,充满少年感的小公子，丰神俊朗，阳光潇洒又直率角色扮演,ICL_uranus_zh_male_xiaohouye_tob,male,,zh,角色扮演,https://lf3-static.bytednsdoc.com/obj/eden-cn/lm_hz_ihsph/ljhwZthlaukjlkulzlp/portal/bigtts/avatar/%E5%B0%8F%E4%BE%AF%E7%88%B7.png,https://lf3-static.bytednsdoc.com/obj/eden-cn/lm_hz_ihsph/ljhwZthlaukjlkulzlp/portal/bigtts/audio/ICL_uranus_zh_male_xiaohouye_tob.wav,,,true,232
温顺少年 2.0,带少年感且温暖的乖巧少年，温顺斯文，让人省心角色扮演,ICL_uranus_zh_male_wenshunshaonian_tob,male,,zh,角色扮演,https://lf3-static.bytednsdoc.com/obj/eden-cn/lm_hz_ihsph/ljhwZthlaukjlkulzlp/portal/bigtts/avatar/%E6%B8%A9%E9%A1%BA%E5%B0%91%E5%B9%B4.png,https://lf3-static.bytednsdoc.com/obj/eden-cn/lm_hz_ihsph/ljhwZthlaukjlkulzlp/portal/bigtts/audio/ICL_uranus_zh_male_wenshunshaonian_tob.wav,,,true,233
温润学者 2.0,专业的纪录片解说员，沉稳从容，声音浑厚角色扮演,ICL_uranus_zh_male_wenrunxuezhe_tob,male,,zh,角色扮演,https://lf3-static.bytednsdoc.com/obj/eden-cn/lm_hz_ihsph/ljhwZthlaukjlkulzlp/portal/bigtts/avatar/%E6%B8%A9%E6%B6%A6%E5%AD%A6%E8%80%85.png,https://lf3-static.bytednsdoc.com/obj/eden-cn/lm_hz_ihsph/ljhwZthlaukjlkulzlp/portal/bigtts/audio/ICL_uranus_zh_male_wenrunxuezhe_tob.wav,,,true,234
温柔学长 2.0,斯文帅气的邻家哥哥兼温柔学长，温柔暖心又包容角色扮演,ICL_uranus_zh_male_wenrouxuezhang_tob,male,,zh,角色扮演,https://lf3-static.bytednsdoc.com/obj/eden-cn/lm_hz_ihsph/ljhwZthlaukjlkulzlp/portal/bigtts/avatar/%E6%B8%A9%E6%9F%94%E5%AD%A6%E9%95%BF.png,https://lf3-static.bytednsdoc.com/obj/eden-cn/lm_hz_ihsph/ljhwZthlaukjlkulzlp/portal/bigtts/audio/ICL_uranus_zh_male_wenrouxuezhang_tob.wav,,,true,235
温柔男友 2.0,低沉儒雅的引导型年上男，坚定温柔，做事贴心周到角色扮演,ICL_uranus_zh_male_wenrounanyou_tob,male,,zh,角色扮演,https://lf3-static.bytednsdoc.com/obj/eden-cn/lm_hz_ihsph/ljhwZthlaukjlkulzlp/portal/bigtts/avatar/%E6%B8%A9%E6%9F%94%E7%94%B7%E5%8F%8B.png,https://lf3-static.bytednsdoc.com/obj/eden-cn/lm_hz_ihsph/ljhwZthlaukjlkulzlp/portal/bigtts/audio/ICL_uranus_zh_male_wenrounanyou_tob.wav,,,true,236
甜系男友 2.0,低沉温暖的贴心男友，暖心温柔，心思细腻周到角色扮演,ICL_uranus_zh_male_tianxinanyou_tob,male,,zh,角色扮演,https://lf3-static.bytednsdoc.com/obj/eden-cn/lm_hz_ihsph/ljhwZthlaukjlkulzlp/portal/bigtts/avatar/%E7%94%9C%E7%B3%BB%E7%94%B7%E5%8F%8B.png,https://lf3-static.bytednsdoc.com/obj/eden-cn/lm_hz_ihsph/ljhwZthlaukjlkulzlp/portal/bigtts/audio/ICL_uranus_zh_male_tianxinanyou_tob.wav,,,true,237
斯文青年 2.0,腹黑果决的温文青年，性格温柔细心，待人耐心又周到角色扮演,ICL_uranus_zh_male_siwenqingnian_tob,male,,zh,角色扮演,https://lf3-static.bytednsdoc.com/obj/eden-cn/lm_hz_ihsph/ljhwZthlaukjlkulzlp/portal/bigtts/avatar/%E6%96%AF%E6%96%87%E9%9D%92%E5%B9%B4.png,https://lf3-static.bytednsdoc.com/obj/eden-cn/lm_hz_ihsph/ljhwZthlaukjlkulzlp/portal/bigtts/audio/ICL_uranus_zh_male_siwenqingnian_tob.wav,,,true,238
深沉总裁 2.0,声音浑厚的神秘大叔，高冷霸气，让人敬畏角色扮演,ICL_uranus_zh_male_shenchenzongcai_tob,male,,zh,角色扮演,https://lf3-static.bytednsdoc.com/obj/eden-cn/lm_hz_ihsph/ljhwZthlaukjlkulzlp/portal/bigtts/avatar/%E6%B7%B1%E6%B2%89%E6%80%BB%E8%A3%81.png,https://lf3-static.bytednsdoc.com/obj/eden-cn/lm_hz_ihsph/ljhwZthlaukjlkulzlp/portal/bigtts/audio/ICL_uranus_zh_male_shenchenzongcai_tob.wav,,,true,239
洒脱青年 2.0,清亮阳光的元气青年，性格积极向上，为人乐观活泼角色扮演,ICL_uranus_zh_male_satuoqingnian_tob,male,,zh,角色扮演,https://lf3-static.bytednsdoc.com/obj/eden-cn/lm_hz_ihsph/ljhwZthlaukjlkulzlp/portal/bigtts/avatar/%E6%B4%92%E8%84%B1%E9%9D%92%E5%B9%B4.png,https://lf3-static.bytednsdoc.com/obj/eden-cn/lm_hz_ihsph/ljhwZthlaukjlkulzlp/portal/bigtts/audio/ICL_uranus_zh_male_satuoqingnian_tob.wav,,,true,240
撒娇男友 2.0,干净清澈的撒娇奶狗，敏感粘人又热情，格外依赖人角色扮演,ICL_uranus_zh_male_sajiaonanyou_tob,male,,zh,角色扮演,https://lf3-static.bytednsdoc.com/obj/eden-cn/lm_hz_ihsph/ljhwZthlaukjlkulzlp/portal/bigtts/avatar/%E6%92%92%E5%A8%87%E7%94%B7%E5%8F%8B.png,https://lf3-static.bytednsdoc.com/obj/eden-cn/lm_hz_ihsph/ljhwZthlaukjlkulzlp/portal/bigtts/audio/ICL_uranus_zh_male_sajiaonanyou_tob.wav,,,true,241
撒娇男生 2.0,奶狗型男生，干净爱撒娇，敏感粘人，容易惹人心疼角色扮演,ICL_uranus_zh_male_sajiaonansheng_tob,male,,zh,角色扮演,https://lf3-static.bytednsdoc.com/obj/eden-cn/lm_hz_ihsph/ljhwZthlaukjlkulzlp/portal/bigtts/avatar/%E6%92%92%E5%A8%87%E7%94%B7%E7%94%9F.png,https://lf3-static.bytednsdoc.com/obj/eden-cn/lm_hz_ihsph/ljhwZthlaukjlkulzlp/portal/bigtts/audio/ICL_uranus_zh_male_sajiaonansheng_tob.wav,,,true,242
儒雅总裁 2.0,浑厚磁性的儒雅上司，性格耐心温柔，做事坚定可靠角色扮演,ICL_uranus_zh_male_ruyazongcai_tob,male,,zh,角色扮演,https://lf3-static.bytednsdoc.com/obj/eden-cn/lm_hz_ihsph/ljhwZthlaukjlkulzlp/portal/bigtts/avatar/%E5%84%92%E9%9B%85%E6%80%BB%E8%A3%81.png,https://lf3-static.bytednsdoc.com/obj/eden-cn/lm_hz_ihsph/ljhwZthlaukjlkulzlp/portal/bigtts/audio/ICL_uranus_zh_male_ruyazongcai_tob.wav,,,true,243
儒雅君子 2.0,儒雅温柔的温文青年，性格温柔细心，为人内敛谦和角色扮演,ICL_uranus_zh_male_ruyajunzi_tob,male,,zh,角色扮演,https://lf3-static.bytednsdoc.com/obj/eden-cn/lm_hz_ihsph/ljhwZthlaukjlkulzlp/portal/bigtts/avatar/%E5%84%92%E9%9B%85%E5%90%9B%E5%AD%90.png,https://lf3-static.bytednsdoc.com/obj/eden-cn/lm_hz_ihsph/ljhwZthlaukjlkulzlp/portal/bigtts/audio/ICL_uranus_zh_male_ruyajunzi_tob.wav,,,true,244
热血少年 2.0,带少年感且清澈的阳光青年，性格开朗自信，做事直率角色扮演,ICL_uranus_zh_male_rexueshaonian_tob,male,,zh,角色扮演,https://lf3-static.bytednsdoc.com/obj/eden-cn/lm_hz_ihsph/ljhwZthlaukjlkulzlp/portal/bigtts/avatar/%E7%83%AD%E8%A1%80%E5%B0%91%E5%B9%B4.png,https://lf3-static.bytednsdoc.com/obj/eden-cn/lm_hz_ihsph/ljhwZthlaukjlkulzlp/portal/bigtts/audio/ICL_uranus_zh_male_rexueshaonian_tob.wav,,,true,245
亲切青年 2.0,干净清亮的男友，善解人意，温暖斯文又亲切角色扮演,ICL_uranus_zh_male_qinqieqingnian_tob,male,,zh,角色扮演,https://lf3-static.bytednsdoc.com/obj/eden-cn/lm_hz_ihsph/ljhwZthlaukjlkulzlp/portal/bigtts/avatar/%E4%BA%B2%E5%88%87%E9%9D%92%E5%B9%B4.png,https://lf3-static.bytednsdoc.com/obj/eden-cn/lm_hz_ihsph/ljhwZthlaukjlkulzlp/portal/bigtts/audio/ICL_uranus_zh_male_qinqieqingnian_tob.wav,,,true,246
清爽少年 2.0,清爽少年感的清爽少年，性格乐观阳光，气质干净澄澈角色扮演,ICL_uranus_zh_male_qingshuangshaonian_tob,male,,zh,角色扮演,https://lf3-static.bytednsdoc.com/obj/eden-cn/lm_hz_ihsph/ljhwZthlaukjlkulzlp/portal/bigtts/avatar/%E6%B8%85%E7%88%BD%E5%B0%91%E5%B9%B4.png,https://lf3-static.bytednsdoc.com/obj/eden-cn/lm_hz_ihsph/ljhwZthlaukjlkulzlp/portal/bigtts/audio/ICL_uranus_zh_male_qingshuangshaonian_tob.wav,,,true,247
青涩青年 2.0,冷酷低沉的青涩小奶狗，性格理性霸道，却很直爽角色扮演,ICL_uranus_zh_male_qingseqingnian_tob,male,,zh,角色扮演,https://lf3-static.bytednsdoc.com/obj/eden-cn/lm_hz_ihsph/ljhwZthlaukjlkulzlp/portal/bigtts/avatar/%E9%9D%92%E6%B6%A9%E9%9D%92%E5%B9%B4.png,https://lf3-static.bytednsdoc.com/obj/eden-cn/lm_hz_ihsph/ljhwZthlaukjlkulzlp/portal/bigtts/audio/ICL_uranus_zh_male_qingseqingnian_tob.wav,,,true,248
翩翩公子 2.0,清亮酷拽的孤傲公子，性格高冷理性，做事坚定有主见角色扮演,ICL_uranus_zh_male_pianpiangongzi_tob,male,,zh,角色扮演,https://lf3-static.bytednsdoc.com/obj/eden-cn/lm_hz_ihsph/ljhwZthlaukjlkulzlp/portal/bigtts/avatar/%E7%BF%A9%E7%BF%A9%E5%85%AC%E5%AD%90.png,https://lf3-static.bytednsdoc.com/obj/eden-cn/lm_hz_ihsph/ljhwZthlaukjlkulzlp/portal/bigtts/audio/ICL_uranus_zh_male_pianpiangongzi_tob.wav,,,true,249
内敛才俊 2.0,细心又贴心的少年，性格温暖又内敛有声阅读,ICL_uranus_zh_male_neiliancaijun_tob,male,,zh,有声阅读,https://lf3-static.bytednsdoc.com/obj/eden-cn/lm_hz_ihsph/ljhwZthlaukjlkulzlp/portal/bigtts/avatar/%E5%86%85%E6%95%9B%E6%89%8D%E4%BF%8A.png,https://lf3-static.bytednsdoc.com/obj/eden-cn/lm_hz_ihsph/ljhwZthlaukjlkulzlp/portal/bigtts/audio/ICL_uranus_zh_male_neiliancaijun_tob.wav,,,true,250
粘人男友 2.0,干净清澈的撒娇奶狗，敏感粘人超热情，相处甜蜜角色扮演,ICL_uranus_zh_male_nianrennanyou_tob,male,,zh,角色扮演,https://lf3-static.bytednsdoc.com/obj/eden-cn/lm_hz_ihsph/ljhwZthlaukjlkulzlp/portal/bigtts/avatar/%E7%B2%98%E4%BA%BA%E7%94%B7%E5%8F%8B.png,https://lf3-static.bytednsdoc.com/obj/eden-cn/lm_hz_ihsph/ljhwZthlaukjlkulzlp/portal/bigtts/audio/ICL_uranus_zh_male_nianrennanyou_tob.wav,,,true,251
嚣张小哥 2.0,张扬跋扈的小哥，嚣张自信，性格有些傲慢。角色扮演,ICL_uranus_zh_male_xiaozhangxiaoge_tob,male,,zh,角色扮演,https://lf3-static.bytednsdoc.com/obj/eden-cn/lm_hz_ihsph/ljhwZthlaukjlkulzlp/portal/bigtts/avatar/%E5%9A%A3%E5%BC%A0%E5%B0%8F%E5%93%A5.png,https://lf3-static.bytednsdoc.com/obj/eden-cn/lm_hz_ihsph/ljhwZthlaukjlkulzlp/portal/bigtts/audio/ICL_uranus_zh_male_xiaozhangxiaoge_tob.wav,,,true,252
懵懂青年 2.0,极具少年感的小奶狗，贴心温柔又细致角色扮演,ICL_uranus_zh_male_mengdongqingnian_tob,male,,zh,角色扮演,https://lf3-static.bytednsdoc.com/obj/eden-cn/lm_hz_ihsph/ljhwZthlaukjlkulzlp/portal/bigtts/avatar/%E6%87%B5%E6%87%82%E9%9D%92%E5%B9%B4.png,https://lf3-static.bytednsdoc.com/obj/eden-cn/lm_hz_ihsph/ljhwZthlaukjlkulzlp/portal/bigtts/audio/ICL_uranus_zh_male_mengdongqingnian_tob.wav,,,true,253
凌云青年 2.0,低沉浑厚的冷酷总裁，性格高冷理性，做事坚定有魄力角色扮演,ICL_uranus_zh_male_lingyunqingnian_tob,male,,zh,角色扮演,https://lf3-static.bytednsdoc.com/obj/eden-cn/lm_hz_ihsph/ljhwZthlaukjlkulzlp/portal/bigtts/avatar/%E5%87%8C%E4%BA%91%E9%9D%92%E5%B9%B4.png,https://lf3-static.bytednsdoc.com/obj/eden-cn/lm_hz_ihsph/ljhwZthlaukjlkulzlp/portal/bigtts/audio/ICL_uranus_zh_male_lingyunqingnian_tob.wav,,,true,254
冷漠兄长 2.0,低沉稳重的高冷青年，作为冷漠兄长，性格高冷却细心角色扮演,ICL_uranus_zh_male_lengmoxiongzhang_tob,male,,zh,角色扮演,https://lf3-static.bytednsdoc.com/obj/eden-cn/lm_hz_ihsph/ljhwZthlaukjlkulzlp/portal/bigtts/avatar/%E5%86%B7%E6%BC%A0%E5%85%84%E9%95%BF.png,https://lf3-static.bytednsdoc.com/obj/eden-cn/lm_hz_ihsph/ljhwZthlaukjlkulzlp/portal/bigtts/audio/ICL_uranus_zh_male_lengmoxiongzhang_tob.wav,,,true,255
冷漠男友 2.0,浑厚磁性的冷漠男，酷拽高冷，处事格外内敛角色扮演,ICL_uranus_zh_male_lengmonanyou_tob,male,,zh,角色扮演,https://lf3-static.bytednsdoc.com/obj/eden-cn/lm_hz_ihsph/ljhwZthlaukjlkulzlp/portal/bigtts/avatar/%E5%86%B7%E6%BC%A0%E7%94%B7%E5%8F%8B.png,https://lf3-static.bytednsdoc.com/obj/eden-cn/lm_hz_ihsph/ljhwZthlaukjlkulzlp/portal/bigtts/audio/ICL_uranus_zh_male_lengmonanyou_tob.wav,,,true,256
冷脸学霸 2.0,沉稳低沉的高冷侦探，性格从容包容，做事理性有条理角色扮演,ICL_uranus_zh_male_lenglianxueba_tob,male,,zh,角色扮演,https://lf3-static.bytednsdoc.com/obj/eden-cn/lm_hz_ihsph/ljhwZthlaukjlkulzlp/portal/bigtts/avatar/%E5%86%B7%E8%84%B8%E5%AD%A6%E9%9C%B8.png,https://lf3-static.bytednsdoc.com/obj/eden-cn/lm_hz_ihsph/ljhwZthlaukjlkulzlp/portal/bigtts/audio/ICL_uranus_zh_male_lenglianxueba_tob.wav,,,true,257
冷脸兄长 2.0,低沉稳重的冷脸兄长，性格高冷却很细心角色扮演,ICL_uranus_zh_male_lenglianxiongzhang_tob,male,,zh,角色扮演,https://lf3-static.bytednsdoc.com/obj/eden-cn/lm_hz_ihsph/ljhwZthlaukjlkulzlp/portal/bigtts/avatar/%E5%86%B7%E8%84%B8%E5%85%84%E9%95%BF.png,https://lf3-static.bytednsdoc.com/obj/eden-cn/lm_hz_ihsph/ljhwZthlaukjlkulzlp/portal/bigtts/audio/ICL_uranus_zh_male_lenglianxiongzhang_tob.wav,,,true,258
冷峻高智 2.0,张扬直爽的高冷侦探，性格耐心温柔，做事乐观积极角色扮演,ICL_uranus_zh_male_lengjungaozhi_tob,male,,zh,角色扮演,https://lf3-static.bytednsdoc.com/obj/eden-cn/lm_hz_ihsph/ljhwZthlaukjlkulzlp/portal/bigtts/avatar/%E5%86%B7%E5%B3%BB%E9%AB%98%E6%99%BA.png,https://lf3-static.bytednsdoc.com/obj/eden-cn/lm_hz_ihsph/ljhwZthlaukjlkulzlp/portal/bigtts/audio/ICL_uranus_zh_male_lengjungaozhi_tob.wav,,,true,259
冷傲总裁 2.0,高冷毒蛇总裁，性格孤傲，冷酷理性角色扮演,ICL_uranus_zh_male_lengaozongcai_tob,male,,zh,角色扮演,https://lf3-static.bytednsdoc.com/obj/eden-cn/lm_hz_ihsph/ljhwZthlaukjlkulzlp/portal/bigtts/avatar/%E5%86%B7%E5%82%B2%E6%80%BB%E8%A3%81.png,https://lf3-static.bytednsdoc.com/obj/eden-cn/lm_hz_ihsph/ljhwZthlaukjlkulzlp/portal/bigtts/audio/ICL_uranus_zh_male_lengaozongcai_tob.wav,,,true,260
开朗青年 2.0,低沉活泼的贴心男友，性格开朗阳光，做事细心周到角色扮演,ICL_uranus_zh_male_kailangqingnian_tob,male,,zh,角色扮演,https://lf3-static.bytednsdoc.com/obj/eden-cn/lm_hz_ihsph/ljhwZthlaukjlkulzlp/portal/bigtts/avatar/%E5%BC%80%E6%9C%97%E9%9D%92%E5%B9%B4.png,https://lf3-static.bytednsdoc.com/obj/eden-cn/lm_hz_ihsph/ljhwZthlaukjlkulzlp/portal/bigtts/audio/ICL_uranus_zh_male_kailangqingnian_tob.wav,,,true,261
俊逸公子 2.0,风度翩翩的公子，为人潇洒直率，举手投足尽显优雅角色扮演,ICL_uranus_zh_male_junyigongzi_tob,male,,zh,角色扮演,https://lf3-static.bytednsdoc.com/obj/eden-cn/lm_hz_ihsph/ljhwZthlaukjlkulzlp/portal/bigtts/avatar/%E4%BF%8A%E9%80%B8%E5%85%AC%E5%AD%90.png,https://lf3-static.bytednsdoc.com/obj/eden-cn/lm_hz_ihsph/ljhwZthlaukjlkulzlp/portal/bigtts/audio/ICL_uranus_zh_male_junyigongzi_tob.wav,,,true,262
精英青年 2.0,稳重磁性的高冷总裁，性格坚定理性，做事沉稳果决角色扮演,ICL_uranus_zh_male_jingyingqingnian_tob,male,,zh,角色扮演,https://lf3-static.bytednsdoc.com/obj/eden-cn/lm_hz_ihsph/ljhwZthlaukjlkulzlp/portal/bigtts/avatar/%E7%B2%BE%E8%8B%B1%E9%9D%92%E5%B9%B4.png,https://lf3-static.bytednsdoc.com/obj/eden-cn/lm_hz_ihsph/ljhwZthlaukjlkulzlp/portal/bigtts/audio/ICL_uranus_zh_male_jingyingqingnian_tob.wav,,,true,263
机甲智能 2.0,机械低沉的机甲智能，执行指令精准高效，毫无偏差角色扮演,ICL_uranus_zh_male_jijiazhineng_tob,male,,zh,角色扮演,https://lf3-static.bytednsdoc.com/obj/eden-cn/lm_hz_ihsph/ljhwZthlaukjlkulzlp/portal/bigtts/avatar/%E6%9C%BA%E7%94%B2%E6%99%BA%E8%83%BD.png,https://lf3-static.bytednsdoc.com/obj/eden-cn/lm_hz_ihsph/ljhwZthlaukjlkulzlp/portal/bigtts/audio/ICL_uranus_zh_male_jijiazhineng_tob.wav,,,true,264
胡子叔叔 2.0,历经风雨后变得沉稳的大叔，做事果敢，让人信赖。角色扮演,ICL_uranus_zh_male_huzishushu_tob,male,,zh,角色扮演,https://lf3-static.bytednsdoc.com/obj/eden-cn/lm_hz_ihsph/ljhwZthlaukjlkulzlp/portal/bigtts/avatar/%E8%83%A1%E5%AD%90%E5%8F%94%E5%8F%94.png,https://lf3-static.bytednsdoc.com/obj/eden-cn/lm_hz_ihsph/ljhwZthlaukjlkulzlp/portal/bigtts/audio/ICL_uranus_zh_male_huzishushu_tob.wav,,,true,265
活泼男友 2.0,活泼开朗的活力青年，乐观热情，浑身是劲儿角色扮演,ICL_uranus_zh_male_huoponanyou_tob,male,,zh,角色扮演,https://lf3-static.bytednsdoc.com/obj/eden-cn/lm_hz_ihsph/ljhwZthlaukjlkulzlp/portal/bigtts/avatar/%E6%B4%BB%E6%B3%BC%E7%94%B7%E5%8F%8B.png,https://lf3-static.bytednsdoc.com/obj/eden-cn/lm_hz_ihsph/ljhwZthlaukjlkulzlp/portal/bigtts/audio/ICL_uranus_zh_male_huoponanyou_tob.wav,,,true,266
活力青年 2.0,俏皮活泼的年下男，嘴甜会撩，开朗乐观又热情角色扮演,ICL_uranus_zh_male_huoliqingnian_tob,male,,zh,角色扮演,https://lf3-static.bytednsdoc.com/obj/eden-cn/lm_hz_ihsph/ljhwZthlaukjlkulzlp/portal/bigtts/avatar/%E6%B4%BB%E5%8A%9B%E9%9D%92%E5%B9%B4.png,https://lf3-static.bytednsdoc.com/obj/eden-cn/lm_hz_ihsph/ljhwZthlaukjlkulzlp/portal/bigtts/audio/ICL_uranus_zh_male_huoliqingnian_tob.wav,,,true,267
孤高公子 2.0,腹黑果决的傲娇公子，直爽潇洒，做事果敢坚定角色扮演,ICL_uranus_zh_male_gugaogongzi_tob,male,,zh,角色扮演,https://lf3-static.bytednsdoc.com/obj/eden-cn/lm_hz_ihsph/ljhwZthlaukjlkulzlp/portal/bigtts/avatar/%E5%AD%A4%E9%AB%98%E5%85%AC%E5%AD%90.png,https://lf3-static.bytednsdoc.com/obj/eden-cn/lm_hz_ihsph/ljhwZthlaukjlkulzlp/portal/bigtts/audio/ICL_uranus_zh_male_gugaogongzi_tob.wav,,,true,268
高冷总裁 2.0,酷拽又成熟的霸道总裁，思考与行事理性。角色扮演,ICL_uranus_zh_male_gaolengzongcai_tob,male,,zh,角色扮演,https://lf3-static.bytednsdoc.com/obj/eden-cn/lm_hz_ihsph/ljhwZthlaukjlkulzlp/portal/bigtts/avatar/%E9%AB%98%E5%86%B7%E6%80%BB%E8%A3%81.png,https://lf3-static.bytednsdoc.com/obj/eden-cn/lm_hz_ihsph/ljhwZthlaukjlkulzlp/portal/bigtts/audio/ICL_uranus_zh_male_gaolengzongcai_tob.wav,,,true,269
干净少年 2.0,声音沉稳的阳光青年，稳重乐观，为人开朗通透角色扮演,ICL_uranus_zh_male_ganjingshaonian_tob,male,,zh,角色扮演,https://lf3-static.bytednsdoc.com/obj/eden-cn/lm_hz_ihsph/ljhwZthlaukjlkulzlp/portal/bigtts/avatar/%E5%B9%B2%E5%87%80%E5%B0%91%E5%B9%B4.png,https://lf3-static.bytednsdoc.com/obj/eden-cn/lm_hz_ihsph/ljhwZthlaukjlkulzlp/portal/bigtts/audio/ICL_uranus_zh_male_ganjingshaonian_tob.wav,,,true,270
儒雅公子 2.0,风度翩翩的温文公子，性格坚定又沉稳有声阅读,ICL_uranus_zh_male_ruyagongzi_tob,male,,zh,有声阅读,https://lf3-static.bytednsdoc.com/obj/eden-cn/lm_hz_ihsph/ljhwZthlaukjlkulzlp/portal/bigtts/avatar/%E5%84%92%E9%9B%85%E5%85%AC%E5%AD%90.png,https://lf3-static.bytednsdoc.com/obj/eden-cn/lm_hz_ihsph/ljhwZthlaukjlkulzlp/portal/bigtts/audio/ICL_uranus_zh_male_ruyagongzi_tob.wav,,,true,271
风发少年 2.0,充满少年感的意气风发青年，乐观积极，充满朝气角色扮演,ICL_uranus_zh_male_fengfashaonian_tob,male,,zh,"角色扮演,S2S-SC",https://lf3-static.bytednsdoc.com/obj/eden-cn/lm_hz_ihsph/ljhwZthlaukjlkulzlp/portal/bigtts/avatar/%E9%A3%8E%E5%8F%91%E5%B0%91%E5%B9%B4.png,https://lf3-static.bytednsdoc.com/obj/eden-cn/lm_hz_ihsph/ljhwZthlaukjlkulzlp/portal/bigtts/audio/ICL_uranus_zh_male_fengfashaonian_tob.wav,,,true,272
低音沉郁 2.0,高冷沉稳又成熟的霸道总裁，气质酷拽，思考与行事理性角色扮演,ICL_uranus_zh_male_diyinchenyu_tob,male,,zh,角色扮演,https://lf3-static.bytednsdoc.com/obj/eden-cn/lm_hz_ihsph/ljhwZthlaukjlkulzlp/portal/bigtts/avatar/%E4%BD%8E%E9%9F%B3%E6%B2%89%E9%83%81.png,https://lf3-static.bytednsdoc.com/obj/eden-cn/lm_hz_ihsph/ljhwZthlaukjlkulzlp/portal/bigtts/audio/ICL_uranus_zh_male_diyinchenyu_tob.wav,,,true,273
醋精男生 2.0,清亮干净的年下男，醋意十足爱撒娇，性格带点傲娇任性角色扮演,ICL_uranus_zh_male_cujingnansheng_tob,male,,zh,角色扮演,https://lf3-static.bytednsdoc.com/obj/eden-cn/lm_hz_ihsph/ljhwZthlaukjlkulzlp/portal/bigtts/avatar/%E9%86%8B%E7%B2%BE%E7%94%B7%E7%94%9F.png,https://lf3-static.bytednsdoc.com/obj/eden-cn/lm_hz_ihsph/ljhwZthlaukjlkulzlp/portal/bigtts/audio/ICL_uranus_zh_male_cujingnansheng_tob.wav,,,true,274
磁性男嗓 2.0,磁性浑厚的贴心男友，性格酷拽沉稳，做事理性可靠角色扮演,ICL_uranus_zh_male_cixingnansang_tob,male,,zh,"角色扮演,S2S-SC",https://lf3-static.bytednsdoc.com/obj/eden-cn/lm_hz_ihsph/ljhwZthlaukjlkulzlp/portal/bigtts/avatar/%E7%A3%81%E6%80%A7%E7%94%B7%E5%97%93.png,https://lf3-static.bytednsdoc.com/obj/eden-cn/lm_hz_ihsph/ljhwZthlaukjlkulzlp/portal/bigtts/audio/ICL_uranus_zh_male_cixingnansang_tob.wav,,,true,275
成熟总裁 2.0,声音苍老浑厚的董事长，沉稳可靠，自带长者威严角色扮演,ICL_uranus_zh_male_chengshuzongcai_tob,male,,zh,"角色扮演,S2S-SC",https://lf3-static.bytednsdoc.com/obj/eden-cn/lm_hz_ihsph/ljhwZthlaukjlkulzlp/portal/bigtts/avatar/%E6%88%90%E7%86%9F%E6%80%BB%E8%A3%81.png,https://lf3-static.bytednsdoc.com/obj/eden-cn/lm_hz_ihsph/ljhwZthlaukjlkulzlp/portal/bigtts/audio/ICL_uranus_zh_male_chengshuzongcai_tob.wav,,,true,276
孱弱少爷 2.0,有清澈少年感与温润气质的 “病怏怏公子”，温柔体贴角色扮演,ICL_uranus_zh_male_chanruoshaoye_tob,male,,zh,角色扮演,https://lf3-static.bytednsdoc.com/obj/eden-cn/lm_hz_ihsph/ljhwZthlaukjlkulzlp/portal/bigtts/avatar/%E5%AD%B1%E5%BC%B1%E5%B0%91%E7%88%B7.png,https://lf3-static.bytednsdoc.com/obj/eden-cn/lm_hz_ihsph/ljhwZthlaukjlkulzlp/portal/bigtts/audio/ICL_uranus_zh_male_chanruoshaoye_tob.wav,,,true,277
咆哮小哥 2.0,凶冷低沉的咆哮青年，性格冷酷带侵略性,ICL_uranus_zh_male_paoxiaoxiaoge_tob,male,,zh,视频配音,https://lf3-static.bytednsdoc.com/obj/eden-cn/lm_hz_ihsph/ljhwZthlaukjlkulzlp/portal/bigtts/avatar/%E5%92%86%E5%93%AE%E5%B0%8F%E5%93%A5.png,https://lf3-static.bytednsdoc.com/obj/eden-cn/lm_hz_ihsph/ljhwZthlaukjlkulzlp/portal/bigtts/audio/ICL_uranus_zh_male_paoxiaoxiaoge_tob.wav,,,true,278
醇厚低音 2.0,儒雅青年，性格耐心温柔，待人谦和有书卷气,ICL_uranus_zh_male_chunhoudiyin_tob,male,,zh,视频配音,https://lf3-static.bytednsdoc.com/obj/eden-cn/lm_hz_ihsph/ljhwZthlaukjlkulzlp/portal/bigtts/avatar/%E9%86%87%E5%8E%9A%E4%BD%8E%E9%9F%B3.png,https://lf3-static.bytednsdoc.com/obj/eden-cn/lm_hz_ihsph/ljhwZthlaukjlkulzlp/portal/bigtts/audio/ICL_uranus_zh_male_chunhoudiyin_tob.wav,,,true,279
不羁青年 2.0,干净阳光的乐观青年，性格阳光积极，行事潇洒自在角色扮演,ICL_uranus_zh_male_bujiqingnian_tob,male,,zh,角色扮演,https://lf3-static.bytednsdoc.com/obj/eden-cn/lm_hz_ihsph/ljhwZthlaukjlkulzlp/portal/bigtts/avatar/%E4%B8%8D%E7%BE%81%E9%9D%92%E5%B9%B4.png,https://lf3-static.bytednsdoc.com/obj/eden-cn/lm_hz_ihsph/ljhwZthlaukjlkulzlp/portal/bigtts/audio/ICL_uranus_zh_male_bujiqingnian_tob.wav,,,true,280
病弱少年 2.0,腹黑低沉的病娇男，体质较弱，性格偏执角色扮演,ICL_uranus_zh_male_bingruoshaonian_tob,male,,zh,角色扮演,https://lf3-static.bytednsdoc.com/obj/eden-cn/lm_hz_ihsph/ljhwZthlaukjlkulzlp/portal/bigtts/avatar/%E7%97%85%E5%BC%B1%E5%B0%91%E5%B9%B4.png,https://lf3-static.bytednsdoc.com/obj/eden-cn/lm_hz_ihsph/ljhwZthlaukjlkulzlp/portal/bigtts/audio/ICL_uranus_zh_male_bingruoshaonian_tob.wav,,,true,281
病娇少年 2.0,腹黑的病娇男，性格偏执，情绪容易极端角色扮演,ICL_uranus_zh_male_bingjiaoshaonian_tob,male,,zh,角色扮演,https://lf3-static.bytednsdoc.com/obj/eden-cn/lm_hz_ihsph/ljhwZthlaukjlkulzlp/portal/bigtts/avatar/%E7%97%85%E5%A8%87%E5%B0%91%E5%B9%B4.png,https://lf3-static.bytednsdoc.com/obj/eden-cn/lm_hz_ihsph/ljhwZthlaukjlkulzlp/portal/bigtts/audio/ICL_uranus_zh_male_bingjiaoshaonian_tob.wav,,,true,282
病娇男友 2.0,腹黑低沉的病娇男友，偏执疯癫，占有欲极强角色扮演,ICL_uranus_zh_male_bingjiaonanyou_tob,male,,zh,角色扮演,https://lf3-static.bytednsdoc.com/obj/eden-cn/lm_hz_ihsph/ljhwZthlaukjlkulzlp/portal/bigtts/avatar/%E7%97%85%E5%A8%87%E7%94%B7%E5%8F%8B.png,https://lf3-static.bytednsdoc.com/obj/eden-cn/lm_hz_ihsph/ljhwZthlaukjlkulzlp/portal/bigtts/audio/ICL_uranus_zh_male_bingjiaonanyou_tob.wav,,,true,283
霸道少爷 2.0,嗓音浑厚的高冷总裁型少爷，做事理性，风格霸道角色扮演,ICL_uranus_zh_male_badaoshaoye_tob,male,,zh,"角色扮演,S2S-SC",https://lf3-static.bytednsdoc.com/obj/eden-cn/lm_hz_ihsph/ljhwZthlaukjlkulzlp/portal/bigtts/avatar/%E9%9C%B8%E9%81%93%E5%B0%91%E7%88%B7.png,https://lf3-static.bytednsdoc.com/obj/eden-cn/lm_hz_ihsph/ljhwZthlaukjlkulzlp/portal/bigtts/audio/ICL_uranus_zh_male_badaoshaoye_tob.wav,,,true,284
傲慢青年 2.0,明亮张扬的富家公子哥，性格傲慢嚣张，自带优越感角色扮演,ICL_uranus_zh_male_aomanqingnian_tob,male,,zh,角色扮演,https://lf3-static.bytednsdoc.com/obj/eden-cn/lm_hz_ihsph/ljhwZthlaukjlkulzlp/portal/bigtts/avatar/%E5%82%B2%E6%85%A2%E9%9D%92%E5%B9%B4.png,https://lf3-static.bytednsdoc.com/obj/eden-cn/lm_hz_ihsph/ljhwZthlaukjlkulzlp/portal/bigtts/audio/ICL_uranus_zh_male_aomanqingnian_tob.wav,,,true,285
傲娇精英 2.0,高冷沉稳的傲娇男，身为精英却口是心非，性格内敛角色扮演,ICL_uranus_zh_male_aojiaojingying_tob,male,,zh,"角色扮演,S2S-SC",https://lf3-static.bytednsdoc.com/obj/eden-cn/lm_hz_ihsph/ljhwZthlaukjlkulzlp/portal/bigtts/avatar/%E5%82%B2%E5%A8%87%E7%B2%BE%E8%8B%B1.png,https://lf3-static.bytednsdoc.com/obj/eden-cn/lm_hz_ihsph/ljhwZthlaukjlkulzlp/portal/bigtts/audio/ICL_uranus_zh_male_aojiaojingying_tob.wav,,,true,286
傲娇公子 2.0,腹黑果决的傲娇公子，音色清亮干脆，直爽潇洒角色扮演,ICL_uranus_zh_male_aojiaogongzi_tob,male,,zh,"角色扮演,S2S-SC",https://lf3-static.bytednsdoc.com/obj/eden-cn/lm_hz_ihsph/ljhwZthlaukjlkulzlp/portal/bigtts/avatar/%E5%82%B2%E5%A8%87%E5%85%AC%E5%AD%90.png,https://lf3-static.bytednsdoc.com/obj/eden-cn/lm_hz_ihsph/ljhwZthlaukjlkulzlp/portal/bigtts/audio/ICL_uranus_zh_male_aojiaogongzi_tob.wav,,,true,287
邪魅御姐 2.0,性感优雅且风情万种的御姐，嚣张自信，成熟妩媚。角色扮演,ICL_uranus_zh_female_xiemeiyujie_tob,female,,zh,角色扮演,https://lf3-static.bytednsdoc.com/obj/eden-cn/lm_hz_ihsph/ljhwZthlaukjlkulzlp/portal/bigtts/avatar/%E9%82%AA%E9%AD%85%E5%BE%A1%E5%A7%90.png,https://lf3-static.bytednsdoc.com/obj/eden-cn/lm_hz_ihsph/ljhwZthlaukjlkulzlp/portal/bigtts/audio/ICL_uranus_zh_female_xiemeiyujie_tob.wav,,,true,288
甜美小雨 2.0,温柔清澈的青年老师，性格理性自信,ICL_uranus_zh_female_tianmeixiaoyu_tob,female,,zh,客服场景,https://lf3-static.bytednsdoc.com/obj/eden-cn/lm_hz_ihsph/ljhwZthlaukjlkulzlp/portal/bigtts/avatar/%E7%94%9C%E7%BE%8E%E5%B0%8F%E9%9B%A8.png,https://lf3-static.bytednsdoc.com/obj/eden-cn/lm_hz_ihsph/ljhwZthlaukjlkulzlp/portal/bigtts/audio/ICL_uranus_zh_female_tianmeixiaoyu_tob.wav,,,true,289
甜美小橘 2.0,温柔知性的辅导员，善解人意超会疏导学生,ICL_uranus_zh_female_tianmeixiaoju_tob,female,,zh,客服场景,https://lf3-static.bytednsdoc.com/obj/eden-cn/lm_hz_ihsph/ljhwZthlaukjlkulzlp/portal/bigtts/avatar/%E7%94%9C%E7%BE%8E%E5%B0%8F%E6%A9%98.png,https://lf3-static.bytednsdoc.com/obj/eden-cn/lm_hz_ihsph/ljhwZthlaukjlkulzlp/portal/bigtts/audio/ICL_uranus_zh_female_tianmeixiaoju_tob.wav,,,true,290
倾心少女 2.0,说话软乎乎的乖巧女孩，天真呆萌很讨喜,ICL_uranus_zh_female_qingxinshaonv_tob,female,,zh,视频配音,https://lf3-static.bytednsdoc.com/obj/eden-cn/lm_hz_ihsph/ljhwZthlaukjlkulzlp/portal/bigtts/avatar/%E5%80%BE%E5%BF%83%E5%B0%91%E5%A5%B3.png,https://lf3-static.bytednsdoc.com/obj/eden-cn/lm_hz_ihsph/ljhwZthlaukjlkulzlp/portal/bigtts/audio/ICL_uranus_zh_female_qingxinshaonv_tob.wav,,,true,291
性感魅惑 2.0,性感的魅惑姐姐，明艳动人，待人热情角色扮演,ICL_uranus_zh_female_xingganmeihuo_tob,female,,zh,角色扮演,https://lf3-static.bytednsdoc.com/obj/eden-cn/lm_hz_ihsph/ljhwZthlaukjlkulzlp/portal/bigtts/avatar/%E6%80%A7%E6%84%9F%E9%AD%85%E6%83%91.png,https://lf3-static.bytednsdoc.com/obj/eden-cn/lm_hz_ihsph/ljhwZthlaukjlkulzlp/portal/bigtts/audio/ICL_uranus_zh_female_xingganmeihuo_tob.wav,,,true,292
邻居阿姨  2.0,温暖成熟的中年阿姨，兼具知性气质，待人耐心和善,ICL_uranus_zh_female_linjuayi_tob,female,,zh,,https://lf3-static.bytednsdoc.com/obj/eden-cn/lm_hz_ihsph/ljhwZthlaukjlkulzlp/portal/bigtts/avatar/%E9%82%BB%E5%B1%85%E9%98%BF%E5%A7%A8.png,https://lf3-static.bytednsdoc.com/obj/eden-cn/lm_hz_ihsph/ljhwZthlaukjlkulzlp/portal/bigtts/audio/ICL_uranus_zh_female_linjuayi_tob.wav,,,true,293
活泼女孩  2.0,明亮天真的甜美女友，阳光活泼，满是活力角色扮演,ICL_uranus_zh_female_huoponvhai_tob,female,,zh,,https://lf3-static.bytednsdoc.com/obj/eden-cn/lm_hz_ihsph/ljhwZthlaukjlkulzlp/portal/bigtts/avatar/%E6%B4%BB%E6%B3%BC%E5%A5%B3%E5%AD%A9.png,https://lf3-static.bytednsdoc.com/obj/eden-cn/lm_hz_ihsph/ljhwZthlaukjlkulzlp/portal/bigtts/audio/ICL_uranus_zh_female_huoponvhai_tob.wav,,,true,294
和蔼奶奶  2.0,慈祥的老奶奶，耐心亲切，散发着岁月沉淀的温柔,ICL_uranus_zh_female_heainainai_tob,female,,zh,,https://lf3-static.bytednsdoc.com/obj/eden-cn/lm_hz_ihsph/ljhwZthlaukjlkulzlp/portal/bigtts/avatar/%E5%92%8C%E8%94%BC%E5%A5%B6%E5%A5%B6.png,https://lf3-static.bytednsdoc.com/obj/eden-cn/lm_hz_ihsph/ljhwZthlaukjlkulzlp/portal/bigtts/audio/ICL_uranus_zh_female_heainainai_tob.wav,,,true,295
妩媚可人 2.0,性感妩媚的姐姐，性格邪魅成熟，充满女人味。角色扮演,ICL_uranus_zh_female_wumeikeren_tob,female,,zh,角色扮演,https://lf3-static.bytednsdoc.com/obj/eden-cn/lm_hz_ihsph/ljhwZthlaukjlkulzlp/portal/bigtts/avatar/%E5%A6%A9%E5%AA%9A%E5%8F%AF%E4%BA%BA.png,https://lf3-static.bytednsdoc.com/obj/eden-cn/lm_hz_ihsph/ljhwZthlaukjlkulzlp/portal/bigtts/audio/ICL_uranus_zh_female_wumeikeren_tob.wav,,,true,296
病弱少女  2.0,稚气可爱的妹妹，懦弱谦虚，语气轻柔，让人充满保护欲角色扮演,ICL_uranus_zh_female_bingruoshaonv_tob,female,,zh,,https://lf3-static.bytednsdoc.com/obj/eden-cn/lm_hz_ihsph/ljhwZthlaukjlkulzlp/portal/bigtts/avatar/%E7%97%85%E5%BC%B1%E5%B0%91%E5%A5%B3.png,https://lf3-static.bytednsdoc.com/obj/eden-cn/lm_hz_ihsph/ljhwZthlaukjlkulzlp/portal/bigtts/audio/ICL_uranus_zh_female_bingruoshaonv_tob.wav,,,true,297
邪魅女王 2.0,邪魅残酷的病娇女孩，气质魅惑，行事带着几分残忍角色扮演,ICL_uranus_zh_female_xiemeinvwang_tob,female,,zh,角色扮演,https://lf3-static.bytednsdoc.com/obj/eden-cn/lm_hz_ihsph/ljhwZthlaukjlkulzlp/portal/bigtts/avatar/%E9%82%AA%E9%AD%85%E5%A5%B3%E7%8E%8B.png,https://lf3-static.bytednsdoc.com/obj/eden-cn/lm_hz_ihsph/ljhwZthlaukjlkulzlp/portal/bigtts/audio/ICL_uranus_zh_female_xiemeinvwang_tob.wav,,,true,298
Zayne 2.0,多愁善感的忧郁青年，温柔细腻，擅长英语外语音色,ICL_uranus_en_male_zayne_tob,male,,en,外语音色,https://lf3-static.bytednsdoc.com/obj/eden-cn/lm_hz_ihsph/ljhwZthlaukjlkulzlp/portal/bigtts/avatar/Zayne.png,https://lf3-static.bytednsdoc.com/obj/eden-cn/lm_hz_ihsph/ljhwZthlaukjlkulzlp/portal/bigtts/audio/ICL_uranus_en_male_zayne_tob.wav,,,true,299
Xavier 2.0,斯文眼镜男，忧郁内敛，擅长英语外语音色,ICL_uranus_en_male_xavier_tob,male,,en,外语音色,https://lf3-static.bytednsdoc.com/obj/eden-cn/lm_hz_ihsph/ljhwZthlaukjlkulzlp/portal/bigtts/avatar/Xavier.png,https://lf3-static.bytednsdoc.com/obj/eden-cn/lm_hz_ihsph/ljhwZthlaukjlkulzlp/portal/bigtts/audio/ICL_uranus_en_male_xavier_tob.wav,,,true,300
Cartoon Chef 2.0,声音磁性的成熟大叔，稳重坚定，擅长英语外语音色,ICL_uranus_en_male_cartoon_chef_tob,male,,en,外语音色,https://lf3-static.bytednsdoc.com/obj/eden-cn/lm_hz_ihsph/ljhwZthlaukjlkulzlp/portal/bigtts/avatar/Cartoon%20Chef.png,https://lf3-static.bytednsdoc.com/obj/eden-cn/lm_hz_ihsph/ljhwZthlaukjlkulzlp/portal/bigtts/audio/ICL_uranus_en_male_cartoon_chef_tob.wav,,,true,301
Clown Man 2.0,嘶哑磁性的恐怖小丑，性格诡秘奸诈，擅长英语外语音色,ICL_uranus_en_male_clown_man_tob,male,,en,外语音色,https://lf3-static.bytednsdoc.com/obj/eden-cn/lm_hz_ihsph/ljhwZthlaukjlkulzlp/portal/bigtts/avatar/Clown%20Man.png,https://lf3-static.bytednsdoc.com/obj/eden-cn/lm_hz_ihsph/ljhwZthlaukjlkulzlp/portal/bigtts/audio/ICL_uranus_en_male_clown_man_tob.wav,,,true,302
Jigsaw 2.0,声音嘶哑的病弱爷爷，质朴有耐心，擅长英语外语音色,ICL_uranus_en_male_jigsaw_tob,male,,en,外语音色,https://lf3-static.bytednsdoc.com/obj/eden-cn/lm_hz_ihsph/ljhwZthlaukjlkulzlp/portal/bigtts/avatar/Jigsaw.png,https://lf3-static.bytednsdoc.com/obj/eden-cn/lm_hz_ihsph/ljhwZthlaukjlkulzlp/portal/bigtts/audio/ICL_uranus_en_male_jigsaw_tob.wav,,,true,303
Noah 2.0,浑厚苍老的严厉爷爷，沉稳直率，擅长英语外语音色,ICL_uranus_en_male_noah_tob,male,,en,外语音色,https://lf3-static.bytednsdoc.com/obj/eden-cn/lm_hz_ihsph/ljhwZthlaukjlkulzlp/portal/bigtts/avatar/Noah.png,https://lf3-static.bytednsdoc.com/obj/eden-cn/lm_hz_ihsph/ljhwZthlaukjlkulzlp/portal/bigtts/audio/ICL_uranus_en_male_noah_tob.wav,,,true,304
Chucky 2.0,善于伪装的反派角色，行事诡秘又奸诈，擅长英语外语音色,ICL_uranus_en_male_chucky_tob,male,,en,外语音色,https://lf3-static.bytednsdoc.com/obj/eden-cn/lm_hz_ihsph/ljhwZthlaukjlkulzlp/portal/bigtts/avatar/Chucky.png,https://lf3-static.bytednsdoc.com/obj/eden-cn/lm_hz_ihsph/ljhwZthlaukjlkulzlp/portal/bigtts/audio/ICL_uranus_en_male_chucky_tob.wav,,,true,305
Alastor 2.0,恐怖电影里的小丑，声音尖锐，有侵略性，擅长英语外语音色,ICL_uranus_en_male_alastor_tob,male,,en,外语音色,https://lf3-static.bytednsdoc.com/obj/eden-cn/lm_hz_ihsph/ljhwZthlaukjlkulzlp/portal/bigtts/avatar/Alastor.png,https://lf3-static.bytednsdoc.com/obj/eden-cn/lm_hz_ihsph/ljhwZthlaukjlkulzlp/portal/bigtts/audio/ICL_uranus_en_male_alastor_tob.wav,,,true,306
Ethan 2.0,温文尔雅的大叔，亲切又耐心擅长英语外语音色,ICL_uranus_en_male_ethan_tob,male,,en,外语音色,https://lf3-static.bytednsdoc.com/obj/eden-cn/lm_hz_ihsph/ljhwZthlaukjlkulzlp/portal/bigtts/avatar/Ethan.png,https://lf3-static.bytednsdoc.com/obj/eden-cn/lm_hz_ihsph/ljhwZthlaukjlkulzlp/portal/bigtts/audio/ICL_uranus_en_male_ethan_tob.wav,,,true,307
Charlie 2.0,充满活力的拉拉队队长，活泼开朗，擅长英语外语音色,ICL_uranus_en_female_charlie_tob,female,,en,外语音色,https://lf3-static.bytednsdoc.com/obj/eden-cn/lm_hz_ihsph/ljhwZthlaukjlkulzlp/portal/bigtts/avatar/Charlie.png,https://lf3-static.bytednsdoc.com/obj/eden-cn/lm_hz_ihsph/ljhwZthlaukjlkulzlp/portal/bigtts/audio/ICL_uranus_en_female_charlie_tob.wav,,,true,308
儿童绘本 2.0,清甜讲述者，充满童趣与耐心，为孩子编织美好梦境有声阅读,zh_female_xiaoxue_uranus_bigtts,female,,zh,有声阅读,https://lf3-static.bytednsdoc.com/obj/eden-cn/lm_hz_ihsph/ljhwZthlaukjlkulzlp/portal/bigtts/avatar/%E5%84%BF%E7%AB%A5%E7%BB%98%E6%9C%AC.png,https://lf3-static.bytednsdoc.com/obj/eden-cn/lm_hz_ihsph/ljhwZthlaukjlkulzlp/portal/bigtts/zh_female_xiaoxue_uranus_bigtts.mp3,,,true,309
甜美小源 2.0,声线明亮甜美的专业客服，亲切耐心，服务细致周到,zh_female_tianmeixiaoyuan_uranus_bigtts,female,,zh,通用场景,https://lf3-static.bytednsdoc.com/obj/eden-cn/lm_hz_ihsph/ljhwZthlaukjlkulzlp/portal/bigtts/avatar/%E7%94%9C%E7%BE%8E%E5%B0%8F%E6%BA%90.png,https://lf3-static.bytednsdoc.com/obj/eden-cn/lm_hz_ihsph/ljhwZthlaukjlkulzlp/portal/bigtts/zh_female_tianmeixiaoyuan_uranus_bigtts.mp3,,,true,310
优柔公子 2.0,低沉带气泡感的温润小哥，难掩如玉气质角色扮演,ICL_uranus_zh_male_yourougongzi_tob,male,,zh,角色扮演,https://lf3-static.bytednsdoc.com/obj/eden-cn/lm_hz_ihsph/ljhwZthlaukjlkulzlp/portal/bigtts/avatar/%E4%BC%98%E6%9F%94%E5%85%AC%E5%AD%90.png,https://lf3-static.bytednsdoc.com/obj/eden-cn/lm_hz_ihsph/ljhwZthlaukjlkulzlp/portal/bigtts/audio/ICL_uranus_zh_male_yourougongzi_tob.wav,,,true,311
幽默叔叔 2.0,帅气大叔，诙谐幽默，为人慷慨热情角色扮演,ICL_uranus_zh_male_youmoshushu_tob,male,,zh,角色扮演,https://lf3-static.bytednsdoc.com/obj/eden-cn/lm_hz_ihsph/ljhwZthlaukjlkulzlp/portal/bigtts/avatar/%E5%B9%BD%E9%BB%98%E5%8F%94%E5%8F%94.png,https://lf3-static.bytednsdoc.com/obj/eden-cn/lm_hz_ihsph/ljhwZthlaukjlkulzlp/portal/bigtts/audio/ICL_uranus_zh_male_youmoshushu_tob.wav,,,true,312
幽默大爷 2.0,矍铄沧桑的乐观爷爷，通透豁达又从容角色扮演,ICL_uranus_zh_male_youmodaye_tob,male,,zh,角色扮演,https://lf3-static.bytednsdoc.com/obj/eden-cn/lm_hz_ihsph/ljhwZthlaukjlkulzlp/portal/bigtts/avatar/%E5%B9%BD%E9%BB%98%E5%A4%A7%E7%88%B7.png,https://lf3-static.bytednsdoc.com/obj/eden-cn/lm_hz_ihsph/ljhwZthlaukjlkulzlp/portal/bigtts/audio/ICL_uranus_zh_male_youmodaye_tob.wav,,,true,313
学霸男同桌 2.0,清爽男高兼学霸同桌，木讷内敛，却很靠谱角色扮演,ICL_uranus_zh_male_xuebanantongzhuo_tob,male,,zh,角色扮演,https://lf3-static.bytednsdoc.com/obj/eden-cn/lm_hz_ihsph/ljhwZthlaukjlkulzlp/portal/bigtts/avatar/%E5%AD%A6%E9%9C%B8%E7%94%B7%E5%90%8C%E6%A1%8C.png,https://lf3-static.bytednsdoc.com/obj/eden-cn/lm_hz_ihsph/ljhwZthlaukjlkulzlp/portal/bigtts/audio/ICL_uranus_zh_male_xuebanantongzhuo_tob.wav,,,true,314
温柔内敛 2.0,柔和细腻的守护者，懂你的欲言又止。角色扮演,ICL_uranus_zh_male_wenrouneilian_tob,male,,zh,角色扮演,https://lf3-static.bytednsdoc.com/obj/eden-cn/lm_hz_ihsph/ljhwZthlaukjlkulzlp/portal/bigtts/avatar/%E6%B8%A9%E6%9F%94%E5%86%85%E6%95%9B%202.0.png,https://lf3-static.bytednsdoc.com/obj/eden-cn/lm_hz_ihsph/ljhwZthlaukjlkulzlp/portal/bigtts/audio/ICL_uranus_zh_male_wenrouneilian_tob.wav,,,true,315
奶气小生 2.0,少年感阳光奶狗高中生，阳光直率，充满活力。角色扮演,ICL_uranus_zh_male_naiqixiaosheng_tob,male,,zh,角色扮演,https://lf3-static.bytednsdoc.com/obj/eden-cn/lm_hz_ihsph/ljhwZthlaukjlkulzlp/portal/bigtts/avatar/%E5%A5%B6%E6%B0%94%E5%B0%8F%E7%94%9F.png,https://lf3-static.bytednsdoc.com/obj/eden-cn/lm_hz_ihsph/ljhwZthlaukjlkulzlp/portal/bigtts/audio/ICL_uranus_zh_male_naiqixiaosheng_tob.wav,,,true,316
寡言小哥 2.0,寡言少语但温柔贴心的男生。角色扮演,ICL_uranus_zh_male_guayanxiaoge_tob,male,,zh,角色扮演,https://lf3-static.bytednsdoc.com/obj/eden-cn/lm_hz_ihsph/ljhwZthlaukjlkulzlp/portal/bigtts/avatar/%E5%AF%A1%E8%A8%80%E5%B0%8F%E5%93%A5%202.0.png,https://lf3-static.bytednsdoc.com/obj/eden-cn/lm_hz_ihsph/ljhwZthlaukjlkulzlp/portal/bigtts/audio/ICL_uranus_zh_male_guayanxiaoge_tob.wav,,,true,317
温柔男同桌 2.0,温暖帅气的翩翩少年，性格温柔善良，超治愈角色扮演,ICL_uranus_zh_male_wenrounantongzhuo_tob,male,,zh,角色扮演,https://lf3-static.bytednsdoc.com/obj/eden-cn/lm_hz_ihsph/ljhwZthlaukjlkulzlp/portal/bigtts/avatar/%E6%B8%A9%E6%9F%94%E7%94%B7%E5%90%8C%E6%A1%8C.png,https://lf3-static.bytednsdoc.com/obj/eden-cn/lm_hz_ihsph/ljhwZthlaukjlkulzlp/portal/bigtts/audio/ICL_uranus_zh_male_wenrounantongzhuo_tob.wav,,,true,318
贴心男友 2.0,邻家小哥哥，骑士男二型，超会照顾人角色扮演,ICL_uranus_zh_male_tiexinnanyou_tob,male,,zh,角色扮演,https://lf3-static.bytednsdoc.com/obj/eden-cn/lm_hz_ihsph/ljhwZthlaukjlkulzlp/portal/bigtts/avatar/%E8%B4%B4%E5%BF%83%E7%94%B7%E5%8F%8B.png,https://lf3-static.bytednsdoc.com/obj/eden-cn/lm_hz_ihsph/ljhwZthlaukjlkulzlp/portal/bigtts/audio/ICL_uranus_zh_male_tiexinnanyou_tob.wav,,,true,319
低沉缱绻 2.0,声线低沉缱绻的恋人，深情专注，温柔眷恋。角色扮演,ICL_uranus_zh_male_dichenqianquan_tob,male,,zh,角色扮演,https://lf3-static.bytednsdoc.com/obj/eden-cn/lm_hz_ihsph/ljhwZthlaukjlkulzlp/portal/bigtts/avatar/%E4%BD%8E%E6%B2%89%E7%BC%B1%E7%BB%BB%202.0.png,https://lf3-static.bytednsdoc.com/obj/eden-cn/lm_hz_ihsph/ljhwZthlaukjlkulzlp/portal/bigtts/audio/ICL_uranus_zh_male_dichenqianquan_tob.wav,,,true,320
神秘法师 2.0,声音低沉浑厚的大叔，满是慈爱，让人信赖角色扮演,ICL_uranus_zh_male_shenmifashi_tob,male,,zh,角色扮演,https://lf3-static.bytednsdoc.com/obj/eden-cn/lm_hz_ihsph/ljhwZthlaukjlkulzlp/portal/bigtts/avatar/%E7%A5%9E%E7%A7%98%E6%B3%95%E5%B8%88.png,https://lf3-static.bytednsdoc.com/obj/eden-cn/lm_hz_ihsph/ljhwZthlaukjlkulzlp/portal/bigtts/audio/ICL_uranus_zh_male_shenmifashi_tob.wav,,,true,321
少年将军 2.0,沉稳冷静的少年将军，英姿飒爽有气场角色扮演,ICL_uranus_zh_male_shaonianjiangjun_tob,male,,zh,角色扮演,https://lf3-static.bytednsdoc.com/obj/eden-cn/lm_hz_ihsph/ljhwZthlaukjlkulzlp/portal/bigtts/avatar/%E5%B0%91%E5%B9%B4%E5%B0%86%E5%86%9B.png,https://lf3-static.bytednsdoc.com/obj/eden-cn/lm_hz_ihsph/ljhwZthlaukjlkulzlp/portal/bigtts/audio/ICL_uranus_zh_male_shaonianjiangjun_tob.wav,,,true,322
清朗温润 2.0,为人温暖亲切、气质清澈的男生。角色扮演,ICL_uranus_zh_male_qinglangwenrun_tob,male,,zh,角色扮演,https://lf3-static.bytednsdoc.com/obj/eden-cn/lm_hz_ihsph/ljhwZthlaukjlkulzlp/portal/bigtts/avatar/%E6%B8%85%E6%9C%97%E6%B8%A9%E6%B6%A6%202.0.png,https://lf3-static.bytednsdoc.com/obj/eden-cn/lm_hz_ihsph/ljhwZthlaukjlkulzlp/portal/bigtts/audio/ICL_uranus_zh_male_qinglangwenrun_tob.wav,,,true,323
沉稳优雅 2.0,睿智稳重、醇厚从容的优雅绅士。角色扮演,ICL_uranus_zh_male_chenwenyouya_tob,male,,zh,角色扮演,https://lf3-static.bytednsdoc.com/obj/eden-cn/lm_hz_ihsph/ljhwZthlaukjlkulzlp/portal/bigtts/avatar/%E6%B2%89%E7%A8%B3%E4%BC%98%E9%9B%85%202.0.png,https://lf3-static.bytednsdoc.com/obj/eden-cn/lm_hz_ihsph/ljhwZthlaukjlkulzlp/portal/bigtts/audio/ICL_uranus_zh_male_chenwenyouya_tob.wav,,,true,324
闷油瓶小哥 2.0,沉稳成熟的学长，性格内敛理性，做事可靠有担当。角色扮演,ICL_uranus_zh_male_menyoupingxiaoge_tob,male,,zh,角色扮演,https://lf3-static.bytednsdoc.com/obj/eden-cn/lm_hz_ihsph/ljhwZthlaukjlkulzlp/portal/bigtts/avatar/%E9%97%B7%E6%B2%B9%E7%93%B6%E5%B0%8F%E5%93%A5.png,https://lf3-static.bytednsdoc.com/obj/eden-cn/lm_hz_ihsph/ljhwZthlaukjlkulzlp/portal/bigtts/audio/ICL_uranus_zh_male_menyoupingxiaoge_tob.wav,,,true,325
清冷矜贵 2.0,清冷矜贵的智者，通透淡然，不迎合也不将就。角色扮演,ICL_uranus_zh_male_qinglengjingui_tob,male,,zh,角色扮演,https://lf3-static.bytednsdoc.com/obj/eden-cn/lm_hz_ihsph/ljhwZthlaukjlkulzlp/portal/bigtts/avatar/%E6%B8%85%E5%86%B7%E7%9F%9C%E8%B4%B5%202.0.png,https://lf3-static.bytednsdoc.com/obj/eden-cn/lm_hz_ihsph/ljhwZthlaukjlkulzlp/portal/bigtts/audio/ICL_uranus_zh_male_qinglengjingui_tob.wav,,,true,326
冷酷哥哥 2.0,腹黑又傲娇的青年，看似高冷，实则嘴硬心软。,ICL_uranus_zh_male_lengkugege_tob,male,,zh,通用场景,https://lf3-static.bytednsdoc.com/obj/eden-cn/lm_hz_ihsph/ljhwZthlaukjlkulzlp/portal/bigtts/avatar/%E5%86%B7%E9%85%B7%E5%93%A5%E5%93%A5.png,https://lf3-static.bytednsdoc.com/obj/eden-cn/lm_hz_ihsph/ljhwZthlaukjlkulzlp/portal/bigtts/audio/ICL_uranus_zh_male_lengkugege_tob.wav,,,true,327
冷峻上司 2.0,高冷稳重的霸道总裁，理性又果断角色扮演,ICL_uranus_zh_male_lengjunshangsi_tob,male,,zh,角色扮演,https://lf3-static.bytednsdoc.com/obj/eden-cn/lm_hz_ihsph/ljhwZthlaukjlkulzlp/portal/bigtts/avatar/%E5%86%B7%E5%B3%BB%E4%B8%8A%E5%8F%B8.png,https://lf3-static.bytednsdoc.com/obj/eden-cn/lm_hz_ihsph/ljhwZthlaukjlkulzlp/portal/bigtts/audio/ICL_uranus_zh_male_lengjunshangsi_tob.wav,,,true,328
蓝银草魂师 2.0,忠诚坚韧，默默为你遮风挡雨的蓝银草魂师。角色扮演,ICL_uranus_zh_male_lanyincaohunshi_tob,male,,zh,角色扮演,https://lf3-static.bytednsdoc.com/obj/eden-cn/lm_hz_ihsph/ljhwZthlaukjlkulzlp/portal/bigtts/avatar/%E8%93%9D%E9%93%B6%E8%8D%89%E9%AD%82%E5%B8%88%202.0.png,https://lf3-static.bytednsdoc.com/obj/eden-cn/lm_hz_ihsph/ljhwZthlaukjlkulzlp/portal/bigtts/audio/ICL_uranus_zh_male_lanyincaohunshi_tob.wav,,,true,329
孤傲公子 2.0,充满少年感的高冷青年，性格孤傲高冷，却很自信。角色扮演,ICL_uranus_zh_male_guaogongzi_tob,male,,zh,角色扮演,https://lf3-static.bytednsdoc.com/obj/eden-cn/lm_hz_ihsph/ljhwZthlaukjlkulzlp/portal/bigtts/avatar/%E5%AD%A4%E5%82%B2%E5%85%AC%E5%AD%90.png,https://lf3-static.bytednsdoc.com/obj/eden-cn/lm_hz_ihsph/ljhwZthlaukjlkulzlp/portal/bigtts/audio/ICL_uranus_zh_male_guaogongzi_tob.wav,,,true,330
纯真学弟 2.0,温暖帅气的稚气学弟，赤诚热忱，待人真诚角色扮演,ICL_uranus_zh_male_chunzhenxuedi_tob,male,,zh,角色扮演,https://lf3-static.bytednsdoc.com/obj/eden-cn/lm_hz_ihsph/ljhwZthlaukjlkulzlp/portal/bigtts/avatar/%E7%BA%AF%E7%9C%9F%E5%AD%A6%E5%BC%9F.png,https://lf3-static.bytednsdoc.com/obj/eden-cn/lm_hz_ihsph/ljhwZthlaukjlkulzlp/portal/bigtts/audio/ICL_uranus_zh_male_chunzhenxuedi_tob.wav,,,true,331
清逸苏感 2.0,清润苏感的陪伴者，温柔松弛，能抚平所有疲惫。角色扮演,ICL_uranus_zh_male_qingyisugan_tob,male,,zh,角色扮演,https://lf3-static.bytednsdoc.com/obj/eden-cn/lm_hz_ihsph/ljhwZthlaukjlkulzlp/portal/bigtts/avatar/%E6%B8%85%E9%80%B8%E8%8B%8F%E6%84%9F%202.0.png,https://lf3-static.bytednsdoc.com/obj/eden-cn/lm_hz_ihsph/ljhwZthlaukjlkulzlp/portal/bigtts/audio/ICL_uranus_zh_male_qingyisugan_tob.wav,,,true,332
病弱公子 2.0,带少年感的病怏怏公子，沉稳温柔，自带易碎感角色扮演,ICL_uranus_zh_male_bingruogongzi_tob,male,,zh,角色扮演,https://lf3-static.bytednsdoc.com/obj/eden-cn/lm_hz_ihsph/ljhwZthlaukjlkulzlp/portal/bigtts/avatar/%E7%97%85%E5%BC%B1%E5%85%AC%E5%AD%90.png,https://lf3-static.bytednsdoc.com/obj/eden-cn/lm_hz_ihsph/ljhwZthlaukjlkulzlp/portal/bigtts/audio/ICL_uranus_zh_male_bingruogongzi_tob.wav,,,true,333
病娇哥哥 2.0,腹黑傲娇的病娇哥哥，偏执敏感，多疑又易碎角色扮演,ICL_uranus_zh_male_bingjiaogege_tob,male,,zh,角色扮演,https://lf3-static.bytednsdoc.com/obj/eden-cn/lm_hz_ihsph/ljhwZthlaukjlkulzlp/portal/bigtts/avatar/%E7%97%85%E5%A8%87%E5%93%A5%E5%93%A5.png,https://lf3-static.bytednsdoc.com/obj/eden-cn/lm_hz_ihsph/ljhwZthlaukjlkulzlp/portal/bigtts/audio/ICL_uranus_zh_male_bingjiaogege_tob.wav,,,true,334
病娇弟弟 2.0,腹黑残暴的绿茶弟弟，缺爱且占有欲极强角色扮演,ICL_uranus_zh_male_bingjiaodidi_tob,male,,zh,"角色扮演,S2S-SC",https://lf3-static.bytednsdoc.com/obj/eden-cn/lm_hz_ihsph/ljhwZthlaukjlkulzlp/portal/bigtts/avatar/%E7%97%85%E5%A8%87%E5%BC%9F%E5%BC%9F.png,https://lf3-static.bytednsdoc.com/obj/eden-cn/lm_hz_ihsph/ljhwZthlaukjlkulzlp/portal/bigtts/audio/ICL_uranus_zh_male_bingjiaodidi_tob.wav,,,true,335
傲慢少爷 2.0,残暴自私的傲慢青年，说话做事都比较强势角色扮演,ICL_uranus_zh_male_aomanshaoye_tob,male,,zh,"角色扮演,S2S-SC",https://lf3-static.bytednsdoc.com/obj/eden-cn/lm_hz_ihsph/ljhwZthlaukjlkulzlp/portal/bigtts/avatar/%E5%82%B2%E6%85%A2%E5%B0%91%E7%88%B7.png,https://lf3-static.bytednsdoc.com/obj/eden-cn/lm_hz_ihsph/ljhwZthlaukjlkulzlp/portal/bigtts/audio/ICL_uranus_zh_male_aomanshaoye_tob.wav,,,true,336
黯刃秦主 2.0,低沉帅气的林霸主，性格坚定深情，行事理性稳重。角色扮演,ICL_uranus_zh_male_anrenqinzhu_tob,male,,zh,角色扮演,https://lf3-static.bytednsdoc.com/obj/eden-cn/lm_hz_ihsph/ljhwZthlaukjlkulzlp/portal/bigtts/avatar/%E9%BB%AF%E5%88%83%E7%A7%A6%E4%B8%BB.png,https://lf3-static.bytednsdoc.com/obj/eden-cn/lm_hz_ihsph/ljhwZthlaukjlkulzlp/portal/bigtts/audio/ICL_uranus_zh_male_anrenqinzhu_tob.wav,,,true,337
性感御姐 2.0,性感御姐，魅惑优雅，成熟独立有魅力角色扮演,ICL_uranus_zh_female_xingganyujie_tob,female,,zh,"角色扮演,S2S-SC",https://lf3-static.bytednsdoc.com/obj/eden-cn/lm_hz_ihsph/ljhwZthlaukjlkulzlp/portal/bigtts/avatar/%E6%80%A7%E6%84%9F%E5%BE%A1%E5%A7%90.png,https://lf3-static.bytednsdoc.com/obj/eden-cn/lm_hz_ihsph/ljhwZthlaukjlkulzlp/portal/bigtts/audio/ICL_uranus_zh_female_xingganyujie_tob.wav,,,true,338
妩媚御姐 2.0,妩媚美人，风情万种超迷人，性格妩媚却谦和角色扮演,ICL_uranus_zh_female_wumeiyujie_tob,female,,zh,"角色扮演,S2S-SC",https://lf3-static.bytednsdoc.com/obj/eden-cn/lm_hz_ihsph/ljhwZthlaukjlkulzlp/portal/bigtts/avatar/%E5%A6%A9%E5%AA%9A%E5%BE%A1%E5%A7%90.png,https://lf3-static.bytednsdoc.com/obj/eden-cn/lm_hz_ihsph/ljhwZthlaukjlkulzlp/portal/bigtts/audio/ICL_uranus_zh_female_wumeiyujie_tob.wav,,,true,339
贴心女友 2.0,暖心温柔的明眸皓齿小姐姐，对人温柔体贴，心思细腻。角色扮演,ICL_uranus_zh_female_tiexinnvyou_tob,female,,zh,"角色扮演,S2S-SC",https://lf3-static.bytednsdoc.com/obj/eden-cn/lm_hz_ihsph/ljhwZthlaukjlkulzlp/portal/bigtts/avatar/%E8%B4%B4%E5%BF%83%E5%A5%B3%E5%8F%8B.png,https://lf3-static.bytednsdoc.com/obj/eden-cn/lm_hz_ihsph/ljhwZthlaukjlkulzlp/portal/bigtts/audio/ICL_uranus_zh_female_tiexinnvyou_tob.wav,,,true,340
清冷高雅 2.0,清冷高雅的隐士，淡泊疏离。角色扮演,ICL_uranus_zh_female_qinglenggaoya_tob,female,,zh,角色扮演,https://lf3-static.bytednsdoc.com/obj/eden-cn/lm_hz_ihsph/ljhwZthlaukjlkulzlp/portal/bigtts/avatar/%E6%B8%85%E5%86%B7%E9%AB%98%E9%9B%85%202.0.png,https://lf3-static.bytednsdoc.com/obj/eden-cn/lm_hz_ihsph/ljhwZthlaukjlkulzlp/portal/bigtts/audio/ICL_uranus_zh_female_qinglenggaoya_tob.wav,,,true,341
甜美娇俏 2.0,声线甜美娇俏的少女，灵动直率。角色扮演,ICL_uranus_zh_female_tianmeijiaoqiao_tob,female,,zh,角色扮演,https://lf3-static.bytednsdoc.com/obj/eden-cn/lm_hz_ihsph/ljhwZthlaukjlkulzlp/portal/bigtts/avatar/%E7%94%9C%E7%BE%8E%E5%A8%87%E4%BF%8F%202.0.png,https://lf3-static.bytednsdoc.com/obj/eden-cn/lm_hz_ihsph/ljhwZthlaukjlkulzlp/portal/bigtts/audio/ICL_uranus_zh_female_tianmeijiaoqiao_tob.wav,,,true,342
精灵向导 2.0,元气带夹子音的少女，性格甜美可爱，活泼又开朗。角色扮演,ICL_uranus_zh_female_jinglingxiangdao_tob,female,,zh,角色扮演,https://lf3-static.bytednsdoc.com/obj/eden-cn/lm_hz_ihsph/ljhwZthlaukjlkulzlp/portal/bigtts/avatar/%E7%B2%BE%E7%81%B5%E5%90%91%E5%AF%BC.png,https://lf3-static.bytednsdoc.com/obj/eden-cn/lm_hz_ihsph/ljhwZthlaukjlkulzlp/portal/bigtts/audio/ICL_uranus_zh_female_jinglingxiangdao_tob.wav,,,true,343
假小子 2.0,直率果敢的校园假小子，豪爽大胆超有范儿角色扮演,ICL_uranus_zh_female_jiaxiaozi_tob,female,,zh,角色扮演,https://lf3-static.bytednsdoc.com/obj/eden-cn/lm_hz_ihsph/ljhwZthlaukjlkulzlp/portal/bigtts/avatar/%E5%81%87%E5%B0%8F%E5%AD%90.png,https://lf3-static.bytednsdoc.com/obj/eden-cn/lm_hz_ihsph/ljhwZthlaukjlkulzlp/portal/bigtts/audio/ICL_uranus_zh_female_jiaxiaozi_tob.wav,,,true,344
娇弱萝莉 2.0,呆萌羞怯的小女孩，双马尾发型，娇小玲珑，懵懂胆小角色扮演,ICL_uranus_zh_female_jiaoruoluoli_tob,female,,zh,角色扮演,https://lf3-static.bytednsdoc.com/obj/eden-cn/lm_hz_ihsph/ljhwZthlaukjlkulzlp/portal/bigtts/avatar/%E5%A8%87%E5%BC%B1%E8%90%9D%E8%8E%89.png,https://lf3-static.bytednsdoc.com/obj/eden-cn/lm_hz_ihsph/ljhwZthlaukjlkulzlp/portal/bigtts/audio/ICL_uranus_zh_female_jiaoruoluoli_tob.wav,,,true,345
纯真少女 2.0,清冷稳重的纯真少女，自带治愈感，气质干净纯粹。角色扮演,ICL_uranus_zh_female_chunzhenshaonv_tob,female,,zh,角色扮演,https://lf3-static.bytednsdoc.com/obj/eden-cn/lm_hz_ihsph/ljhwZthlaukjlkulzlp/portal/bigtts/avatar/%E7%BA%AF%E7%9C%9F%E5%B0%91%E5%A5%B3.png,https://lf3-static.bytednsdoc.com/obj/eden-cn/lm_hz_ihsph/ljhwZthlaukjlkulzlp/portal/bigtts/audio/ICL_uranus_zh_female_chunzhenshaonv_tob.wav,,,true,346
成熟姐姐 2.0,御姐型女强人，知性干练又坚定，为人靠谱角色扮演,ICL_uranus_zh_female_chengshujiejie_tob,female,,zh,"角色扮演,S2S-SC",https://lf3-static.bytednsdoc.com/obj/eden-cn/lm_hz_ihsph/ljhwZthlaukjlkulzlp/portal/bigtts/avatar/%E6%88%90%E7%86%9F%E5%A7%90%E5%A7%90.png,https://lf3-static.bytednsdoc.com/obj/eden-cn/lm_hz_ihsph/ljhwZthlaukjlkulzlp/portal/bigtts/audio/ICL_uranus_zh_female_chengshujiejie_tob.wav,,,true,347
病娇姐姐 2.0,病弱的姐姐，懦弱深情，极具破碎感，让人心疼角色扮演,ICL_uranus_zh_female_bingjiaojiejie_tob,female,,zh,"角色扮演,S2S-SC",https://lf3-static.bytednsdoc.com/obj/eden-cn/lm_hz_ihsph/ljhwZthlaukjlkulzlp/portal/bigtts/avatar/%E7%97%85%E5%A8%87%E5%A7%90%E5%A7%90.png,https://lf3-static.bytednsdoc.com/obj/eden-cn/lm_hz_ihsph/ljhwZthlaukjlkulzlp/portal/bigtts/audio/ICL_uranus_zh_female_bingjiaojiejie_tob.wav,,,true,348
傲娇女友 2.0,傲娇小姐姐，敏感爱任性，高冷外表下藏柔软角色扮演,ICL_uranus_zh_female_aojiaonvyou_tob,female,,zh,"角色扮演,S2S-SC",https://lf3-static.bytednsdoc.com/obj/eden-cn/lm_hz_ihsph/ljhwZthlaukjlkulzlp/portal/bigtts/avatar/%E5%82%B2%E5%A8%87%E5%A5%B3%E5%8F%8B.png,https://lf3-static.bytednsdoc.com/obj/eden-cn/lm_hz_ihsph/ljhwZthlaukjlkulzlp/portal/bigtts/audio/ICL_uranus_zh_female_aojiaonvyou_tob.wav,,,true,349
炀炀 2.0,阳光爽朗的元气小哥，语气明快有活力，自带温暖感染力。,ICL_uranus_zh_male_yangyang_tob,male,,zh,通用场景,https://lf3-static.bytednsdoc.com/obj/eden-cn/lm_hz_ihsph/ljhwZthlaukjlkulzlp/portal/bigtts/avatar/%E7%82%80%E7%82%80%202.0.png,https://lf3-static.bytednsdoc.com/obj/eden-cn/lm_hz_ihsph/ljhwZthlaukjlkulzlp/portal/bigtts/audio/ICL_uranus_zh_male_yangyang_tob.wav,,,true,350
阳光洋洋 2.0,有少年气的新老师，性格赤诚热忱，做事用心,ICL_uranus_zh_male_yangguangyangyang_tob,male,,zh,客服场景,https://lf3-static.bytednsdoc.com/obj/eden-cn/lm_hz_ihsph/ljhwZthlaukjlkulzlp/portal/bigtts/avatar/%E9%98%B3%E5%85%89%E6%B4%8B%E6%B4%8B.png,https://lf3-static.bytednsdoc.com/obj/eden-cn/lm_hz_ihsph/ljhwZthlaukjlkulzlp/portal/bigtts/audio/ICL_uranus_zh_male_yangguangyangyang_tob.wav,,,true,351
爽朗小阳 2.0,理性爽朗的男生，超有责任感让人信赖,ICL_uranus_zh_male_shuanglangxiaoyang_tob,male,,zh,客服场景,https://lf3-static.bytednsdoc.com/obj/eden-cn/lm_hz_ihsph/ljhwZthlaukjlkulzlp/portal/bigtts/avatar/%E7%88%BD%E6%9C%97%E5%B0%8F%E9%98%B3.png,https://lf3-static.bytednsdoc.com/obj/eden-cn/lm_hz_ihsph/ljhwZthlaukjlkulzlp/portal/bigtts/audio/ICL_uranus_zh_male_shuanglangxiaoyang_tob.wav,,,true,352
机灵小伙 2.0,音色成熟磁性的腹黑青年，心思缜密，善于思考。,ICL_uranus_zh_male_jilingxiaohuo_tob,male,,zh,通用场景,https://lf3-static.bytednsdoc.com/obj/eden-cn/lm_hz_ihsph/ljhwZthlaukjlkulzlp/portal/bigtts/avatar/%E6%9C%BA%E7%81%B5%E5%B0%8F%E4%BC%99.png,https://lf3-static.bytednsdoc.com/obj/eden-cn/lm_hz_ihsph/ljhwZthlaukjlkulzlp/portal/bigtts/audio/ICL_uranus_zh_male_jilingxiaohuo_tob.wav,,,true,353
亲切小卓 2.0,帅气少年感的青年教师，性格负责细心,ICL_uranus_zh_male_qinqiexiaozhuo_tob,male,,zh,客服场景,https://lf3-static.bytednsdoc.com/obj/eden-cn/lm_hz_ihsph/ljhwZthlaukjlkulzlp/portal/bigtts/avatar/%E4%BA%B2%E5%88%87%E5%B0%8F%E5%8D%93.png,https://lf3-static.bytednsdoc.com/obj/eden-cn/lm_hz_ihsph/ljhwZthlaukjlkulzlp/portal/bigtts/audio/ICL_uranus_zh_male_qinqiexiaozhuo_tob.wav,,,true,354
清新波波 2.0,温柔少年音的年轻男生，贴心温暖还帅气,ICL_uranus_zh_male_qingxinbobo_tob,male,,zh,客服场景,https://lf3-static.bytednsdoc.com/obj/eden-cn/lm_hz_ihsph/ljhwZthlaukjlkulzlp/portal/bigtts/avatar/%E6%B8%85%E6%96%B0%E6%B3%A2%E6%B3%A2.png,https://lf3-static.bytednsdoc.com/obj/eden-cn/lm_hz_ihsph/ljhwZthlaukjlkulzlp/portal/bigtts/audio/ICL_uranus_zh_male_qingxinbobo_tob.wav,,,true,355
醋精男友 2.0,有少年感、气质干净的 “爱吃醋撒娇年下男”。角色扮演,ICL_uranus_zh_male_cujingnanyou_tob,male,,zh,"角色扮演,S2S-SC",https://lf3-static.bytednsdoc.com/obj/eden-cn/lm_hz_ihsph/ljhwZthlaukjlkulzlp/portal/bigtts/avatar/%E9%86%8B%E7%B2%BE%E7%94%B7%E5%8F%8B.png,https://lf3-static.bytednsdoc.com/obj/eden-cn/lm_hz_ihsph/ljhwZthlaukjlkulzlp/portal/bigtts/audio/ICL_uranus_zh_male_cujingnanyou_tob.wav,,,true,356
沉稳明仔 2.0,磁性低沉的中年男老师，博学多才且严厉,ICL_uranus_zh_male_chenwenmingzai_tob,male,,zh,客服场景,https://lf3-static.bytednsdoc.com/obj/eden-cn/lm_hz_ihsph/ljhwZthlaukjlkulzlp/portal/bigtts/avatar/%E6%B2%89%E7%A8%B3%E6%98%8E%E4%BB%94.png,https://lf3-static.bytednsdoc.com/obj/eden-cn/lm_hz_ihsph/ljhwZthlaukjlkulzlp/portal/bigtts/audio/ICL_uranus_zh_male_chenwenmingzai_tob.wav,,,true,357
霸道总裁 2.0,沉稳冷静的霸道总裁，性格魅惑成熟，气场强大。角色扮演,ICL_uranus_zh_male_badaozongcai_tob,male,,zh,角色扮演,https://lf3-static.bytednsdoc.com/obj/eden-cn/lm_hz_ihsph/ljhwZthlaukjlkulzlp/portal/bigtts/avatar/%E9%9C%B8%E9%81%93%E6%80%BB%E8%A3%81.png,https://lf3-static.bytednsdoc.com/obj/eden-cn/lm_hz_ihsph/ljhwZthlaukjlkulzlp/portal/bigtts/audio/ICL_uranus_zh_male_badaozongcai_tob.wav,,,true,358
初恋女友 2.0,元气明亮的女生，邻家妹妹般灵动甜美，惹人喜欢。,ICL_uranus_zh_female_chuliannvyou_tob,female,,zh,通用场景,https://lf3-static.bytednsdoc.com/obj/eden-cn/lm_hz_ihsph/ljhwZthlaukjlkulzlp/portal/bigtts/avatar/%E5%88%9D%E6%81%8B%E5%A5%B3%E5%8F%8B.png,https://lf3-static.bytednsdoc.com/obj/eden-cn/lm_hz_ihsph/ljhwZthlaukjlkulzlp/portal/bigtts/audio/ICL_uranus_zh_female_chuliannvyou_tob.wav,,,true,359
温柔白月光 2.0,成熟温柔的邻家大姐姐，平易近人，性格坦率真诚。,ICL_uranus_zh_female_wenroubaiyueguang_tob,female,,zh,通用场景,https://lf3-static.bytednsdoc.com/obj/eden-cn/lm_hz_ihsph/ljhwZthlaukjlkulzlp/portal/bigtts/avatar/%E6%B8%A9%E6%9F%94%E7%99%BD%E6%9C%88%E5%85%89.png,https://lf3-static.bytednsdoc.com/obj/eden-cn/lm_hz_ihsph/ljhwZthlaukjlkulzlp/portal/bigtts/audio/ICL_uranus_zh_female_wenroubaiyueguang_tob.wav,,,true,360
贴心妹妹 2.0,声线甜美有活力的妹妹，活泼开朗，笑容明媚。,ICL_uranus_zh_female_tiexinmeimei_tob,female,,zh,通用场景,https://lf3-static.bytednsdoc.com/obj/eden-cn/lm_hz_ihsph/ljhwZthlaukjlkulzlp/portal/bigtts/avatar/%E8%B4%B4%E5%BF%83%E5%A6%B9%E5%A6%B9.png,https://lf3-static.bytednsdoc.com/obj/eden-cn/lm_hz_ihsph/ljhwZthlaukjlkulzlp/portal/bigtts/audio/ICL_uranus_zh_female_tiexinmeimei_tob.wav,,,true,361
贴心闺蜜 2.0,温暖治愈的女生，是贴心的闺蜜，永远站在你身边。,ICL_uranus_zh_female_tiexinguimi_tob,female,,zh,通用场景,https://lf3-static.bytednsdoc.com/obj/eden-cn/lm_hz_ihsph/ljhwZthlaukjlkulzlp/portal/bigtts/avatar/%E8%B4%B4%E5%BF%83%E9%97%BA%E8%9C%9C.png,https://lf3-static.bytednsdoc.com/obj/eden-cn/lm_hz_ihsph/ljhwZthlaukjlkulzlp/portal/bigtts/audio/ICL_uranus_zh_female_tiexinguimi_tob.wav,,,true,362
秀丽倩倩 2.0,成熟稳重的温柔学姐，性格严谨亲切,ICL_uranus_zh_female_xiuliqianqian_tob,female,,zh,客服场景,https://lf3-static.bytednsdoc.com/obj/eden-cn/lm_hz_ihsph/ljhwZthlaukjlkulzlp/portal/bigtts/avatar/%E7%A7%80%E4%B8%BD%E5%80%A9%E5%80%A9.png,https://lf3-static.bytednsdoc.com/obj/eden-cn/lm_hz_ihsph/ljhwZthlaukjlkulzlp/portal/bigtts/audio/ICL_uranus_zh_female_xiuliqianqian_tob.wav,,,true,363
元气甜妹 2.0,可爱的元气甜妹，性格活泼，举动讨喜。,ICL_uranus_zh_female_yuanqitianmei_tob,female,,zh,通用场景,https://lf3-static.bytednsdoc.com/obj/eden-cn/lm_hz_ihsph/ljhwZthlaukjlkulzlp/portal/bigtts/avatar/%E5%85%83%E6%B0%94%E7%94%9C%E5%A6%B9.png,https://lf3-static.bytednsdoc.com/obj/eden-cn/lm_hz_ihsph/ljhwZthlaukjlkulzlp/portal/bigtts/audio/ICL_uranus_zh_female_yuanqitianmei_tob.wav,,,true,364
知心姐姐 2.0,优雅的知心姐姐，温柔治愈、善解人意。,ICL_uranus_zh_female_zhixinjiejie_tob,female,,zh,通用场景,https://lf3-static.bytednsdoc.com/obj/eden-cn/lm_hz_ihsph/ljhwZthlaukjlkulzlp/portal/bigtts/avatar/%E7%9F%A5%E5%BF%83%E5%A7%90%E5%A7%90.png,https://lf3-static.bytednsdoc.com/obj/eden-cn/lm_hz_ihsph/ljhwZthlaukjlkulzlp/portal/bigtts/audio/ICL_uranus_zh_female_zhixinjiejie_tob.wav,,,true,365
软萌团子 2.0,负责任的教师，做事认真，对学生有耐心,ICL_uranus_zh_female_ruanmengtuanzi_tob,female,,zh,客服场景,https://lf3-static.bytednsdoc.com/obj/eden-cn/lm_hz_ihsph/ljhwZthlaukjlkulzlp/portal/bigtts/avatar/%E8%BD%AF%E8%90%8C%E5%9B%A2%E5%AD%90.png,https://lf3-static.bytednsdoc.com/obj/eden-cn/lm_hz_ihsph/ljhwZthlaukjlkulzlp/portal/bigtts/audio/ICL_uranus_zh_female_ruanmengtuanzi_tob.wav,,,true,366
软萌糖糖 2.0,的无私奉献的青年教师，甜美清新，充满热情,ICL_uranus_zh_female_ruanmengtangtang_tob,female,,zh,客服场景,https://lf3-static.bytednsdoc.com/obj/eden-cn/lm_hz_ihsph/ljhwZthlaukjlkulzlp/portal/bigtts/avatar/%E8%BD%AF%E8%90%8C%E7%B3%96%E7%B3%96.png,https://lf3-static.bytednsdoc.com/obj/eden-cn/lm_hz_ihsph/ljhwZthlaukjlkulzlp/portal/bigtts/audio/ICL_uranus_zh_female_ruanmengtangtang_tob.wav,,,true,367
清晰小雪 2.0,性格细致理性又耐心女生，做事沉稳可靠,ICL_uranus_zh_female_qingxixiaoxue_tob,female,,zh,客服场景,https://lf3-static.bytednsdoc.com/obj/eden-cn/lm_hz_ihsph/ljhwZthlaukjlkulzlp/portal/bigtts/avatar/%E6%B8%85%E6%99%B0%E5%B0%8F%E9%9B%AA.png,https://lf3-static.bytednsdoc.com/obj/eden-cn/lm_hz_ihsph/ljhwZthlaukjlkulzlp/portal/bigtts/audio/ICL_uranus_zh_female_qingxixiaoxue_tob.wav,,,true,368
清甜桃桃 2.0,给人温暖的甜美女生，心思细腻温柔,ICL_uranus_zh_female_qingtiantaotao_tob,female,,zh,客服场景,https://lf3-static.bytednsdoc.com/obj/eden-cn/lm_hz_ihsph/ljhwZthlaukjlkulzlp/portal/bigtts/avatar/%E6%B8%85%E7%94%9C%E6%A1%83%E6%A1%83.png,https://lf3-static.bytednsdoc.com/obj/eden-cn/lm_hz_ihsph/ljhwZthlaukjlkulzlp/portal/bigtts/audio/ICL_uranus_zh_female_qingtiantaotao_tob.wav,,,true,369
清甜莓莓 2.0,明亮阳光的女生，性格理性自信，开朗大方,ICL_uranus_zh_female_qingtianmeimei_tob,female,,zh,客服场景,https://lf3-static.bytednsdoc.com/obj/eden-cn/lm_hz_ihsph/ljhwZthlaukjlkulzlp/portal/bigtts/avatar/%E6%B8%85%E7%94%9C%E8%8E%93%E8%8E%93.png,https://lf3-static.bytednsdoc.com/obj/eden-cn/lm_hz_ihsph/ljhwZthlaukjlkulzlp/portal/bigtts/audio/ICL_uranus_zh_female_qingtianmeimei_tob.wav,,,true,370
暖心茜茜 2.0,开朗的女生，贴心优雅，温暖治愈受欢迎,ICL_uranus_zh_female_nuanxinqianqian_tob,female,,zh,客服场景,https://lf3-static.bytednsdoc.com/obj/eden-cn/lm_hz_ihsph/ljhwZthlaukjlkulzlp/portal/bigtts/avatar/%E6%9A%96%E5%BF%83%E8%8C%9C%E8%8C%9C.png,https://lf3-static.bytednsdoc.com/obj/eden-cn/lm_hz_ihsph/ljhwZthlaukjlkulzlp/portal/bigtts/audio/ICL_uranus_zh_female_nuanxinqianqian_tob.wav,,,true,371
理性圆子 2.0,清冷干脆的直爽女生，性格果断理性,ICL_uranus_zh_female_lixingyuanzi_tob,female,,zh,客服场景,https://lf3-static.bytednsdoc.com/obj/eden-cn/lm_hz_ihsph/ljhwZthlaukjlkulzlp/portal/bigtts/avatar/%E7%90%86%E6%80%A7%E5%9C%86%E5%AD%90.png,https://lf3-static.bytednsdoc.com/obj/eden-cn/lm_hz_ihsph/ljhwZthlaukjlkulzlp/portal/bigtts/audio/ICL_uranus_zh_female_lixingyuanzi_tob.wav,,,true,372
灵动欣欣 2.0,稚气干净的女教师，性格内敛温暖，总能传递正能量,ICL_uranus_zh_female_lingdongxinxin_tob,female,,zh,客服场景,https://lf3-static.bytednsdoc.com/obj/eden-cn/lm_hz_ihsph/ljhwZthlaukjlkulzlp/portal/bigtts/avatar/%E7%81%B5%E5%8A%A8%E6%AC%A3%E6%AC%A3.png,https://lf3-static.bytednsdoc.com/obj/eden-cn/lm_hz_ihsph/ljhwZthlaukjlkulzlp/portal/bigtts/audio/ICL_uranus_zh_female_lingdongxinxin_tob.wav,,,true,373
开心小鸿 2.0,明亮干净的博学良师，教学沉稳扎实,ICL_uranus_zh_female_kaixinxiaohong_tob,female,,zh,客服场景,https://lf3-static.bytednsdoc.com/obj/eden-cn/lm_hz_ihsph/ljhwZthlaukjlkulzlp/portal/bigtts/avatar/%E5%BC%80%E5%BF%83%E5%B0%8F%E9%B8%BF.png,https://lf3-static.bytednsdoc.com/obj/eden-cn/lm_hz_ihsph/ljhwZthlaukjlkulzlp/portal/bigtts/audio/ICL_uranus_zh_female_kaixinxiaohong_tob.wav,,,true,374
开朗婷婷 2.0,阳光温暖的女生，大方开朗又自信,ICL_uranus_zh_female_kailangtingting_tob,female,,zh,客服场景,https://lf3-static.bytednsdoc.com/obj/eden-cn/lm_hz_ihsph/ljhwZthlaukjlkulzlp/portal/bigtts/avatar/%E5%BC%80%E6%9C%97%E5%A9%B7%E5%A9%B7.png,https://lf3-static.bytednsdoc.com/obj/eden-cn/lm_hz_ihsph/ljhwZthlaukjlkulzlp/portal/bigtts/audio/ICL_uranus_zh_female_kailangtingting_tob.wav,,,true,375
乖巧可儿 2.0,低沉贴心的班主任，温柔睿智又理性,ICL_uranus_zh_female_guaiqiaokeer_tob,female,,zh,客服场景,https://lf3-static.bytednsdoc.com/obj/eden-cn/lm_hz_ihsph/ljhwZthlaukjlkulzlp/portal/bigtts/avatar/%E4%B9%96%E5%B7%A7%E5%8F%AF%E5%84%BF.png,https://lf3-static.bytednsdoc.com/obj/eden-cn/lm_hz_ihsph/ljhwZthlaukjlkulzlp/portal/bigtts/audio/ICL_uranus_zh_female_guaiqiaokeer_tob.wav,,,true,376
纯澈女生 2.0,声线温柔成熟的女生，性格治愈，待人温和又亲切。,ICL_uranus_zh_female_chunchenvsheng_tob,female,,zh,通用场景,https://lf3-static.bytednsdoc.com/obj/eden-cn/lm_hz_ihsph/ljhwZthlaukjlkulzlp/portal/bigtts/avatar/%E7%BA%AF%E6%BE%88%E5%A5%B3%E7%94%9F.png,https://lf3-static.bytednsdoc.com/obj/eden-cn/lm_hz_ihsph/ljhwZthlaukjlkulzlp/portal/bigtts/audio/ICL_uranus_zh_female_chunchenvsheng_tob.wav,,,true,377
